:1000000000800020BD010000D1E300008DE300006E
:100010008DE300008DE300008DE300008DE3000020
:100020008DE300008DE300008DE30000D1E30000CC
:10003000D1E300008DE30000BDD70000C1D7000070
:10004000D1E30000D1E30000D1E30000D1E30000E0
:10005000D1E30000D1E30000D1E30000D1E30000D0
:10006000D1E30000D1E30000D1E30000D1E30000C0
:10007000D1E30000D1E30000D1E30000D1E30000B0
:10008000D1E30000D1E30000D1E30000D1E30000A0
:10009000D1E30000D1E30000D1E30000D1E3000090
:1000A00095B20000A1B20000D1E30000D1E300004E
:1000B000D1E30000D1E30000D1E30000D1E3000070
:1000C000D1E30000D1E30000D1E30000D1E3000060
:1000D000D1E30000D1E30000D1E30000D1E3000050
:1000E000D1E30000D1E30000D1E30000D1E3000040
:1000F000D1E30000D1E30000D1E3000095F300005C
:10010000D1E30000DDFA0000D1E30000D1E30000FC
:10011000D1E30000D1E30000D1E30000D1E300000F
:10012000D1E30000D1E30000D1E30000D1E30000FF
:10013000D1E30000D1E30000D1E30000D1E30000EF
:10014000D1E30000D1E30000D1E30000D1E30000DF
:1001500059DC000075DC000091DC0000ADDC000023
:10016000D1E3000059FE0000D1E30000D1E300001C
:10017000D1E30000D1E30000D1E30000D1E30000AF
:10018000D1E30000D1E30000D1E30000D1E300009F
:10019000D1E30000D1E30000D1E30000D1E300008F
:1001A000D1E30000D1E30000D1E30000D1E300007F
:1001B000D1E30000D1E30000D1E30000574B4CF243
:1001C000205210B5DA814DF62812DA8100BF00BF47
:1001D0000EF002F9524B4FF010621A63514A9A63C3
:1001E000514ADA63514A136913F4807303D153619E
:1001F0004FF4A85313614E4B9A78110703D59A78A0
:1002000042F008029A704B4B4B482A221A704B4B13
:10021000DA1C121AC11E22F00302994288BF002282
:1002200047490DF0DFFF474B4748DA1C121AC11E41
:1002300022F00302994288BF0022002112F04EF8FA
:10024000424943484FF4DE720DF0CCFF414B424A25
:10025000802103F8011B9342FBD14FF0E0233C4A7D
:10026000C3F8082D3D4B8A221A70A3F5805324222F
:100270005A70A0221A709A799207FCD59A79D406FE
:10028000FCD4374B9A7902F00C02082AFAD10322E7
:100290001A7140225A719A799006FCD5304A9379A6
:1002A0005906FCD51E4B2F4959640221996420211F
:1002B0001170917901F00C010C29FAD12A4A5A6087
:1002C0004FF0E023294A5A6100229A6107221A61FD
:1002D000274AC3F8202D62B60EF0DAF9134B5B699A
:1002E000DA0705D523480EF0C7F9234B234ADA6114
:1002F000234B1B785B0609D51F4C204BE2699A42C1
:1003000004D11C480EF0B8F90023E3610EF06AF83E
:1003100012F0C6F80DF05EFFFEE700BF00200540BA
:1003200000800440823F04000100002B00D0034005
:1003300000D0074000E00740308CFF1F4098FF1FAF
:10034000605E01008CA3FF1F4098FF1F00000000AB
:100350000082FF1F00E400E05FE400E00050064080
:100360000040064000000301C0100500FF760100B8
:10037000000020201914CE6700E00340A5C3945A62
:1003800000F00740FFFFFFFFFFFFFFFFFFFFFFFF42
:10039000FFFFFFFFFFFFFFFFFFFFFFFFFFFFFFFF6D
:1003A000FFFFFFFFFFFFFFFFFFFFFFFFFFFFFFFF5D
:1003B000FFFFFFFFFFFFFFFFFFFFFFFFFFFFFFFF4D
:1003C000FFFFFFFFFFFFFFFFFFFFFFFFFFFFFFFF3D
:1003D000FFFFFFFFFFFFFFFFFFFFFFFFFFFFFFFF2D
:1003E000FFFFFFFFFFFFFFFFFFFFFFFFFFFFFFFF1D
:1003F000FFFFFFFFFFFFFFFFFFFFFFFFFFFFFFFF0D
:10040000FFFFFFFFFFFFFFFFFFFFFFFFDEF9FFFF23
:100410000548064B1B1AD90F01EBA301491002D066
:10042000034B03B1184770474098FF1F4098FF1FC8
:100430000000000008B5054B1BB105490548AFF3A6
:100440000080BDE80840FFF7E3BF00BF00000000E8
:100450004098FF1F585E010038B5044608462070DA
:100460000A4910461D4610F0E7FF01464FF07E5046
:1004700011F096F8064910F0DFFFE5606060256135
:1004800065610EF051FBE061204638BDDB0FC940CD
:100490000024744938B50446084620700A491046BD
:1004A0001D4610F0C9FF01464FF07E5011F078F85C
:1004B000064910F0C1FFE5606060256165610EF0DE
:1004C00033FBE06138BD00BFDB0FC9400024744935
:1004D000037810B50446032B21D8DFE803F0191E7A
:1004E0001102C168406910F09DFE0E490346606824
:1004F0001C4611F055F80146204611F051F810BD88
:100500000849406811F04CF8E16810F095FF10BD03
:10051000C168406910F086FE10BDC06810BD0020A3
:1005200010BD00BF00247449F8B504460E460EF015
:10053000FBFAE3690546C01A10F02AFFE768A061DC
:100540000146E56160686661276111F029F801469E
:10055000A0600E4811F024F810F0E2FC05460146B8
:100560004FF07E5010F05EFE314610F065FF2946D8
:100570000646384610F060FF0146304610F054FE43
:10058000E0602046BDE8F840FFF7A2BF000080BF52
:10059000036818470B680360704700BF0B6803606F
:1005A000704700BF704700BF10B504460DF008FB50
:1005B000204610BDF8B5044606981D460F46561A4B
:1005C00011F000F9401BF6B1A4EB070C002800FB6A
:1005D0000CFC06EBD6730ADB0CEB630C0CFB06F38E
:1005E000002B9CFBF6FC0CEB050011DBF8BDACEB23
:1005F000630C0CFB06F3002B9CFBF6FC0CEB0500DC
:10060000F4DB0130F8BD00EBD07005EB6000F8BD05
:100610000138F8BDBDF800C0521AACEB030C1CD079
:10062000401ABCF1000F0CFB00F002EBD27109DBA9
:1006300000EB610000FB02F1002990FBF2F018448E
:1006400010DB7047A0EB610000FB02F1002990FB7A
:10065000F2F01844F5DB013070470CEBDC7C03EB67
:100660006C00704701387047DDF800C0521AACEBDF
:10067000030C1CD0401ABCF1000F0CFB00F002EB85
:10068000D27109DB00EB610000FB02F1002990FB55
:10069000F2F0184410DB7047A0EB610000FB02F1A0
:1006A000002990FBF2F01844F5DB013070470CEBA9
:1006B000DC7C03EB6C0070470138704708B50E20F6
:1006C0000DF082FC1B4B1B88012B2BD01A4B1A8878
:1006D00082421ADC40F6FF739842A8BF1846C2F562
:1006E0007F630F33BBB1811AC1EB013103EBD372CE
:1006F00001EB620101FB03F2002A91FBF3F117DB2E
:10070000BDE8084028200EF015B8C2F57F630F330E
:100710001046002BE7D1BDE8084040F2FF712820C9
:100720000EF008B80146BDE8084014200EF002B8EB
:100730000139E5E7CC99FF1F8E99FF1F38B50B886B
:10074000182B0D46044607D1294B1B7805EB4305B2
:100750006B88182B14D138BD0344A3F118007F28EF
:1007600023DD244A973BA2FB0312D20802EB42028C
:10077000A3EB820303F17300C0B208F03DFAE3E794
:100780001C44A4F118007F281EDD1A4B973CA3FBE4
:100790000423DB0803EB4303A4EB830404F173009D
:1007A000BDE83840C0B208F027BA0028E4DA114AA0
:1007B000C3F11803A2FB0312D20802EB4202A3EB1F
:1007C0008203C3F10C00D7E70028E9DA094BC4F132
:1007D0001804A3FB0423DB0803EB4303A4EB83040B
:1007E000C4F10C00C0B2BDE8384008F005BA00BF43
:1007F000478DFF1FABAAAAAA38B50C46054634F8A8
:10080000023B182B1DD134480378013303F0030257
:100810000270134634F81220182A28D14FF0040C25
:10082000591C032BCAB215BF1346224604EB4202E1
:10083000002303701288182A19D1BCF1010CEFD1E2
:1008400038BD0344A3F118007F2827DD234A973BD6
:10085000A2FB0312D20802EB4202A3EB820303F1D4
:1008600073001F4BC0B2197808F088F9CBE7154424
:10087000A5F118007F2820DD184B973DA3FB052329
:10088000DB0803EB4303A5EB830505F17300144B71
:10089000C0B21978BDE8384008F070B90028E0DA35
:1008A0000E4AC3F11803A2FB0312D20802EB420264
:1008B000A3EB8203C3F10C00D3E70028E7DA074B70
:1008C000C5F11805A3FB0523DB0803EB4303A5EBE8
:1008D0008305C5F10C00DAE7478DFF1FABAAAAAA72
:1008E0003A9BFF1FF8B5724B724C1B88C31A054622
:1008F00084FB0304D817C0EB640000EB4000A3EBBB
:10090000800303EB4303980001EB83040858284459
:10091000AAB17F285CDD684B7F38A3FB0023DB088E
:1009200003EB4303A0EB83007330644F644E3978CC
:10093000C0B208F023F93388022B57D8F8BD7F28BE
:1009400038DD5D4B7F38A3FB0023DB0803EB43035B
:10095000A0EB830073305A4EC0B208F04DF93388D3
:10096000022BEBD9606828447F2840F39280524BD9
:100970007F38A3FB0023DB0803EB4303A0EB8300DA
:100980007330C0B208F038F93388032BD6D9A06889
:1009900028447F286FDD484B7F38A3FB0023DB080A
:1009A00003EB4303A0EB83007330BDE8F840C0B213
:1009B00008F022B90028CEDA3F4B4042A3FB0023C7
:1009C000DB0803EB4303A0EB8300C0F10C00C2E79C
:1009D0000028AADA384B4042A3FB0023DB0803EBD4
:1009E0004303A0EB8300C0F10C009EE7606828443D
:1009F0007F2832DD304B7F38A3FB0023DB0803EB7D
:100A00004303A0EB830073303978C0B208F0B6F826
:100A10003388032B92D9A06828447F280FDD264B0A
:100A20007F38A3FB0023DB0803EB4303A0EB830029
:100A300073303978C0B2BDE8F84008F09FB800289C
:100A4000F7DA1D4B4042A3FB0023DB0803EB430313
:100A5000A0EB8300C0F10C00EBE70028D4DA164BC2
:100A60004042A3FB0023DB0803EB4303A0EB83001E
:100A7000C0F10C00C8E7002897DA0F4B4042A3FBF7
:100A80000023DB0803EB4303A0EB8300C0F10C0061
:100A90008BE70028BFF675AF074B4042A3FB00234E
:100AA000DB0803EB4303A0EB8300C0F10C0068E715
:100AB0003C9AFF1FABAAAA2AABAAAAAA3A9BFF1F7D
:100AC0003E9AFF1F08B51A4B1B7833B315200DF063
:100AD0007BFA184B184A1B781060DBB1174B1B8848
:100AE00083421EDC164A1288D11A1ED08242D4BF1D
:100AF000C3EB0203C3EB0003A3EB830301EBD1724F
:100B0000A3EB620303FB01F2002A93FBF1F3B4BFF2
:100B1000043305330B4A136008BD11200FF0A2F80F
:100B2000D7E7084A0023136008BD0323F2E700BF9C
:100B30004C99FF1F1C9AFF1F5099FF1FDE9AFF1F41
:100B4000DC9AFF1F209AFF1F2DE9F843964B1B8864
:100B5000013B0446092B3CD8DFE803F00A10161CC1
:100B600022282E3D4205BDE8F8439049FFF744BED8
:100B7000BDE8F8438E490122FFF7B4BEBDE8F84353
:100B80008C490122FFF7AEBEBDE8F8438A49012235
:100B9000FFF7A8BEBDE8F84388490122FFF7A2BECF
:100BA000BDE8F84386490122FFF79CBEBDE8F84343
:100BB00084490122FFF796BE834A844B1288198824
:100BC000551891B1824B1B8803339A420DDC022DDC
:100BD00048DCBDE8F883BDE8F8437E49FFF70CBE6A
:100BE000BDE8F8437C49FFF707BE7C4B7C4F1B8870
:100BF0007C4EE31A87FB03277B4AD8171288C0EB89
:100C0000670000EB4000A3EB800302EBC20212017D
:100C100003EB430302EB8303A1EB8101F058204473
:100C200000EB81007F2812DC00280ADA6F4B40427B
:100C3000A3FB0023DB0803EB4303A0EB8300C0F11D
:100C40000C006B4BC0B2197807F098FFBFE7674BF9
:100C50007F38A3FB0023DB0803EB4303A0EB8300F7
:100C60007330EEE7DFF874915D49B9F80030DFF8D2
:100C700078815C4EE31A81FB0321DA17C2EB610233
:100C800002EB4202A3EB820303EB4302B8F800300D
:100C900003EBC3031B0103EB820333445868204476
:100CA0007F2856DD514B7F38A3FB0023DB0803EB85
:100CB0004303A0EB830073304D4FC0B2397807F087
:100CC0005DFF032D85D0B9F800304548B8F8002005
:100CD000E31A80FB0310D917C1EB600101EB41015E
:100CE00002EBC202A3EB8103120103EB430302EB0D
:100CF00083031E44B06820447F2838DD3B4B7F3897
:100D0000A3FB0023DB0803EB4303A0EB830073305A
:100D10003978C0B207F032FF042D3FF45AAF2C4BA4
:100D20001B88012B7FF455AFA4F10C037F2B2CDD26
:100D30002E4AA4F18B03A2FB0312D20802EB42025B
:100D4000A3EB820373333978D8B2BDE8F84307F0D8
:100D500015BF0028B0DA254B4042A3FB0023DB0877
:100D600003EB4303A0EB8300C0F10C00A4E70028D1
:100D7000CEDA1E4B4042A3FB0023DB0803EB430308
:100D8000A0EB8300C0F10C00C2E7002BDBDA174AAE
:100D9000C4F10C03A2FB0312D20802EB4202A3EB44
:100DA0008203C3F10C03CEE7D49AFF1F109BFF1FF1
:100DB000A02A0100102A010068290100C0330100A7
:100DC00030330100503401003E9AFF1F069AFF1F86
:100DD000089AFF1FF89AFF1F049BFF1F3C9AFF1FF2
:100DE000ABAAAA2AC83001000A9AFF1FABAAAAAA76
:100DF0003A9BFF1F2DE9F843974B1B88013B0446A4
:100E0000092B3CD8DFE803F00A10161C22282E3DDF
:100E10004205BDE8F8439149FFF790BCBDE8F843AF
:100E20008F490022FFF75EBDBDE8F8438D490022DF
:100E3000FFF758BDBDE8F8438B490022FFF752BDCC
:100E4000BDE8F84389490022FFF74CBDBDE8F843EF
:100E500087490022FFF746BDBDE8F84385490022D7
:100E6000FFF740BD844D854E2B88A3B1844932885D
:100E7000098803318A420EDC1344022B48DCBDE8AA
:100E8000F883BDE8F8437F49FFF758BCBDE8F84355
:100E90007D49FFF753BC7D4A7D4912887D4FA21AD8
:100EA00081FB021C7C49D0170988C0EB6C0000EB69
:100EB0004000A2EB800201EBC101090102EB4202FA
:100EC00001EB8202A3EB8303B858204400EB8300BC
:100ED0007F2812DC00280ADA704B4042A3FB002373
:100EE000DB0803EB4303A0EB8300C0F10C00C0B2AE
:100EF00007F082FE32882B88BEE7684B7F38A3FB61
:100F00000023DB0803EB4303A0EB83007330EEE721
:100F1000DFF878915E49B9F80030DFF87C815D4FE9
:100F2000E31A81FB0321DA17C2EB610202EB4202F2
:100F3000A3EB820303EB4302B8F8003003EBC303D7
:100F40001B0103EB82033B44586820447F2858DD93
:100F5000524B7F38A3FB0023DB0803EB4303A0EBDA
:100F600083007330C0B207F047FE33882A881344E9
:100F7000032B84DDB9F800304548B8F80020E31AA7
:100F800080FB0310D917C1EB600101EB410102EBBB
:100F9000C202A3EB8103120103EB430302EB8303C1
:100FA0001F44B86820447F2839DD3C4B7F38A3FBC1
:100FB0000023DB0803EB4303A0EB83007330C0B2D4
:100FC00007F01AFE33882A881344042B7FF757AFA3
:100FD0002B4B1B88012B7FF452AFA4F10C037F2B0A
:100FE0002BDD2E4AA4F18B03A2FB0312D20802EBE5
:100FF0004202A3EB82037333D8B2BDE8F84307F093
:10100000FBBD0028AEDA254B4042A3FB0023DB08E2
:1010100003EB4303A0EB8300C0F10C00A2E7002820
:10102000CDDA1E4B4042A3FB0023DB0803EB430356
:10103000A0EB8300C0F10C00C1E7002BDCDA174AFB
:10104000C4F10C03A2FB0312D20802EB4202A3EB91
:101050008203C3F10C03CFE7D49AFF1F109BFF1F3D
:10106000A02A0100102A010068290100C0330100F4
:101070003033010050340100069AFF1F3E9AFF1FD3
:10108000089AFF1FF89AFF1F049BFF1F3C9AFF1F3F
:10109000ABAAAA2AC83001000A9AFF1FABAAAAAAC3
:1010A00010B50C8884422DD203F10043013B31F886
:1010B0001340844223D9B1F802C0844538BF0123CC
:1010C00024D20133DBB29E4631F813C060454FEAAB
:1010D0004304F6D8604517D00EF1004E0EF1FF3EE6
:1010E000135B31F81E1032F81E20401A9B1A03FBC6
:1010F00000F0ACEB010C90FBFCF0104410BD32F89A
:10110000130010BD108810BD105B10BD02244FF0FD
:10111000010EDFE7204B1B880C2B30D81F4982B211
:1011200030B551F8235042B343F6FE739A4227D8A4
:10113000B2F5806F29D31A4C01230133DBB2194673
:1011400034F813E072454FEA430CF6D8724519D0D3
:1011500001F100410139124B35F8114033F81130DB
:1011600035F80C2080B2C01A121B00FB02F2AEEB65
:10117000030392FBF3F3181930BD288830BD704784
:10118000288C30BD35F80C0030BD40F2FF3E4FF0EA
:10119000020C0121DAE700BFAC99FF1F0435010002
:1011A000E03401002DE9F0435C4B83B0186810F087
:1011B000EFF85B4B0446188810F0E6F8014620462D
:1011C00010F03AF9574910F0EBF910F0FBFA564BD2
:1011D0001A88002A73D04042544B55491B680C882A
:1011E000544A9C42168825465CDCB342A8BF33466D
:1011F0001844A0425ADA504B1C60B542A8BF35468D
:10120000331B6BD0281B03EBD372C0EB803000EB99
:10121000620000FB03F2002A90FBF3F07BDBFFF798
:1012200079FF464B1F88464BC0F3C61909FB07F7E9
:101230001B887F2F8046A8BF7F273BB10093324693
:10124000002321462846FFF7E5F903463D4A3E4C78
:10125000136023684B4509D03C4B1B88002B4DD1B4
:101260003B4B1B88002B45D1C4F80090394C2368B8
:10127000434506D0354B1B885A1F032A31D9C4F881
:101280000080354C23689F4209D0344B188828B120
:101290002E4B334A1B88D35C834237D1276003B07F
:1012A000BDE8F08323461844A042A4DBB042A8BFA7
:1012B0003046214BA0421860A2DB05469DE7294B32
:1012C0001B68032B88D0194B19481B6804881949DF
:1012D000A3420E88254617DA2046E7E741F6FF705D
:1012E0009DE71F4AD05C203008F07F01C0B207F0B4
:1012F00007FCC4E7484607F0B7FCB5E7184A49467B
:10130000D05C07F0FDFBABE710466EE7F9B2C0B268
:1013100007F0F6FBC2E7013881E700BF449BFF1FDF
:10132000BC8DFF1F000020423C9BFF1FE49AFF1F63
:101330008E99FF1F8C99FF1F8899FF1F6299FF1FCD
:101340005699FF1F5899FF1F909AFF1F5E99FF1F24
:101350005C99FF1F989AFF1F949AFF1F6099FF1FC7
:101360003C8DFF1F809AFF1F2DE9F04F17208DB095
:101370000EF078FCAB4A0346162013600EF072FCA8
:10138000A94BAA4A1B8810600C2B00F08B80A84A3E
:1013900000211F2B117040F08C80A64BA6491B78B2
:1013A000A648A74A0891003B18BF012303700B8889
:1013B000069052F82380A34BA3491A88A34BA44854
:1013C0001B880988013A013B30F912200992A14A91
:1013D000072932F9134000F243826FF0D2030B4128
:1013E000DB0700F13D829C4B1B78002B00F07182E3
:1013F00015200CF0E9FD0546984B04931E68AE429B
:1014000040F33B82964B974A1B88DFF85C92079229
:10141000012B964B1F8813684046A3EB040400F091
:101420000C830FF0B5FF59F8271010F005F80146AE
:1014300000200FF0F7FEA5428D4F00904FF0000303
:1014400028463146B8BF20462246FFF7B3F83B682E
:10145000184400EBD070874B059340103860864BE2
:101460001B88072B07D86FF0D20A4AFA03FA1AF042
:10147000010A00F08F81DFF80492814BD7F800A0B9
:10148000D9F80040DFF8FCB1039300267E4B1B889F
:10149000013B032B00F22C83DFE813F058013401E9
:1014A00010011700634B1B78002B40F04B82604A01
:1014B0001370624B604A06931946002308920B7022
:1014C00012885F4B53F8228075E720460FF060FFCB
:1014D0006E490FF0B1FF044630460FF059FF6C49DA
:1014E0000FF0AAFF014620460FF09EFE10F06AF9A9
:1014F000079EC9F80000044630680FF049FF6349B1
:101500000FF09AFF034628461D460FF041FF604941
:101510000FF092FF014628460FF086FE10F052F9B8
:101520003060404B5B4D19685B4B2D881A885B4BD4
:101530005B4E1B88DDF80CC03688A71A2244049C39
:10154000CBF80020C21A2260059ACCF80070034440
:101550008D42136000F38F818E423046A8BF08464B
:10156000324B1B689D4200F384819E423446A8BFE3
:101570001C468D42C0F257819D42C0F25481494DB4
:1015800028680FF005FF41490FF056FF46490FF05C
:101590004BFE10F017F9A0F5FF531C3B082B2860F9
:1015A00001D84FF4005043F6FF768244B2455046CE
:1015B000A8BF304620EAE07028600FF0E9FE069BE5
:1015C0000546187808FB00F00FF0E2FE4FF07A5164
:1015D0000FF032FF014628460FF024FE10F0F2F81B
:1015E000324B334D1B78B042A8BF304620EAE07042
:1015F0002860002B00F00C81BAF5005F00F0088134
:1016000004F0B6FA2B4B286801221A702A4C236882
:10161000834204D080B207F059FB2B6823600DB0E1
:10162000BDE8F08FC09AFF1FC89AFF1FBC9AFF1F2A
:10163000309AFF1FC69AFF1F6298FF1FEB9AFF1F89
:10164000548DFF1FC08DFF1F4A99FF1FC28DFF1FC2
:10165000F8290100482C01004C99FF1F4C9BFF1FEB
:10166000409BFF1F5C9BFF1F08330100609BFF1F17
:10167000449BFF1F509BFF1F649AFF1F589BFF1F37
:10168000489BFF1F549BFF1FBE8DFF1F9A99193F58
:10169000CDCCCC3ECC9AFF1FC48DFF1FC68DFF1F43
:1016A000CA9AFF1F8C8DFF1FCDCC4C45209CFF1F7D
:1016B000888DFF1F429BFF1F508DFF1F20460FF09C
:1016C00067FEB6490FF0B8FE044630460FF060FEE4
:1016D000B3490FF0B1FE014620460FF0A5FD10F012
:1016E00071F8079EC9F80000044630680FF050FEFC
:1016F000AA490FF0A1FE034628461D460FF048FEFA
:10170000A74905E720460FF043FEA6490FF094FED7
:10171000044630460FF03CFEA3490FF08DFE014613
:1017200020460FF081FD10F04DF8079EC9F800002B
:10173000044630680FF02CFE9A490FF07DFE0346F8
:1017400028461D460FF024FE9749E1E620460FF09B
:101750001FFE96490FF070FE044630460FF018FE4B
:1017600093490FF069FE014620460FF05DFD10F031
:1017700029F8079EC9F80000044630680FF008FEFB
:101780008A490FF059FE034628461D460FF000FE19
:101790008749BDE6874C03940F200EF063FA226858
:1017A0008242064640F39A80834B0B921B88012BA2
:1017B00000F04A81814BDFF808921988D9F800407F
:1017C000099B0A914046A4EB030B0FF0E1FD7D4B12
:1017D0000A9953F821100FF02FFE014600200FF058
:1017E00021FD0B9A00905E455346114630465A46FD
:1017F000B8BF5846FEF7DEFE3B68DFF8CCB100EB21
:10180000030A0AEBDA7A4FEA6A0AC7F800A03DE653
:101810006E4C2378002B3FF4F9AE04F0A5F90023B9
:1018200028682370F2E6089B1B88002B3FF4A7AEC4
:10183000002332462946CDF80080FEF715FFCDF88B
:1018400000800746324629462046FEF70DFF3B1A28
:10185000002BB8BF5B42092B00F3CC805C4DA0E6A7
:101860005C4B04935C4B07935C4B5D4F05930025E9
:10187000F5E52C467DE6284672E6584B05931E6832
:10188000AE4276DA4C4B544A1B88DFF83891079207
:10189000012B4A4B1F88136840461C4400F0C2804D
:1018A0000FF076FD59F827100FF0C6FDA5424C4FFA
:1018B00000904FF0000328463146A8BF204622463C
:1018C000FEF778FE3B68184400EBD070401038609B
:1018D000C5E511200EF0C6F905468DE5DFF8E8B044
:1018E000DBF8002082424DDA334B0B921B88012B30
:1018F00000F0D380DFF8C890304BD9F80040099A47
:1019000019880A912244404609920FF041FD2D4B5F
:101910000A9953F821100FF08FFD0B9A0090114691
:10192000099AB24253461046A8BF3046FEF742FE1F
:101930003B6800EB030A0AEBDA7A4FEA6A0AC7F857
:1019400000A0A3E5274B284A19880893274B52F893
:1019500021002749069101221A7000230B700FF015
:1019600017FD4FF07C510FF067FD0FF02BFF804605
:1019700021E51B4F184B07933B6803EBD3735B10B8
:101980003B606CE53B68DFF8389003EBD3734FEABC
:10199000630AD9F80040C7F800A077E5CDCC4C3FEA
:1019A000CDCC4C3E6666663FCDCCCC3D3333733FE9
:1019B000CDCC4C3D489BFF1F409BFF1F609BFF1FF2
:1019C000589BFF1F08330100549BFF1F429BFF1FC2
:1019D0008C8DFF1F4C9BFF1F5C9BFF1F509BFF1FAD
:1019E000449BFF1F6298FF1F548DFF1F309AFF1FFB
:1019F000EB9AFF1F07F500540134201A0FF0C8FCC2
:101A00003D493E4D0FF018FD044628680FF0C0FC1C
:101A10003B490FF011FD014620460FF005FC0FF089
:101A2000D1FEC0E50FF0B4FC59F827100FF004FD0B
:101A3000014600200FF0F6FB38E70FF0A9FC59F83B
:101A400027100FF0F9FCF6E42E4BDFF8BC90198854
:101A5000D9F80040099B0A914046A4EB030B0FF014
:101A600097FC2A4B0A9953F821100FF0E5FC0B9ACA
:101A700000905E455346114630465A46B8BF584618
:101A8000FEF798FD3B68DFF888B0184400EBD07093
:101A90004FEA600AC7F800A0F8E4DFF86C90194B31
:101AA000D9F80040099A19880A91224440460992BF
:101AB0000FF06EFC154B0A9953F821100FF0BCFC87
:101AC000014600200FF0AEFB0B9A00901146099AD8
:101AD000B24253461046A8BF3046FEF76BFD3B6846
:101AE000184400EBD0704FEA600AC7F800A0CDE4BC
:101AF000079B186815E500BFCDCCCC3E8C8DFF1F31
:101B00009A99193F609BFF1F589BFF1F08330100E4
:101B1000549BFF1F08B5244B1B885BB3234B1B78DA
:101B20005BB3234B1B7843B3224B1B782BB3224B65
:101B30001B7813B3214B1A782AB3214A2148224932
:101B40001288008809680244B1EB520F15DD0022AB
:101B50001A7007F067F9642004F01EF8642004F09E
:101B60001BF8642004F018F8BDE808404FF4167024
:101B70000CF0FABF114A117801B908BD1370BDE825
:101B8000084007F04FB90E4A0E48104912880088E5
:101B900009680244B1EB520FEFDD01221A70BDE873
:101BA0000840642003F0F8BF0E9AFF1F5B98FF1FE8
:101BB0006498FF1F6598FF1F6698FF1F0C9AFF1F10
:101BC000CA9AFF1FCC9AFF1FBC9AFF1FC09AFF1F23
:101BD00038B5114C232025780CF0F6F90F49002276
:101BE00041F825000B1F01F1C40053F8041F834284
:101BF0000A44FAD123780A490A480133DBB281FB4F
:101C00000251322B4FEAE272C2EB211208BF0023CD
:101C10000260237038BD00BF7898FF1F7C98FF1FBB
:101C20001F85EB517498FF1F2DE9F04F9F4CA04D7D
:101C30002068DFF8808285B00FF0AAFB9E490FF084
:101C4000FBFB064610200EF00DF80FF0A1FB9B49A0
:101C50000FF0F2FB31460FF0E7FA0FF0B3FD2B88DF
:101C6000206002469A42B8F80010184680F2D080F0
:101C7000CF1A1E4600F0D380F61A07EBD77CC6EBCE
:101C8000C61606EB6C0606FB07FCBCF1000F96FBC4
:101C9000F7F6C0F267818A4FDFF828C2CCF80060FF
:101CA0003E88192E00F0EA801A2E2ED01E2E00F04B
:101CB000A4810127844EB946DFF810C2BCF800C0E9
:101CC000BCF1000F13D0DFF808E2BEF800E0BEF16F
:101CD000030F00F23C819A4280F246810A46CDF819
:101CE00000C019460023FEF795FC7A4B18607A4A2B
:101CF0003388108850EA030114D1784B1A78002AEF
:101D000040F01D8205B0BDE8F08F754E3678002E8C
:101D100008BF01276C4E16BF00274FF000094FF097
:101D20000109C9E72988D4F800C0614579DCDFF8EA
:101D3000ACE19EF800A0BAF1000F34D14FF0010AD7
:101D400004288EF800A02ED1002F40F0C6813388E1
:101D5000002BD7D0B9F1000FD4D022682888B8F86A
:101D60000010904200F3AC818A42A8BF0A46091ACB
:101D700000F0C681121A01EBD174C2EB821264101A
:101D800004EB420404FB01F2002A94FBF1F400DBB3
:101D90000134544D2A68A24203D0E1B2D8B206F011
:101DA000AFFE2C60AEE7012800F04181022800F070
:101DB000F4800328CBD14C4B1B88092BC7D0002FB4
:101DC000C5D023682988B8F80020994240F3A8813B
:101DD0000B46521A00F0A8815B1A02EBD277C3EBD4
:101DE00083137F1007EB430707FB02F3002B97FBDE
:101DF000F2F700DB0137DFF8F4B0DBF80030BB426C
:101E000003D0F9B24A2006F07BFECBF800709EE7C3
:101E10008A421646A8BF0E46CF1A7FF42DAF3F2642
:101E200039E72E4A117800293FF46CAF00240128CD
:101E3000147000F0EE80022800F0A080032840F02B
:101E40003381294A1288092A09D047B1274D2A68C7
:101E50002AB121464A2006F053FE33882C60002B1D
:101E60003FF450AFB9F1000F3FF44CAFD8B20021AE
:101E700006F046FE1B4B00221A6043E7DFF8609035
:101E8000114E99F800C0BCF1000F33D0B6F800E055
:101E9000BEF1000F2ED0DFF858A09AF800B0E3454D
:101EA00040F0108101274FF0000905E7D499FF1F8A
:101EB000E499FF1FE299FF1F9A99193FCDCCCC3EC0
:101EC000C89AFF1FD899FF1FDE99FF1F349AFF1F82
:101ED000329AFF1F389AFF1FDC99FF1FE099FF1FFE
:101EE000C69AFF1FA09AFF1F5E99FF1F9C9AFF1FB3
:101EF000559AFF1FDFF84CA29AF800E0E645D1D0D2
:101F00003078002106F0FCFD99F800303A888AF814
:101F100000308D4BB3F800C0BCF1000F00F0BE8064
:101F20001E2A40F00381012799F80030002B60D071
:101F3000DFF818E22B88BEF800E02268B8F800103D
:101F4000BEF1030F18464FF000097FF6C4AE9A4267
:101F50000FDA1A46CDF800C00023FEF75BFB7C4B7E
:101F60001860C4E6013E96E68A42A8BF0A461046BB
:101F7000B4E68A42A8BF0A461046EAE7002F3FF4BB
:101F80006EAF744D2A68002A3FF469AF21460420E1
:101F900006F0B6FD33882C6061E7002F3FF4D8AE21
:101FA000DFF8B0B1B8F80000DBF800A08445634664
:101FB000A8BF0346401A00F0AE805B1A00EBD07158
:101FC0004910C3EB831301EB430303FB00F100292A
:101FD00093FBF0F300DB0133534506D0D9B2042064
:101FE000039306F08DFD5C4A039B1088CBF800300C
:101FF000DFE6574A9946136079E6DFF86091524B65
:1020000099F80070B3F800C0554EB7FA87F77F090A
:102010008AE7002F3FF423AF4E4D2A68002A3FF491
:102020001EAF214606F06CFD33882C6017E7002FA9
:102030003FF48DAEB8F800309C456046A8BF184606
:102040005B1A6AD0401A03EBD37AC0EB80104FEAD8
:102050006A0A0AEB400A0AFB03F100299AFBF3FA29
:1020600001DB0AF1010ADFF8ECB0DBF80030534580
:1020700005D05FFA8AF1012006F042FD364A108849
:10208000CBF800A002287FF494AE2B88D4F800C0CF
:10209000B8F80000634519468CDC87E71E2A3FF438
:1020A00042AFE146012722E604287FF4D8AE002F94
:1020B0003FF4D5AE2146402006F022FD3388CEE61F
:1020C000024654E65FFA8EF07F2106F019FD99F87A
:1020D00000303A888AF800301BE740207F2106F064
:1020E0000FFD1D4A108850450CD002287FF461AEC8
:1020F000DFF860B02B88DBF800A0D4F800C0C7E799
:10210000402446E62888D4F800C0B8F8003060457E
:10211000014695DC90E740235EE74FF0400AA2E7D6
:102120009342A8BF134654E6402764E62B882268F2
:10213000B8F80010184601274FF00009C3E51970E0
:10214000E0E500BF559AFF1F349AFF1F329AFF1F28
:10215000389AFF1F9C9AFF1FDC99FF1FC69AFF1F2A
:10216000DE99FF1F08B5114B1B88022B09D0052BE8
:1021700007D0032B0DD0042B13D00D4B01221A7066
:1021800008BD7F21412006F0BBFC094B01221A70DB
:1021900008BD4021092006F0B3FC054B01221A704E
:1021A00008BD7F21092006F0ABFCE6E7E09AFF1F9F
:1021B000D69AFF1F70B5134E134D3388134C052B61
:1021C00016D029882268914209D1022B10D0033BF6
:1021D000012B11D80021092006F092FC0CE0C9B2B5
:1021E000052006F08DFC3388022B01D0052BEED1A3
:1021F0000021412006F084FC054A2B882360002141
:10220000117070BDE09AFF1FDA9AFF1FA89AFF1F96
:10221000D69AFF1F714B1B881D2B70B500F0A7804D
:102220006F4B1C78002C40F09B806E4B1B88022B60
:1022300038D0053B032B35D96B4B1B88022B5DD067
:10224000053B022B5AD9694A694B11881A88521AE0
:1022500084F30703002A02FB03F3664AC0F2998065
:102260003F3382FB03021A44DD17C5EBA215002B96
:102270000D44C0F2A580604E604B3560002C1B7889
:1022800064DD002B00F092805D4B5E4C1B88052BBB
:1022900006D023689D4203D0E9B2052006F030FC49
:1022A000256070BD584B1B78002B55D111200DF0C7
:1022B000D9FC534B554A1B881060002BBCD0544BA3
:1022C0001B888342B8DC534A1288D11A7AD08242E2
:1022D000D4BFC3EB0203C3EB0003C3EBC31301EB97
:1022E000D17203EB620303FB01F2002A93FBF1F3CB
:1022F0006EDB1C443C4B1B88022BA1D10F200DF040
:10230000B1FC3F4B444A1B881060002B9BD0434BD1
:10231000C0F53B601B880830984294DB404A128825
:10232000D11A52D09042D4BFC3EB0003C3EB0203D7
:10233000C3EBC31301EBD17203EB620303FB01F2A6
:10234000002A93FBF1F346DB1C447CE7002B9BD077
:10235000BDE87040FFF72EBF15200BF035FEA8E753
:10236000274B1B88002B0CBF00247F245DE7244BE8
:102370001C88002C3FF459AF2A4A194B12781B785D
:10238000002A0CBF00247F24002B3FF44EAF7F3483
:102390004BE73F3B82FB03021A44DD17C5EBA21556
:1023A000002B0D44FFF667AF013564E7FFF7DAFE57
:1023B000134B35681B88134C052B7FF46AAF6FE70E
:1023C000013D58E73F231C4494E73F231C443AE770
:1023D000013B1C448EE7013B1C4434E7C89AFF1FB5
:1023E000149AFF1F4A99FF1F649AFF1FDA9AFF1F72
:1023F000D89AFF1F09040281F899FF1FD69AFF1F80
:10240000E09AFF1FA89AFF1F4C99FF1F5099FF1FCA
:10241000DE9AFF1FDC9AFF1F689AFF1F709AFF1F4A
:10242000669AFF1FC69AFF1F38B51F4B1B88DA1E1E
:10243000022A02D9072B00D038BD1C4B1B784BBB9E
:1024400011200DF00FFC1A4B1A4A1B8810608342B2
:1024500024DC194A1288D11A22D08242D4BFC3EB9D
:102460000203C3EB0003C3EBC31301EBD17203EB15
:10247000620404FB01F3002B94FBF1F412DB0F4D1B
:102480002B68A342D8D00E4BE1B2187806F038FB87
:102490002C6038BD15200BF097FDD4E70024EEE743
:1024A0003F24ECE7013CEAE74A99FF1F4C99FF1FE4
:1024B000DE9AFF1F5099FF1FDC9AFF1F8C9AFF1FA7
:1024C0004899FF1F38B51D4B1B88DA1E022A02D916
:1024D000072B00D038BD0F200DF0C4FB184B194955
:1024E0001B880860C0F53B6208329A420BDA002470
:1024F000154D2B68A342EDD0144BE1B2187806F0CD
:10250000FFFA2C6038BD12490988C81A13D08A42D4
:10251000D4BFC3EB0203C3EB0103C3EBC31300EB54
:10252000D07203EB620404FB00F3002B94FBF0F485
:10253000DEDA013CDCE73F24DAE700BF649AFF1FE4
:10254000709AFF1F689AFF1FA49AFF1F629AFF1FCD
:10255000669AFF1F70B510200DF084FBC830B0F5EF
:102560007A6FA8BF4FF47A60B0F5FA7FB8BF4FF426
:10257000FA7000F51673B3F57A6F8A4A8A4CA8BFD1
:102580004FF47A6381B222201180238006F02CFD63
:102590002188864C242006F027FD0E200BF014FD28
:1025A00040F6FF72C8309042A8BF104620EAE070A3
:1025B00000F2DC5381B27E489342A8BF13460180EB
:1025C0000220238006F010FD2188042006F00CFD77
:1025D00017200DF047FB044616200DF043FB844204
:1025E000B8BF044604F1C800B0F57A6FA8BF4FF435
:1025F0007A60B0F5FA7FB8BF4FF4FA7000F548730F
:10260000B3F57A6F6B4A6C4CA8BF4FF47A6381B212
:102610000A201180238006F0E7FC2188674C0C20FB
:1026200006F0E2FC0F200DF01DFBC0F53F61043108
:10263000B1F5FA6FA8BF4FF4FA61C0F54363B1F585
:10264000AF6FB8BF4FF4AF61B3F5FA6FA8BF4FF4E7
:10265000FA63B3F5AF6F5A4AB8BF4FF4AF6389B2AC
:10266000A4201180238006F0BFFCA620218806F05C
:10267000BBFC0B200CF00EFA00287FD011200DF0CF
:10268000F1FA41F25C22C8309042A8BF1046B0F582
:102690002F7FB8BF4FF42F704A4C81B200F51673EC
:1026A00049484A4E01809342A8BF13460620238022
:1026B00006F09AFC2188082006F096FC00244FF4CE
:1026C000AF75E1B2304608F0F5FD01348542A8BF90
:1026D00005460C2CF5D101200DF0C4FA3C493D4AC9
:1026E000A0F1320301FB03F36FF46770034482FB34
:1026F00003121A44DC17C4EBA224002BACBF04F273
:102700005F1404F5AF74AC424FF00000A8BF2C4634
:102710000DF0A8FA2E492F4AA0F1320301FB03F372
:102720006FF467710B4482FB03121A44D917C1EB93
:10273000A221002BACBF01F25F1101F5AF71A142E4
:10274000A8BF214614393229B8BF322140F23A706D
:10275000A1F5AF7300FB03F31F4A204C963B82FBAD
:102760000302DB17A3EB621389B21D4A21803233C7
:10277000BDE870402A20136006F036BC15200BF02F
:1027800023FC41F25C2200F548709042A8BF10463D
:10279000B0F52F7FB8BF4FF42F700A4C81B200F50F
:1027A00096637DE7E499FF1FE299FF1F8C99FF1F55
:1027B0008E99FF1FCC9AFF1FCA9AFF1F669AFF1FB0
:1027C000709AFF1FDC9AFF1FDE9AFF1F2C9BFF1FD2
:1027D000D4FEFFFFC70FB38DB5814E1BA699FF1F17
:1027E000B88DFF1F2DE9F04F0C2095B00BF0B8FB12
:1027F0000C200CF0B1F83B49DFF8ECA014200CF0F1
:10280000B9F83A493A4808F0B1FA022103200CF02D
:102810004FF9022104200CF04BF9022105200CF0A5
:1028200047F9022106200CF043F901210A200CF09F
:102830003FF9012109200CF03BF901210D200CF09A
:1028400037F9012128200CF033F9012114200CF074
:102850002FF902210B200CF02BF901210C200CF098
:1028600027F900210C200CF0EFF8012121200CF0B9
:102870001FF902211C200CF01BF901211B200CF078
:1028800017F900211B200CF0DFF81C200CF002F9D6
:10289000B0FA80F35B091A208AF800300CF03EFB96
:1028A0001F2000210CF0FCFA04200CF0F3F80028A3
:1028B00000F04E8105200CF0EDF8E8B903200CF093
:1028C000E9F8C8B904200CF0E5F8002800F0DB8135
:1028D00006200CF0DFF8074D031E18BF01232B70F4
:1028E0000DE000BF001B3746629BFF1F40420F00F8
:1028F000588FFF1FA499FF1FB44D00232B70062093
:102900000CF0C8F8B0FA80F35B094FF0000BB04A46
:10291000137004F0BFFF2B78002B40F01481584651
:1029200006F07CFBAB4BAC491B88AC4840F23A72DA
:10293000A3F5AF7302FB03F3963B81FB0321DA1788
:10294000A2EB6112002BA649D4BF02F1320302F1BF
:102950003103A44A0B60A44B12881A70062300931B
:10296000A24A0C235A2108F009FD002800F0DA8061
:102970009F4AA0481268DFF8809200230121FDF7EA
:1029800089FD0B200CF086F8011E0CBF01230023EB
:1029900089F8003000F00581984E994D994FDFF885
:1029A0006882002333602B603B6001240F200DF010
:1029B00059F93B6803440E203B600BF005FB33687C
:1029C0000344336099F80030002B00F0B6801520E6
:1029D0000BF0FAFA2B681844286004F0010003F0A9
:1029E000CBF8B8F80030002B14BF4B20DC200134AA
:1029F0000CF0BAF8052CD9D13B6832688349844C75
:102A000008888449002BB8BF0333002AB8BF0332BB
:102A1000921032602A6809887F4E002AB8BF0332BC
:102A20009B109210A3EB000C3B602A6023607B4F4D
:102A30007B4D7C4CC7F800C0034433602020531A00
:102A40000A442B6022600DF00DF9774B00F5FA7007
:102A5000186019200DF006F9744B00F5FA70186033
:102A6000BBF1000F40F0AE80B8F80030002B00F052
:102A70009C806F4B012404201C600CF00BF818B9EB
:102A80006C4B594A1C7010706B4B1B881C2B7DD0F3
:102A90006A4C04F1C80523200BF096FA44F8040FA1
:102AA00001200CF061F8AC42F5D19AF8003023B166
:102AB000634B1B78002B40F0D380002121200BF0CA
:102AC000C3FF604A604B1078604C187006F054FAEF
:102AD00003F04AF85E4B049304A90AA802940894F0
:102AE000FDF758FD0AA910A80E94FDF753FD45F611
:102AF000BF520EA957480AF0F5FF0E9B10A8DB68DD
:102B00009847089B0AA8DB689847029B04A8DB68E3
:102B1000984715B0BDE8F08F04200BF0BBFF0028EC
:102B200000F0A38003200BF0B5FF0028F4D00320B1
:102B30000BF0B0FF0028F5D1EEE711200DF092F870
:102B40002B68184448E715B0BDE8F04F07F0C8BF40
:102B500006200BF09FFF00287FF4ACAE03200BF0A3
:102B600099FF00283FF4A6AE05200BF093FF002844
:102B70003FF4A0AE05200BF08DFF002800F086800A
:102B8000124D00232B704FF0010BC0E6324B18881A
:102B900000283FF47DAF314BC0B2197805F0B0FF8B
:102BA00076E711200BF084FFF6E64FF4FA7002F09E
:102BB000F3FF02F0DDFF04F0E7FF4FF4AF600BF02E
:102BC000D3FF56E7FFF7C6FC4EE700BFA499FF1FEF
:102BD000409AFF1FA699FF1FB5814E1B2C9BFF1F1C
:102BE000B88DFF1FB29AFF1F7298FF1F588FFF1FEB
:102BF000488DFF1F6899FF1F4C99FF1F6499FF1FA5
:102C00005C9BFF1F589BFF1FE699FF1FC48DFF1F92
:102C10006C9AFF1FC68DFF1F549BFF1F489BFF1F11
:102C20004C9BFF1F509BFF1FB89AFF1F749AFF1FFA
:102C3000809AFF1FD299FF1FC89AFF1F7898FF1F25
:102C4000639BFF1F6098FF1F7098FF1F58290100AA
:102C5000BD060000B899FF1F5E9AFF1F609AFF1F14
:102C6000012121200BF0F0FE2BE705200BF012FFD5
:102C700000287FF457AF06200BF00CFF00287FF4EC
:102C800051AF0DF0E7F8104D287038E603200BF037
:102C900001FF044600287FF473AF04200BF0FAFE16
:102CA000034620B9084D4FF0010B2B702FE606208C
:102CB0000BF0F0FE044D031E18BF01232B704FF0E4
:102CC000010B234623E600BFA499FF1F2DE9F04F17
:102CD000924F934E8DB009AD0024E1B2304608F01A
:102CE000E9FA3B880134834294BF002301230C2C72
:102CF00005F8013BF1D18B4B9DF824701F708A4B76
:102D00009DF826501D70894B9DF828101970884B2E
:102D10009DF82A001870874B9DF82C201E88864C41
:102D2000DFF818C222707B190B440344844C13440F
:102D3000DBB22370834C4FF0000E012E84F800E0CC
:102D40008CBF4FF0000E4FF0010E8CF800E07AB906
:102D5000002800F0C681002900F0EA8104232370D6
:102D600079487A4B0093032E00F03D83237807E0E7
:102D7000002900F0B580754A73480092062323703D
:102D8000DFF8CCA10370DFF8CC919DF825308AF8EC
:102D90000030DFF8C4819DF8273089F80030DFF873
:102DA000BCB19DF8293088F800306D4D9DF82E306B
:102DB0008BF800306B4F9DF82B302B706A4E9DF8CE
:102DC0002D303B7001209DF82F3033700CF04AFFFE
:102DD000664B1968664B8842CCBF012200221A70EC
:102DE00040F38780634B1A88182A00F28280624B76
:102DF000B3F800C00C3ABCF1000F40F082809AF8A2
:102E000000E0DFF878A199F800909AF800A098F80F
:102E100000809BF800302478AAEB4E0AAAEB090A3E
:102E2000A8EB880BD344C3EB837AC3EB8A039B44A0
:102E30002B780BEB430B524BB3F800A03B785B4471
:102E400096F800B00BFB0A33DFF838A14FF00C0BFB
:102E50001BFB0433CAF80030B8F1000F05D03478FA
:102E60001CB1BCF1030F40F25A81474C474E2488F5
:102E7000DFF81CA1DFF81CC13688BAF800A0DCF826
:102E800000C0033C04EB440403EB8404C6EBC60619
:102E9000544466440C3CDFF800C122443F4CBCF86B
:102EA00000C02468CCEBCC0C6444DFF8F4C05CF8C0
:102EB000266032443B4E56F824402244BEF1000FB7
:102EC00074D02C78002C71D0B9F1000F40F0238120
:102ED000354CB8FA88F84FEA581884F8008070E04A
:102EE000002800F0EA80194A174800920523237051
:102EF00046E7214BB3F800C00022BCF1000F3FF4BD
:102F00007EAF0CF1FF33042B00F2BD82DFE813F03B
:102F10000502D60172016801130100BFA699FF1FC7
:102F20002C9BFF1F6498FF1F6598FF1F6698FF1F6B
:102F30006798FF1FF49AFF1F6898FF1FAC9AFF1F46
:102F4000EC9AFF1F889AFF1F549AFF1FFC99FF1FDE
:102F50005898FF1F5998FF1F5A98FF1F5B98FF1F33
:102F60005C98FF1F5D98FF1F5E98FF1FB88DFF1FC5
:102F7000C69AFF1FC89AFF1F049AFF1FB48DFF1F38
:102F8000329BFF1F009AFF1F869AFF1F329AFF1F76
:102F9000309BFF1F389AFF1F5499FF1F5899FF1F3E
:102FA000302B0100A82E0100C49AFF1FAB4C002556
:102FB0002570B9F1000F02D03C78002C77D14FF08A
:102FC00000098842C8BFA649A64CC8BF0B60A649E5
:102FD000A64B098884F8009007298CBF01200020A7
:102FE000187058D9A24BA3481B680180032B00F02E
:102FF000EC810025A04BA14C1D702368934250D05A
:103000009F48A04F03680493049E9F4B3E60012796
:103010001F70036805939D4B1F88059B9B1BBB423C
:103020002DD99B4E9B4F33683260D31A3B60002DE5
:103030003BD0954B1D78002D64D12260964D2B68B6
:10304000934223D00468954F0794079C3E68A41BC5
:103050008C4240D3D11A00F1DB81914C266886EA7C
:10306000E674A4EBE6748C4240F3FA81894909685E
:103070000029B8BF49428C42B8BF5A1CE3E1844BD7
:1030800022601A68002DD9D1834B1A60009B1A6008
:103090000DB0BDE8F08F77480023194603801D4628
:1030A000A8E7784B76481E68B3E72260ECE758EA59
:1030B0000E0884D14FF0010983E7012E7FF613AF8C
:1030C000BDB117B9012E00F2578102232370754B51
:1030D0007548009347E61A46009B1A600DB0BDE89C
:1030E000F08F0029ECD0002D40F08A81012E40F2B3
:1030F000A181002F00F040816B4801232370694BB0
:10310000009330E605680695069D644E0D443560D3
:1031100000251D7091E7514C002525704FE7634C49
:103120002488042C0CBF02330433CAF800309CE618
:10313000012EC5D812E624789AF800E099F800909C
:1031400098F800809BF80030C4F10604E4B20194C2
:10315000574CDFF858A12478BAF800A0CDF808A0A1
:10316000A4EB4E04A8EB880AA4EB09045444C3EB77
:10317000837AC3EB8A0395F800B0DDF808A02344F6
:10318000BEFA8EF464090BFB04F403EB44041EFB4B
:103190000BF30393337897F800B003FB0AFA18FB9C
:1031A00003F3A3EB83030293B9FA89F35B090BFBE7
:1031B0000343B8FA88F4640904FB0A33039CDDF87E
:1031C00008A0A3EB440309FB1B33DDF804B0534410
:1031D0000C24DFF8E0A014FB0B33CAF800303BE608
:1031E0009AF800E099F8009098F800809BF8003079
:1031F0002478ACE79BF8003094F800B02C4C9AF897
:1032000000E0247899F8009098F80080A4EB4E0430
:10321000A4EB0904A8EB880AA244052414FB03A428
:10322000C3EBC30304F1050A03EB0B041F4B95F832
:1032300000B00AEB4B0BB3F800A03B785B4496F868
:1032400000B00BFB0A33DFF870A05AF82440DFF817
:1032500064A00C332344CAF80030FDE5C49AFF1F74
:10326000D09AFF1FC59AFF1F249AFF1F1C9AFF1FA9
:10327000809AFF1F4C8DFF1F169AFF1F4C9AFF1F4D
:10328000B09CFF1F489AFF1F849AFF1FCE99FF1F13
:103290002C9AFF1F289AFF1F189AFF1F509AFF1F92
:1032A000209AFF1FFC99FF1F549AFF1F329BFF1F9C
:1032B000B48DFF1F009AFF1F102C01009BF80030F7
:1032C00024789AF800E099F8009098F80080C3EB11
:1032D000C3031C44714B93F800B0ABEB4E0BA8EB4F
:1032E0008803ABEB090B9B442B78ABF1020B0BEB88
:1032F000430B6B4BB3F800A03B785B4496F800B0EF
:103300000BFB0A33DFF89CA15AF82440DFF898A1A0
:1033100018332344CAF800309EE524789BF8003027
:103320009AF800E099F8009098F80080C4F106043B
:103330005FFA84FB594C94F800A0AAEB4E0AAAEB62
:10334000090AA8EB88045444C3EB837AC3EB8A03CD
:103350001C442B7804EB430A514B1C883B785344A4
:1033600096F800A00AFB0433DFF83CA10C2414FB00
:103370000B33CAF800306FE54C480578012D71D940
:1033800006B125704A4D2D88002D6ED0002B6CD1D2
:10339000484B1B88013B9BB2062B66D8464B1B78DB
:1033A000002B62D0454B1B68012B454B00937FF4EB
:1033B000DAAC1B68434F0C2593FBF5FC05FB1C3373
:1033C0003B80414B03251D70CDE4404B1B68002B17
:1033D0007FF70FAE3E4B3F481B78007803430CBF8E
:1033E0000125002506E600293FF4C0AC002A7FF441
:1033F000BDAC0378062B7FF4B9AC07232370BFE480
:1034000003239E422948237027D02D4A0092B7E417
:103410002E490E6886EAE674991AA4EBE674A14276
:1034200010DA2D4909680029B8BF49428C420ADAEE
:103430005A1E08E01D480378FBB1214A009203237D
:1034400023709DE49A1B03680893089B3B60009BD4
:103450002A601A600DB0BDE8F08F194B0093C8E7E1
:103460009A19F0E7164B00937DE4144B1B68012B6F
:10347000134B00937FF477ACA3E7002F7FF43DAEAE
:103480000F4B009372E49AF800E0DFF81CA099F863
:10349000009098F80080DAF80030DDE4B48DFF1F6A
:1034A000329BFF1F702E0100009AFF1F549AFF1FCE
:1034B000AE9AFF1FD49AFF1F1A9BFF1F809AFF1F0F
:1034C000FC99FF1F3C9AFF1F478DFF1F209AFF1F8B
:1034D000219BFF1F209BFF1F289AFF1FA84B1B78D3
:1034E000002B40F03F812DE9F04F0E2091B00AF003
:1034F0006BFD0DF04DFF0146A248A34CA34DFDF717
:1035000013F8A048FCF7E4FF0EF05CF980F30C0020
:103510002060FFF7DBFB2B68012B5DD0022B00F056
:103520000985032B00F08881994C9A4E23689A4CA8
:103530000F930F9B22683360991A984A1288013AB8
:10354000914200F28F83964C22689A1A092A00F25F
:103550009383944C22689A1A0D2A00F2A383924C0A
:1035600022689A1A252A1CD9904B1B8813B9904BB4
:103570001B780BB1FEF7CEFAFEF72AFB8D4B1B88AA
:103580001B3B9BB2022B08D88B4B1B782BB18B4B70
:103590001B7813B12B68012B01D002F011FB3368AB
:1035A0002360874C22689A1A502A00F24183854989
:1035B0000A689A1A052A03D9834A0B600120107001
:1035C000824A1288012A00F0A18205F0C7FB11B0DF
:1035D000BDE8F04F05F05EB8DFF8F4817D4BB8F838
:1035E00000001A78824240F0C5807B4F7B4B3888C0
:1035F0001A78824204D07A4E3278002A40F00E8641
:10360000784A23681288624C9A4280F2AD80216821
:103610000A917549754A0B600A9B136002232B605F
:10362000DFF8CC91DFF8CCA1B9F80030BAF800206F
:1036300013439BB2002B40F06D836F4B1E680E202E
:103640000AF0C2FC6FF454731E44864202DC6B4BDA
:1036500000221A7000200CF005FB694B69491A68BA
:10366000694B90421B88D4BF002601260E70002BA8
:1036700000F0858565490B78B34262D0904260DDE9
:10368000634B1878002800F04B87624A1778002FA8
:1036900040F04487DFF880C1604B8CF80070DFF8A1
:1036A00080A1DFF880C11B788AF800708CF8007068
:1036B0000127CDF804C0177033B100271770019AA5
:1036C000177001228AF80020574A92F800E0BEF1F4
:1036D000000F01F03780554A1778002F41F06E81B6
:1036E000DFF840C18CF8007001271770504A12783B
:1036F000002A00F08B86484F97F800C0BCF1000FFD
:1037000041F05681DFF80C8188F800C04FF0010CC1
:1037100087F800C0BEF1000F40F0788603431A43DB
:1037200040F07486244B1B78002B40F07486394A95
:1037300013703B4A13703D4A13703A4A1370364A6D
:1037400013700E701B4B1B88A3F11B02012A40F261
:1037500022851D2B7FF4E9AE174A364B12780D4EA9
:103760001A70E3E607F036B8114A1278002A7FF49F
:103770004EAF55E7C0B2187005F080F935E700BFCD
:10378000A499FF1F6899FF1FE49AFF1F809AFF1FEB
:10379000B09CFF1FA899FF1F9499FF1F3A8DFF1F30
:1037A0009899FF1F9C99FF1FA099FF1F0E9AFF1F5A
:1037B0000C9AFF1FC89AFF1FC69AFF1F5E98FF1F33
:1037C0006C98FF1FC899FF1FC499FF1FCC99FF1F5A
:1037D0006098FF1F7098FF1FB29AFF1F7298FF1F1B
:1037E000D299FF1F8E99FF1F449AFF1F9099FF1FC8
:1037F0005A9AFF1F5C9AFF1F6499FF1FEA9AFF1FE6
:10380000B88DFF1F229BFF1FD49AFF1F569AFF1FE0
:103810005B98FF1F219BFF1F209BFF1F5C98FF1FD2
:10382000B09AFF1F1A9BFF1F5898FF1F269BFF1F70
:103830005998FF1F559AFF1FA24B21681A888A4288
:1038400058DDA14B1B78002B54D1DFF8809299F8FA
:1038500000007F280BDD7F38A3F15533A3FB002345
:10386000DB0803EB4303A0EB83007330C0B2984B3B
:1038700000931B8889F80000002B41F00F81DFF8CE
:1038800054A29AF80030002B00F05B86924F3B78F0
:10389000002B00F05686914EDFF844B24FF000083E
:1038A00011E0ABFB0213DB0803EB4303A2EB830243
:1038B00002F17300C0B205F09FF93B7808F10108EE
:1038C000434540F33E8699F8000056F8043F1844FB
:1038D0007F28A0F17F02E4DC0028C0F10002E9DAD1
:1038E000ABFB0213DB0803EB4303A2EB8302C2F141
:1038F0000C00DFE77B4E33687F2B00F3BE84002B88
:103900000ADA77485B42A0FB0370C00800EB400076
:10391000A3EB8003C3F10C03DFF8B09199F80070BA
:103920009F4200F03585704B1B88002B46D16F4BB2
:103930006F491B6809889A4240F3F4871346891A35
:1039400001F044809B1AC3EB833301EBD17203EB8C
:10395000620303FB01F2002A93FBF1F0C1F2FD8048
:10396000FDF7D8FBC0F3C6100DF012FD614B804689
:1039700018880DF00DFD6049824640460DF05CFD53
:10398000014650460DF058FD41460DF04DFC4FF0FC
:103990007E5180460DF0EEFE002841F0068057492A
:1039A00040460DF005FF002841F0A18040460DF093
:1039B0002FFFC3B2DFF8488188F800307F2F0ADD7F
:1039C000474B7F3FA3FB0723DB0803EB4303A7EB36
:1039D00083077337FFB2DFF8FCA089F800709AF80C
:1039E0000030002B40F0CF85464B474A02930192AE
:1039F0001B7812781A4340F0AC86354B0093019B3C
:103A00001B78002B40F0CC869AF80030002B00F099
:103A10008E86009B1B88002B00F0748730687F28FF
:103A200040F370862E4A7F38A2FB0012D20802EBC8
:103A30004202A0EB820073303060002B40F02987F7
:103A40009AF80030002B00F07284234F3B78002B53
:103A500000F06D84214ACDF80C900023B146DFF8C8
:103A6000A0809B46164614E01D4BA3FB0102D20822
:103A700002EB4202A1EB820101F1730098F8001001
:103A8000C0B205F07BF83A780BF1010B5A4540F3D0
:103A90004B8456F8040FD9F8002010447F28A0F179
:103AA0007F01E1DC0028C0F10001E7DA0C4BA3FB49
:103AB0000102D20802EB4202A1EB8201C1F10C002B
:103AC000DCE700BF8E99FF1F0C9AFF1F7198FF1F44
:103AD000E89AFF1FB09AFF1F388DFF1F8C8DFF1FC4
:103AE000ABAAAAAAFC99FF1F389BFF1F8899FF1F4A
:103AF0008C99FF1F349BFF1FCDCCCC3D0000FE42B4
:103B00003A9BFF1F269BFF1F1A9BFF1F6849694AAC
:103B100008681268A82441F6FF7104FB0011664C86
:103B2000183A84FB01042A200C4400FB02F2C81757
:103B3000C0EB64300029ACBFA0F15401A0F15501E5
:103B40005E4804785E480A446FF014055D490068D9
:103B500005FB04220A60002800F00E835A4D2978E4
:103B6000002940F0448359490A68594800880028D0
:103B700039D0584C54F82000002800F04284B3FBA0
:103B8000F0F400FB1433C3EBC30300EBD07403EB7E
:103B9000031303EB640393FBF0F403FB00F0002832
:103BA0004D4BB8BF04F1FF3453F82430A3F2FF7338
:103BB0004A4C246804FB03F303F57D33162003F518
:103BC000607300FB03F3464C03F57D3303F560732C
:103BD00084FB0304D817C0EB6440002BACBF0B3848
:103BE0000C3802440A603F4B3F491B883F4803F2B0
:103BF0007C7302FB03F35B0003F5FC630A8880FB24
:103C00000310643A1844D917002B4FEA4202C1EB63
:103C1000E021C0F28785114481F30C0128200AF0CD
:103C200089FD05F09BF811B0BDE8F04F04F032BDFE
:103C300003F066FE2E4B2F492F4A09781B78127825
:103C40000B432E4913432E4A097812780B43134332
:103C50002C4A1278134300F07C8701F091FF3368FF
:103C60002360A4E4FDF79EFA33682360264C2268A3
:103C70009A1A092A7FF66DACFDF776FBFDF7D4FFA3
:103C8000FEF7D2FB214B1B88082B01D1FCF71AFF52
:103C9000FEF718FC336823601D4C22689A1A0D2A1F
:103CA0007FF65DACFEF7B6FA3368236057E400BFD9
:103CB0008C8DFF1FFC99FF1F09000280EB9AFF1FEC
:103CC000F899FF1F289BFF1FC499FF1FB099FF1F82
:103CD000C299FF1F4C2E01006C2C0100D899FF1FC8
:103CE000491B8940B499FF1FC099FF1F8320088298
:103CF0001A9BFF1F219BFF1FB09AFF1F269BFF1FD0
:103D0000209BFF1F0C9AFF1F9899FF1F4A99FF1FC6
:103D10009C99FF1F20200BF0A5FF9B4B02901B6876
:103D2000039319200BF09EFF984B994A1B88128829
:103D30001344984A1168984A834610688B45D4BF4B
:103D4000002201225E10B0EB530F944B1B6840F32E
:103D500032829E424FF00003B4BF01201846049007
:103D6000ACBF012018460893079009930E20CDE9B7
:103D700000120AF029F98A4B8A4A1B68DFF828C228
:103D800005930133802B16680690019A9CF8000079
:103D90000099A8BF8023012BB8BF0123904200F0F7
:103DA000398220680B908148DDF82CE0C0F800E0F3
:103DB00020680C900C98A0EB0E00282812D97C48A3
:103DC00090F800E0BEF1000F40F04B828B4540F3CD
:103DD0004B8278494FF0010E80F800E0087880EAC5
:103DE0000E0008708CF80020734ADFF8D0B112780A
:103DF000002A64D09BF80010914260D03988994223
:103E000000F0B6846E493B806E4B09784FF0010C90
:103E100083F800C0DFF8B0C16C4B8BF800201B7832
:103E20008CF80010002B67D1029B039A934263DC4D
:103E3000049B1BB1B9F80030002B5DD1069AA6F2A5
:103E400052339A42BFF6FBABBAF80030002B3FF476
:103E5000F6AB079B002B4FD15D4B1B8813B1099B21
:103E6000002B49D1089B002B3FF4E9AB594A13784A
:103E7000002B7FF4E4ABDFF860810123137098F826
:103E80000020002A40F08286544A1278002A40F02E
:103E9000B386534A1278002A00F03787514A1278C5
:103EA000002A7FF4CCAB504A1278002A3FF4C7AB0B
:103EB0003A880A323A80434A1370FFF7C0BB404940
:103EC000DFF804C109780029A6D09CF800E071450C
:103ED000A2D005984B2840F354841833802BB7F8B0
:103EE00000E0A8BF80239E4596D03B80354B4FF025
:103EF000010E83F800E08FE73C4B18683C4B1A88B2
:103F00003C4B1B881A443C4B1968431C802BA8BFB0
:103F10008023012BB8BF0123B1EB520FC0F25981AE
:103F2000A3F149020F2A3FF68AAB483BA8F80030BC
:103F3000FFF785BB314A20681288824204DB304B90
:103F40001B78002B00F093812E4C21680D912E4997
:103F50000D9B09685B1A2D4909888B4260D800299E
:103F60005ED02B4B198800293FF4DFAA294B1B6830
:103F70008342B8BF034628489A42008840F3C1856F
:103F8000264B1A60C9B29EE0B89AFF1FCA9AFF1F5B
:103F9000CC9AFF1F749AFF1FC09AFF1FBC9AFF1F85
:103FA000D09AFF1F6499FF1F579AFF1F109AFF1F97
:103FB000159AFF1F149AFF1FC49AFF1F589AFF1FDC
:103FC000C59AFF1FD299FF1F599AFF1FB49AFF1F6E
:103FD0004699FF1FEA9AFF1F889AFF1F5898FF1FF4
:103FE0005998FF1F5A98FF1F5B98FF1F009AFF1FE9
:103FF000E499FF1FE299FF1FD499FF1F8E99FF1FBD
:104000000C9AFF1FB09CFF1F9099FF1F369BFF1F4C
:10401000389BFF1F449AFF1F8C99FF1F8899FF1F31
:10402000A74BA8491B688342B8BF03469A42088839
:1040300000F30B81A449A54E09888342A8BF03461B
:10404000336000299ED19A42C8BF134640F30581D0
:10405000811A00F093839B1AC3EB833301EBD17277
:1040600003EB620393FBF1F003FB01F10029C0F2C3
:104070004F85FDF74FF8C0F3C6100DF089F9944B4A
:10408000064618880DF084F99249074630460DF02F
:10409000D3F9014638460DF0CFF931460DF0C4F89A
:1040A0004FF07E5106460DF065FB002840F03D8341
:1040B000894930460DF07CFB002840F020843046D2
:1040C0000DF0A6FBC1B2DFF81482854E88F800100F
:1040D000FDF768F830687F2840F38481814B7F3892
:1040E000A3FB0023DB0803EB4303A0EB8300733047
:1040F0007D4B00931B883060002B40F09E81DFF8E1
:10410000ECA19AF80030002B00F04E81784F3B78FC
:10411000002B00F04981DFF8DCB14FF0000914E01A
:10412000704BA3FB0213DB0803EB4303A2EB8302F8
:1041300002F1730098F80010C0B204F01FFD3B7844
:1041400009F101094B4540F32F815BF8040F3368F7
:1041500018447F28A0F17F02E2DC0028C0F10002B1
:10416000E8DA604BA3FB0213DB0803EB4303A2EB8B
:104170008302C2F10C00DDE75F490A60F5E45F4AA3
:104180005F4913705F4A0B70137058495E4A0B7099
:104190001370FFF7D7BADFF8748198F80030002B5E
:1041A0004AD05B4A1278002A40F08183594F5A4E18
:1041B0003B70FFF7BBB99E424FF00003B4BF012034
:1041C00018460890ACBF0120184607930990049345
:1041D000CCE54E4A1278002A5BD13A889A423FF4E5
:1041E0002EAA3B804D4B01221A70FFF728BA424994
:1041F0000C68A24259DC61DAD0F17F0048BF03307D
:1042000080100130241AA24258DC0C6022460020A3
:104210002870AAE44248D0F800E0C9E5C0B218709E
:1042200004F03AFC354A31483649002313700370D4
:104230000B703370FFF7E4B9364F3B78002B40F03A
:104240006683354E3B70FFF771B9204B1A601E4BE9
:10425000198800297FF496AE13468342A8BF03460F
:10426000F6E68B453FF7BEAD00210170BAE50123AC
:104270002C4C294E2B60FFF759B91A487F3BA0FB05
:104280000370C00800EB4000A3EB80037333FFF71B
:1042900043BB4A2840F306831833802B3A88A8BFD3
:1042A00080239A429DD1FFF7CAB9D0F17F0048BF61
:1042B000033004EBA0040134A242A6DA0A60A6E7A8
:1042C000449AFF1F8C99FF1F389BFF1F8899FF1F7F
:1042D000349BFF1FCDCCCC3D0000FE423A9BFF1F1C
:1042E000FC99FF1FABAAAAAAE89AFF1FB09AFF1F6A
:1042F000388DFF1F8C8DFF1FB099FF1F219BFF1F63
:104300001A9BFF1F269BFF1F209BFF1FC69AFF1FA4
:104310005E98FF1F559AFF1FA899FF1FD299FF1F94
:10432000109AFF1FB09CFF1F4E46DDF80C90029BB9
:104330001B78002B40F04482019B1B78002B40F03F
:104340003B82009B1B88002B00F03082029A9AF877
:10435000003012781343019A1278134300F0E0837F
:10436000A84B1B78002B4FD0A74A1378082B4BD8AB
:104370000133DBB21370A54A30681268A449013BCF
:10438000821A41F82320A34B21681A8889F800007B
:104390008A42A14CBFF6C9A82268A04B0E920E9A81
:1043A0009F4E1A60FFF7C2B8964B1B78002B40F067
:1043B000A5809C4B1B78002B4FD19B4B1B78002B6F
:1043C00047D1009B1B88002B3DD0984B1B78002BBE
:1043D00040F09F80964A316811700323904E2B6005
:1043E000FFF7A4B80028BFF683AE924B4042A3FB70
:1043F0000023DB0803EB4303A0EB8300C0F10C00B8
:1044000076E66B23FFF7D4BB3068BCE78A4B1B789A
:10441000002B3FF496A9844A1378002B40F0D282F7
:10442000784F86483B70864F3B707E4F3B70012330
:10443000137003230370FFF784B998F80010C0B21B
:1044400004F09CFB5BE698F80010307804F096FBD3
:10445000BBE73078FCF778FBB3E73368A3F10C00D7
:104460007F2840F30682734A8B3BA2FB0312D208DB
:1044700002EB4202A3EB820303F1730098F80010F1
:10448000C0B204F07BFB9AF80030002B95D05E4F51
:104490003B78002B91D0DFF8AC91DFF898B14FF06A
:1044A000000A13E0ABFB0213DB0803EB4303A2EBB0
:1044B000830202F1730098F80010C0B204F05EFBB2
:1044C0003B780AF1010A53457FF777AF326859F814
:1044D000043F1344A3F10C007F28A3F18B02E1DC1D
:1044E0000028C3F10C03E6DAABFB0312D20802EB9F
:1044F0004202A3EB8203C3F10C00DCE77F214020E2
:1045000004F0FEFA414A404B3168116000221A70F3
:104510004FE77F21422004F0F3FA5BE7002313709A
:10452000494B1B78002B3FF4CFA8DFF814A19AF871
:104530000020002A00F0EF8200228AF80020FFF716
:10454000C3B8384B1B78002B40F05382364B1B7896
:10455000002B40F04982009B1B88002B00F03F821B
:10456000284B1B78002B40F03582304B1B78002BFA
:1045700040F08F82354B274A21681288002018604E
:1045800001232B6004E7324B00931B88002B40F083
:104590009982244B0293244B01931B4F3B78002BB1
:1045A00059D0284A0396DFF88CB04FF00008164621
:1045B00010E0ABFB0103DB0803EB4303A1EB83013A
:1045C00001F17300C0B204F017FB3B7808F1010859
:1045D00043453FDD99F8000056F8043F18447F2812
:1045E000A0F17F01E5DC0028C0F10001EADAABFBB5
:1045F0000103DB0803EB4303A1EB8301C1F10C00D2
:10460000E0E700BF219BFF1F388DFF1F1C9BFF1F92
:10461000908DFF1F8E99FF1FB09CFF1FB09BFF1F47
:10462000A899FF1F269BFF1F1A9BFF1F209BFF1FA0
:104630007198FF1FABAAAAAAC69AFF1F478DFF1F3A
:10464000B09AFF1F8C8DFF1F5C98FF1F8899FF1F7A
:10465000E89AFF1F039E029B1B78002B3FF4CFA913
:1046600099F80030A3F10C007F2840F31B82B34A75
:104670008B3BA2FB0312D20802EB4202A3EB8203A4
:1046800003F17300C0B204F0B7FA9AF80030002BBF
:1046900000F08280AA4F3B78002B00F06182A9498C
:1046A0000396DFF898B24FF000080E4611E0ABFB1E
:1046B0000203DB0803EB4303A2EB830202F1730066
:1046C000C0B204F099FA3B7808F10108434540F381
:1046D000118256F8042F99F800301344A3F10C000E
:1046E0007F28A3F18B02E2DC0028C3F10C03E7DA98
:1046F000ABFB0302D20802EB4202A3EB8203C3F13D
:104700000C00DDE70028BFF697A98C4A4042A2FBC7
:104710000012D20802EB4202A0EB8200C0F10C00B2
:10472000FFF78AB90139FFF776BA0121CBE4019B83
:104730001B78029A127813437FF46BA9009B1B88A5
:10474000FFF76CB9804A1278002A3EF4E7AFFEF713
:10475000D2BF7E4A00921288002A3FF47EAF3846CC
:1047600004F04AFA9AF80030002B7FF416AF72E793
:10477000774BDFF8E0C11978FFF74EBB41F6FF70C9
:1047800077E4243B012BB7F800E0B8BF01239E4536
:104790007FF4ABABFFF740BB019B1B78002BC8D06D
:1047A00099F80000FCF726FBFFF72EB96A4B30782A
:1047B000197804F0E3F9C9E53078FCF7C5F9C0E5EC
:1047C0003368A3F10C007F2840F381815B4A8B3B67
:1047D000A2FB0312D20802EB4202A3EB820303F115
:1047E0007300DFF87481C0B298F8001004F0C6F9C5
:1047F0009AF80030002B3FF49FAD514F3B78002BCF
:104800003FF49AAD4F4ACDF80C900023B1469B4639
:10481000164614E0494BA3FB0C12D20802EB4202ED
:10482000ACEB820C0CF1730098F80010C0B204F0ED
:10483000A5F93A780BF1010B5A4540F35E8156F821
:10484000041FD9F800201144A1F10C007F28A1F128
:104850008B0CDFDC0028C1F10C01E5DA374BA3FB40
:104860000102D20802EB4202A1EB8201C1F10C006D
:10487000DAE70028BFF602AE304AC3F10C03A2FB10
:104880000312D20802EB4202A3EB8203C3F10C0035
:10489000F4E5DFF8C480C0B298F8001004F06EF9B7
:1048A000FFF7CEB8243B012BB8BF012395E42B4F73
:1048B000387801F0D9F92A4B1B78002B5AD03B8865
:1048C0007E2B57D8274EDFF8A0903268D9F8001019
:1048D000521A0F2A2CD9013399B2244B39801888E7
:1048E00000285ED0C9B2C0B204F00AF9204F98F88F
:1048F00000303268C9F800203B70FEF717BE7F21F8
:10490000FFF7E1BB99F8000004F076F916E7134BC6
:10491000144E19886A2004F067FB98F800303B7049
:10492000FEF704BE8B42A8BF0B46FFF708B80D4E3A
:104930000F4F98F800303B70FEF7F8BDABAAAAAA5B
:10494000388DFF1F8C8DFF1F5998FF1FE89AFF1F9E
:10495000C59AFF1F599AFF1F3A9BFF1F609AFF1FBE
:104960005D98FF1FA899FF1F7C9AFF1F5E9AFF1F8B
:10497000559AFF1FB94B1B78002BD8D039880029D6
:10498000D5D0B74EDFF8DC923368D9F800209B1AF7
:104990000F2BCDD9B44B0139188889B23980002842
:1049A000A0D1C8B204F060F9A0E70123FFF702B874
:1049B0004FF0000C87F800C0FEF7ACBE0027177060
:1049C000FEF794BE00231370FEF7BBBE41F6FF70E6
:1049D000FEF7C6BF0021402004F092F8C5E599F823
:1049E000000004F009F9BBE599F80000FCF702FAB1
:1049F000B1E599F80030A3F10C007F2840F39980CD
:104A00009A4A8B3BA2FB0312D20802EB4202A3EBB1
:104A1000820303F17300C0B204F0EEF89AF800309C
:104A2000002B3FF493AD924F3B78002B3FF48EADBB
:104A3000DFF840A28D4E4FF0000811E0A6FB0213F4
:104A4000DB0803EB4303A2EB830202F17300C0B265
:104A500004F0D2F83B7808F1010843457FF776ADC2
:104A60005AF8042F99F800301344A3F10C007F2862
:104A7000A3F18B02E2DC0028C3F10C03E7DAA6FB0A
:104A80000312D20802EB4202A3EB8203C3F10C0033
:104A9000DDE70021422004F033F86BE504F0ACF8C8
:104AA000FEF7EDBE0028BFF6EDAD704AC3F10C0372
:104AB000A2FB0312D20802EB4202A3EB8203C3F172
:104AC0000C00DFE56C4B02936C4B019347E600282A
:104AD000BFF687AE654AC3F10C03A2FB0312D208EE
:104AE00002EB4202A3EB8203C3F10C0079E67F23C1
:104AF000FEF760BF039EFEF782BF4E46DDF80C90C6
:104B00001AE49842A8BF18465D4B1860FFF73ABAFE
:104B10000138FFF7AEBA594F5A4A0197FEF7CDBD9B
:104B20004FF47A43013BFDD199F8000004F064F89A
:104B300016E40028BFF66FAF4C4AC3F10C03A2FB8A
:104B40000312D20802EB4202A3EB8203C3F10C0072
:104B500061E701F009F8FFF782B80138FEF700BFFE
:104B6000019B1B78002B3EF454AF19E6464B1B7893
:104B7000002B7EF464AD059BA3F12401434B81F32C
:104B8000470119605B20C9B203F0BAFF98F8003002
:104B9000032B7EF452ADDFF8F88098F80020002A4D
:104BA00040F0A8803B4F3B78002B40F09780364E7A
:104BB0003378002B40F08680374B1B78002B75D163
:104BC000364A1380254B1B7853BB354B7F221A8006
:104BD0003A7898F800301343327813437EF42DADC1
:104BE000304A7F210720138003F08AFF7F210B20AA
:104BF00003F086FFFEF721BD274A1278E2B1254A6D
:104C00001278002A7EF41BAD1F4A1278002A3EF467
:104C100016AD3A880A3A3A80234A1370FEF70FBD60
:104C20001F4B00227F2107201A8003F069FF7F219C
:104C30000B2003F065FFCBE7164A1278002A7EF4BA
:104C4000FEAC114A1278002A3EF4F9AC3A88013AD7
:104C50003A80154A1370FEF7F2BC00BF5C98FF1F44
:104C6000A899FF1F7C9AFF1F5E9AFF1FABAAAAAAF2
:104C7000388DFF1F8C8DFF1F269BFF1F1A9BFF1F68
:104C80008899FF1F219BFF1F5B98FF1FF09AFF1F52
:104C90005898FF1F5A98FF1F5998FF1F5C99FF1FD4
:104CA000389BFF1F5E99FF1FD299FF1F1F4B0122E8
:104CB0007F2107201A8003F023FF7F210B2003F0C0
:104CC0001FFF7FE71A4B04227F2107201A8003F081
:104CD00017FF00210B2003F013FF6DE7144B022296
:104CE0007F2107201A8003F00BFF7F210B2003F0A8
:104CF00007FF5CE70E4A00210720138003F000FF46
:104D00007F210B2003F0FCFE4CE70A4A1278002AB0
:104D10007FF42CAF084A1278002A3EF490AC3A880F
:104D200001323A80054A1370FEF789BC5C99FF1F77
:104D30005E99FF1F5A98FF1F5B98FF1FD299FF1FB4
:104D400010B509F0D1F90A4806F0B0FA4FF07E52DA
:104D5000012100230748FBF77FFB0748074A084962
:104D60008023002403710460BDE810400CF050BAA9
:104D70002C9BFF1F6899FF1FB899FF1F348DFF1FE1
:104D8000A905000010B50446A4206368198804F042
:104D90002BF9E368A620BDE81040198804F024B977
:104DA00003462A205B68198804F01EB910B5044632
:104DB00022206368198804F017F9E3682420BDE80D
:104DC0001040198804F010B910B504460A20636831
:104DD000198804F009F9E3680C20BDE8104019882F
:104DE00004F002B910B5044606206368198804F07F
:104DF000FBF8E3680820BDE81040198804F0F4B817
:104E000010B5044602206368198804F0EDF8E368E1
:104E10000420BDE81040198804F0E6B870B50E4DC6
:104E200084B0122604220123CDE900260446039013
:104E3000029328461423102108F07AF90622092348
:104E40000293CDE90026039414231021284608F08C
:104E50006FF904B070BD00BFB89BFF1F70B5A74DC0
:104E6000B5F90030032B0BD07BB3022B4DD0052BB3
:104E700078D0012B00F0A380042B00F0CB8070BD14
:104E800010200AF0EFFEC830B0F57A6FA8BF4FF4DB
:104E90007A60B0F5FA7FB8BF4FF4FA7000F5167378
:104EA000B3F57A6F964A974C81B2A8BF4FF47A63F4
:104EB00022201180238004F097F82188242004F018
:104EC00093F8B5F90030002BCFD10E2009F07CF813
:104ED00040F6FF73C8309842A8BF184620EAE07039
:104EE00081B200F2DC509842874CA8BF1846874B2D
:104EF00020800220198004F077F82188042004F033
:104F000073F8B5F90030022BB1D117200AF0AAFED0
:104F1000044616200AF0A6FE8442B8BF044604F1F7
:104F2000C800B0F57A6FA8BF4FF47A60B0F5FA7F89
:104F3000B8BF4FF4FA7000F54873B3F57A6F744A4E
:104F4000744CA8BF4FF47A6381B20A201180238089
:104F500004F04AF821880C2004F046F8B5F9003036
:104F6000052B86D10F200AF07DFEC0F53F6104318C
:104F7000B1F5FA6FA8BF4FF4FA61C0F54363B1F51C
:104F8000AF6FB8BF4FF4AF61B3F5FA6FA8BF4FF47E
:104F9000FA63B3F5AF6F604A604CB8BF4FF4AF63CC
:104FA00089B2A4201180238004F01EF82188A62055
:104FB00004F01AF8B5F90030012B7FF45DAF0B2037
:104FC00009F068FD002840F08680152008F0FCFFFD
:104FD00041F25C2300F548709842A8BF1846B0F52E
:104FE0002F7FB8BF4FF42F7081B200F596609842C2
:104FF0004B4CA8BF18464B4B20800620198003F06D
:10500000F3FF2188082003F0EFFFB5F90030042BEF
:105010007FF435AF444E00244FF4AF75E1B2304613
:1050200006F048F901348542A8BF05460C2CF5D19D
:1050300001200AF017FE3D493D4AA0F1320301FB71
:1050400003F36FF46770034482FB03121A44DC1706
:10505000C4EBA224002BACBF04F25F1404F5AF74C0
:10506000AC424FF00000A8BF2C460AF0FBFD2F49D0
:105070002F4AA0F1320301FB03F36FF467710B4475
:1050800082FB03121A44D917C1EBA221002BACBF3B
:1050900001F25F1101F5AF71A142A8BF2146143999
:1050A0003229B8BF322140F23A70A1F5AF7300FB4C
:1050B00003F3204A204C963B82FB0302DB17A3EB51
:1050C000621389B21D4A21803233BDE870402A2024
:1050D000136003F089BF11200AF0C4FD41F25C2384
:1050E000C8309842A8BF1846B0F52F7FB8BF4FF41C
:1050F0002F7081B200F5167079E700BF649BFF1F27
:10510000E499FF1FE299FF1F8C99FF1F8E99FF1FE3
:10511000CC9AFF1FCA9AFF1F709AFF1F669AFF1F43
:10512000DC9AFF1FDE9AFF1F2C9BFF1FD4FEFFFFA0
:10513000C70FB38DB5814E1BA699FF1FB88DFF1FFA
:105140002DE9F041214D82B0012602B284B2CDE9B1
:10515000002628467823192107F052FE04F10C029C
:1051600012B2CDE90026284604EB0608782319215F
:10517000A71C07F045FE0FFA88F83FB219230097E5
:10518000194642462846019607F03AFE78234246E1
:10519000009719462846019604F10A070B3407F0D8
:1051A0002FFE3FB224B2782319463A462846CDE96D
:1051B000004607F025FE1923CDE900463A46194678
:1051C000284607F01DFE02B0BDE8F081B89BFF1F26
:1051D000F0B5164E164FB6F90030834283B00D4637
:1051E00003D1B7F900308B421DD00023009304B2E5
:1051F0005B23104826221C2107F000F801230D48EC
:105200002622214606F094FE6B1C04D10120348036
:105210003D8003B0F0BD2DB2064801232622294669
:1052200006F086FEF2E7002003B0F0BDC88DFF1F38
:10523000CA8DFF1FB89BFF1F2DE9F041AA4D2B78A7
:1052400082B01BB1A94B4FF6FF721A80A84BB3F97D
:1052500000303BB1013B042B1DD8DFE803F042696D
:105260009AB72100A34BA4481B685A2283F30C036E
:1052700002FB03F303F2FF73A0FB03201B1A00EBF6
:105280005300C00A4FF0FF311C30FFF7A1FF10B1EF
:105290009A4807F00BFC00232B7002B0BDE8F081A8
:1052A0000F200AF0DFFCC0F53B600830B0F5FA6F64
:1052B000A8BF4FF4FA60B0F5AF6FB8BF4FF4AF605E
:1052C0005A23A0F5AF6003FB00F08D4B00F59670FC
:1052D000A3FB003080094FF0FF311C30FFF778FF4F
:1052E000D5E7884B1B78002B00F0F980152008F0DB
:1052F0006BFE024641F25C239342A8BF1346B3F50E
:105300002F7FB8BF4FF42F735A21A3F52F7301FBE2
:1053100003F37D497D4C03F5FA63A1FB03131B0ADC
:105320004FF0FF3103F11C002260FFF751FFAEE7A1
:10533000774B784A1B681268B3F57A6FA8BF4FF4B1
:105340007A63B2F57A6FA8BF4FF47A62B3F5FA7F49
:10535000B8BF4FF4FA73B2F5FA7FB8BF4FF4FA72E0
:10536000A2F5FA71A3F5FA705A2303FB00F003FBD0
:1053700001F1694B01F2D66100F2D660A3FB012175
:10538000A3FB0030C90AC00A1C311C30FFF720FF04
:105390007DE7624B604A1B68B3F57A6FA8BF4FF494
:1053A0007A63B3F5FA7FB8BF4FF4FA735A21A3F5C5
:1053B000FA7001FB00F000F2D660A2FB0020C00AE8
:1053C0004FF0FF311C30FFF703FF60E72722002476
:1053D000CDE900244948524FDFF82481474E762317
:1053E0001C2107F00DFD16E0B0F5AF7FA8BF4FF40C
:1053F000AF70A0F1320103FB01F19631A8FB01313E
:1054000049091C3109B201231C442722304606F009
:105410008FFD0C2C09D0E1B2384605F04BFF312846
:105420004FF05A03E0D81C21EDE701200AF01AFCE6
:105430003C4B3D49A0F1320203FB02F26FF467706E
:10544000024481FB02311144D317C3EBA123002A8C
:10545000B4BF03F5AF7303F25F13B3F5AF7FA8BF1B
:105460004FF4AF73322BB8BF3223A3F132045A2367
:1054700003FB04F4224B96340020A3FB04340AF00F
:10548000F1FB284B2849A0F1320203FB02F26FF432
:1054900067731A4481FB02311144D317C3EBA12374
:1054A000002AB4BF03F5AF7303F25F13B3F5AF7F08
:1054B000A8BF4FF4AF73322BB8BF3223A3F1320130
:1054C0005A220F4B02FB01F19631A3FB0131640913
:1054D0001C3449091C312046FFF77AFED8E611201A
:1054E0000AF0C0FB024605E76E9BFF1FC88DFF1F39
:1054F000649BFF1FE49AFF1F01011000B89BFF1F70
:10550000B5814E1B4C99FF1FD34D62105099FF1F60
:10551000C09AFF1FBC9AFF1F1BECCB95D499FF1FAD
:105520002C9BFF1FD4FEFFFFC70FB38D2DE9F04367
:10553000834D044683B02846E668D4F8008007F01F
:10554000A5FA1120FFF7FCFD012719234FF02809C8
:105550001946242228460197CDF8009007F050FC08
:105560007823194624222846CDF80090019707F0A9
:1055700047FC3946284608F0F9F8724B2B61B8F120
:10558000000F07D040460CF0BBFF414602462846BC
:1055900008F0B6FB6A4808F015FC4FF4A0136A49FE
:1055A00067482B61032208F0ABFB654808F00AFC52
:1055B0004FF40C13654962482B61032208F0A0FBED
:1055C0005F4808F0FFFB002E40F09080604B012701
:1055D00038461F70FFF722FC6368628919882389A7
:1055E000D21A61D0C91A02EBD2735C205B1000FBA7
:1055F000013303FB02F1002993FBF2F3554AACBFE0
:105600001B331A3399B211801A2001221BB2CDE943
:10561000000219464A48142207F0F2FB002E4ED031
:10562000238A628AE168D21A098800F08680CB1A40
:1056300002EBD2715C20491000FB031191FBF2F3E5
:1056400001FB02F2002AACBF1B331A3399B21BB222
:10565000414A3B48118001263822CDE900261946EF
:10566000322207F0CDFB0923002200934023019250
:105670001946334807F016FC3146314808F076F8F1
:105680006368364A2A6119882D4808F093FB34492B
:105690002B48324608F034FBE3682948198803B0E8
:1056A000BDE8F04308F086BB2A4A019749231A2136
:1056B0000091234813801946142207F0A1FB4023D0
:1056C00000220921CDE900121D48194607F0EAFB26
:1056D0001B48012108F04AF86368224A2A611988A8
:1056E000174803B0BDE8F04308F064BB2F20FFF774
:1056F00027FD1D49124803224FF448132B6108F07F
:10570000FFFA0F4808F05EFB0127114B38461F7067
:10571000FFF784FB6368628919882389D21A7FF4B2
:1057200061AF0C4A019749231A2100910448138064
:105730001946142207F064FB72E74923194687E7EC
:10574000B89BFF1F19000200383501003C350100ED
:10575000B49BFF1F6A9BFF1F6C9BFF1F440002004E
:105760004435010068000200403501002DE9F04792
:10577000D0F80C8082B01E461446002A4AD0052A72
:10578000054654D00B9B864A00EBC307012C788951
:105790003989D7F804C0A0EB010382FB03E21A4465
:1057A0004FEAE373C3EBA213BCF8002000F0F280D1
:1057B000042C77D07B4F7B480022402309210091A5
:1057C0000192194607F06EFB7648012107F0CEFFE3
:1057D000B8F1000F00F0D480734B3B616B687148E7
:1057E000198808F0E7FA71496E48012208F088FA32
:1057F000EB686C48198808F0DDFA6D4B022CB3F9A0
:10580000001000F09080082C00F0C280012002B04F
:10581000BDE8F087674D684A2B681268CB1A93423F
:105820000F4600F29880204602B0BDE8F0875D4F39
:105830004FF007094FF0000A5A2323223846CDE9DA
:10584000009A1A2107F02EFB3846012107F08EFF3F
:105850005A4B3B614FF001134A467B615849384629
:1058600008F04EFA384608F0ADFA384607F01EF94F
:105870004FF4FA6009F078F9FFF7F0FA5A2323227F
:105880001A213846CDE9009A07F00CFB384607F09C
:105890000DF92846FFF74AFE4A4B01221A70FFF71E
:1058A000CBFC88E712FA83F2914203DC9042A8BF56
:1058B000104681B20A9AACF80010B6F900303948A7
:1058C00002F106090FFA82FA0FFA89F90022194645
:1058D0000192CDF80090524607F092FA7B687A89DF
:1058E00019883B89D21A58D0C91A02EBD2735B10BF
:1058F0005C2000FB013303FB02F1002993FBF2F370
:10590000ACBF1B331A339AB21BB201213280254837
:10591000019152461946CDF8009007F071FA2A4BD2
:1059200000221A7046E74A1C12B291421A803FF4D4
:105930006DAF0A9AB6F900301A480632012412B245
:10594000CDE900240A9A194612B207F059FA204606
:1059500002B0BDE8F0871C4933880A781148013A43
:1059600018BF012201920A700A9A063212B20092FE
:105970000A9A1BB212B2194607F042FA2F6045E7A5
:105980006B68124A3A611988064808F013FA34E73E
:105990000022CAE79BB2D21A86E749231A46B4E727
:1059A000C94216B2B89BFF1F4400020044350100F3
:1059B000669BFF1FB09BFF1FF04E010035002300C8
:1059C000483501006E9BFF1FB49BFF1F680002005B
:1059D0002DE9F04F594F5A4D91F801A09846B7F96B
:1059E000003083B055F823900646BAF1000F01D07D
:1059F00091F800A0DFF84CB11AB99BF80030002BE9
:105A000038D0514D002348462B808BF80030FFF7EB
:105A10008DFD4E4A4E4BB5F90040012111704FF6F5
:105A2000FF721A805CB3012C5246314647D03223B4
:105A30000124CDE900344846464BFFF797FE002687
:105A40000446B5F90030022B46DD00232B80B7F960
:105A50000030002B49DB052BC4BF00233B80B8F18D
:105A6000000F47D1002E0CBF20464FF0FF3003B08F
:105A7000BDE8F08F344DB5F90040002CD3D1364B42
:105A8000364A19681368F31A8B420AD9344B1878CE
:105A90000124001B18BF01201870FFF7BFF92F4A1F
:105AA0001660BAF1010F36D0BAF1040F25D0BAF161
:105AB000020F36D0BAF1080F37D00026C1E7142301
:105AC000002600930196274B4846FFF74FFEB5F995
:105AD0000030022B0446B8DCB9D1D9F80C30002BC9
:105AE000B3D0B7F90030002BB5DA05233B80B8F10D
:105AF000000FB7D0FFF7A0FBB4E73B88013B1BB218
:105B00003B80D9F8143001228BF800203BB10026ED
:105B10004846984795E73B8801331BB2F0E71E469D
:105B20008FE701232B80002691E7D9F8143000225B
:105B30002A804FF0FF36002BEAD188E7649BFF1FD5
:105B4000CC8DFF1F689BFF1F669BFF1F6E9BFF1F77
:105B5000C88DFF1F6C9BFF1FF04E0100B09BFF1F05
:105B6000B49BFF1F6A9BFF1F01210D2008F06CBF33
:105B700000210D2008F068BF01460D2008F064BF29
:105B800008B50D2008F086FFB0FA80F1BDE80840A6
:105B900049090D2008F058BF10B5044600216408DB
:105BA0000D2008F051FF204608F0DEFF0D200121F6
:105BB00008F04AFF2046BDE8104008F0D5BF00BFFE
:105BC00008B5234A234B12681B8893421ADA2249EC
:105BD0000888B0EB030C37D00CEBDC718242D4BFE9
:105BE000C3EB0203C3EB0003491040F2532202FB54
:105BF000031101FB0CF3002B91FBFCF1ACBF053151
:105C0000043100E000210A2008F094FD134B1978BC
:105C1000A9B1134B13491B6840F2271283F3070302
:105C200002FB03F33F33A1FB03215B1A01EB53019A
:105C30008909BDE808400531092008F07BBDBDE8B1
:105C40000840092008F076BD4FF49771DBE700BFEC
:105C50008899FF1F8E99FF1F8C99FF1FD69AFF1FEF
:105C6000A89AFF1F110804027F28A8BF7F204FF4C5
:105C7000167300FB03F310493F33A1FB03215B1AAA
:105C800001EB530110B5890904460A2008F052FDC2
:105C9000A4F17F034FF4967202FB03F307493F3BE5
:105CA00081FB03211944DB17BDE81040A3EBA111D0
:105CB000092008F03FBD00BF110804020904028159
:105CC00038B5094D8224204604F0DEFC35F8021F69
:105CD00000B28842204601D003F086F90234A4B213
:105CE0008A2CF0D138BD00BF109BFF1F024B44200F
:105CF000198803F079B900BFF89AFF1F024B76208C
:105D0000198803F071B900BF049BFF1F024B80206C
:105D1000198803F069B900BF109BFF1F024B4E208A
:105D2000198803F061B900BFE89AFF1F024B9A205F
:105D3000198803F059B900BF069AFF1F024B98203B
:105D4000198803F051B900BF089AFF1F024B8C203D
:105D5000198803F049B900BF0A9AFF1F024B9C2023
:105D6000198803F041B900BF3E9AFF1F024BA020E3
:105D7000198803F039B900BFAE9AFF1F024B962075
:105D8000198803F031B900BF3C9AFF1F024B8A20EB
:105D9000198803F029B900BFD49AFF1F024BB6201F
:105DA000198803F021B900BFB499FF1F024BB4203A
:105DB000198803F019B900BFC099FF1F024B642076
:105DC000198803F011B900BFCC99FF1F024B622064
:105DD000198803F009B900BF329BFF1F024B102046
:105DE000198803F001B900BF6098FF1F024B2820FB
:105DF000198803F0F9B800BF869AFF1F024B0E20E6
:105E0000198803F0F1B800BF309BFF1F024B9E20A2
:105E1000198803F0E9B800BF3A8DFF1F024B30200C
:105E2000198803F0E1B800BF349BFF1F024B2E20FE
:105E3000198803F0D9B800BF369BFF1F024B2C20F6
:105E4000198803F0D1B800BFAC99FF1F024B162090
:105E5000198803F0C9B800BF389BFF1F024B5A20B6
:105E6000198803F0C1B800BF6299FF1F024BBE2022
:105E7000198803F0B9B800BF249AFF1F024B1A20FB
:105E8000198803F0B1B800BF6298FF1F024BBA2017
:105E9000198803F0A9B800BFF49AFF1F024B6C20C9
:105EA000198803F0A1B800BF049AFF1F024B6820B5
:105EB000198803F099B800BF5E9AFF1F024B322089
:105EC000198803F091B800BFC89AFF1F024B202029
:105ED000198803F089B800BFCE99FF1F024B7220CA
:105EE000198803F081B800BF349AFF1F024B662067
:105EF000198803F079B800BFDE99FF1F024B1C2000
:105F0000198803F071B800BFDC99FF1F024BBC2059
:105F1000198803F069B800BFDA9AFF1F024BA2206C
:105F2000198803F061B800BFD89AFF1F024B1820F0
:105F3000198803F059B800BFE09AFF1F024BB22046
:105F4000198803F051B800BF629AFF1F024BB020BE
:105F5000198803F049B800BF649AFF1F024BAE20B6
:105F6000198803F041B800BF4899FF1F024BAC20CD
:105F7000198803F039B800BF4A99FF1F024BC220AD
:105F8000198803F031B800BFBC8DFF1F024BC02041
:105F9000198803F029B800BF3C9BFF1F024B5E200D
:105FA000198803F021B800BFC68DFF1F024B5C208B
:105FB000198803F019B800BFC28DFF1F024B54208F
:105FC000198803F011B800BFC48DFF1F024B502089
:105FD000198803F009B800BFC08DFF1F024B56207F
:105FE000198803F001B800BF409BFF1F024B5220ED
:105FF000198802F0F9BF00BFBE8DFF1F024B1E20A3
:10600000198802F0F1BF00BF609BFF1F0C4B1B887B
:106010000846032B13D8DFE803F00E0A06020949ED
:1060200004220CF0F3B9084904220CF0EFB9074937
:1060300004220CF0EBB9064904220CF0E7B97047D2
:106040000A9AFF1F1C3601001836010014360100A1
:10605000103601001E4B1B8808460B2B37D8DFE893
:1060600003F00A0E12161A1E22262A2E320619498B
:1060700004220CF0CBB9184904220CF0C7B9174917
:1060800004220CF0C3B9164904220CF0BFB915491B
:1060900004220CF0BBB9144904220CF0B7B913491F
:1060A00004220CF0B3B9124904220CF0AFB9114923
:1060B00004220CF0ABB9104904220CF0A7B90F4927
:1060C00004220CF0A3B90E4904220CF09FB97047CA
:1060D0003C9AFF1F0C3B01004C3C010020360100A4
:1060E000043C010024360100EC3B0100283601008D
:1060F0002C3601007439010030360100183B0100D4
:1061000034360100074B10B4B3F800C0064C074BFF
:1061100008460422BCF1000F14BF2146194610BCEA
:106120000CF074B9F699FF1F383601003C360100B7
:10613000074B10B4B3F800C0064C074B08460422C6
:10614000BCF1000F14BF2146194610BC0CF05EB91B
:10615000E699FF1F383601003C360100074B10B4AA
:10616000B3F800C0064C074B08460422BCF1000FF0
:1061700014BF2146194610BC0CF048B94699FF1FC0
:10618000383601003C360100074B10B4B3F800C0AC
:10619000064C074B08460422BCF1000F14BF2146F1
:1061A000194610BC0CF032B90E9AFF1F38360100A8
:1061B0003C360100074B10B4B3F800C0064C074B47
:1061C00008460422BCF1000F14BF2146194610BC3A
:1061D0000CF01CB95C9AFF1F383601003C360100F8
:1061E000074B10B4B3F800C0064C074B0846042216
:1061F000BCF1000F14BF2146194610BC0CF006B9C3
:106200005A9AFF1F383601003C360100074B10B484
:10621000B3F800C0064C074B08460422BCF1000F3F
:1062200014BF2146194610BC0CF0F0B85C99FF1F52
:10623000383601003C3601001C4B1B8808460A2BEF
:1062400033D8DFE803F00A0E12161A1E22262A2E71
:1062500006001749042207F0C5BF1649042207F0BB
:10626000C1BF1549042207F0BDBF1449042207F03D
:10627000B9BF1349042207F0B5BF1249042207F041
:10628000B1BF1149042207F0ADBF1049042207F045
:10629000A9BF0F49042207F0A5BF0E49042207F049
:1062A000A1BF0D49042207F09DBF7047D49AFF1F7C
:1062B000643601003C3601004036010044360100DE
:1062C000483601004C3601005036010054360100BA
:1062D000583601005C360100603601003C4B1B88DB
:1062E0000846182B72D8DFE803F06D6965615D59C7
:1062F00055514D4945413D3935312D2925211D192E
:1063000015110D00334904220CF080B832490422E3
:106310000CF07CB83149042207F064BF30490422F4
:106320000CF074B82F49042207F05CBF2E490422F8
:106330000CF06CB82D49042207F054BF2C490422FC
:106340000CF064B82B4904220CF060B82A490422EE
:1063500007F048BF294904220CF058B82849042204
:1063600007F040BF2749042207F03CBF264904221A
:106370000CF04CB82549042207F034BF244904220C
:106380000CF044B82349042207F02CBF2249042210
:106390000CF03CB82149042207F024BF2049042214
:1063A0000CF034B81F4904220CF030B81E49042206
:1063B00007F018BF1D4904220CF028B81C4904221C
:1063C00007F010BF1B4904220CF020B8704700BF33
:1063D000309BFF1FC8360100C4360100C0360100E3
:1063E000BC360100B8360100B4360100B0360100F9
:1063F000AC360100A8360100A4360100A036010029
:106400009C36010098360100943601009036010058
:106410008C36010088360100843601008036010088
:106420007C360100783601007436010070360100B8
:106430006C36010068360100014B187802F054BD3B
:10644000E68DFF1F014B187802F028BD749BFF1FDB
:10645000394BF0B5B3F800E0384D394B06461C68AF
:106460000FCD87B0EC46ACE80F0095E803004CF880
:10647000040BBEF1030FACF8001016D94FF43465CD
:1064800040F698072F4903220DF10D0007F0AAFEF0
:1064900040F69A339C4248DCAC4215DD2A4904227E
:1064A0000DF1110007F09EFE16E0284B53F82E70F8
:1064B000274B53F82E50E5D0AC4214DC214903227F
:1064C0000DF10D0007F08EFEBC4212DC21490422C2
:1064D0000DF1110007F086FE1622694630460BF0DA
:1064E00095FF07B0F0BD1C4903220DF10D0007F028
:1064F00079FEA4F69804C4EBC404184A630003F5BB
:10650000D773A2FB03231B0A154A2433A2FB0312F1
:10651000D20802F1300102EB8202A3EB42033033D6
:106520008DF811108DF81330D6E70E4904220DF1C5
:10653000110007F057FECFE74499FF1FEC3601002A
:106540007498FF1FCC360100E0360100E83E0100E0
:10655000F83E0100D0360100E83601000564344CF5
:10656000CDCCCCCCD8360100F8B51A4C1A4E2278D6
:106570001A4D0B46003A18BF0122014618463378DF
:106580002F88FFF725FA00239842337023701BDB16
:1065900014BF012000202B889F4214D040F23A7291
:1065A000A3F5AF7302FB03F30D49963B81FB032177
:1065B000DA17A2EB6112002BD4BF02F1320302F111
:1065C0003103084A1360F8BD074A184601231370C7
:1065D0002370E0E7E48DFF1F769BFF1FA699FF1F46
:1065E000B5814E1BB88DFF1F9D9BFF1F054B1B8860
:1065F00008461BB1044904220BF008BF03490422DA
:106600000BF004BFE89AFF1F0437010008370100B0
:10661000054B1B8808461BB1044904220BF0F6BE4B
:106620000349042207F0DEBDAE9AFF1F3836010091
:106630003C36010038B5FCF749FB154B1B7813B10C
:10664000144C237833B9144B1020198802F0CCFC79
:10665000012038BD114D124A2B781188B3FA83F30B
:106660005B0981F0080142202B70118002F0BCFC14
:1066700023783BB12B782BB10121212008F0E4F9DC
:10668000002038BD0021212008F0DEF9002038BDAF
:10669000C69AFF1F629BFF1F6098FF1F639BFF1F2F
:1066A000D099FF1F054B1B8808461BB904490422DB
:1066B00007F098BD0349042207F094BD3C9BFF1FDF
:1066C0000C37010010370100054B1B8808461BB929
:1066D0000449042207F086BD0349042207F082BD65
:1066E000409BFF1F143701001837010030B50D4BD8
:1066F0000D4CB3F800E087B006AB0D4603EB8E0EF1
:106700000FCCEC46ACE80F0094E803008CE80300E3
:106710005EF8181C0422284607B0BDE830400BF094
:1067200075BE00BF049AFF1FD03D010008B574205C
:1067300003F0AAFF044B1988884200D108BDBDE8C8
:106740000840742002F050BC329AFF1F30B50D4B48
:106750000D4CB3F800E089B008AB0D4603EB8E0E8C
:106760000FCCEC46ACE80F0094E80F008CE80F006B
:106770005EF8201C0422284609B0BDE830400BF02A
:1067800045BE00BF329AFF1FE83D010030B50D4BFA
:106790000D4CB3F800E087B006AB0D4603EB8E0E50
:1067A0000FCC0DF1040CACE80F002368CCF80030DE
:1067B0005EF8141C0C22284607B0BDE830400BF0F0
:1067C00025BE00BFDC99FF1F083E010030B50D4B10
:1067D0000D4CB3F800E087B006AB0D4603EB8E0E10
:1067E0000FCCEC46ACE80F0094E803008CE8030003
:1067F0005EF8181C0422284607B0BDE830400BF0B4
:1068000005BE00BFE09AFF1F1C3E010030B50D4BD6
:106810000D4CB3F800E089B008AB0D4603EB8E0ECB
:106820000FCCEC46ACE80F0094E80F008CE80F00AA
:106830005EF8201C0522284609B0BDE830400BF068
:10684000E5BD00BF649AFF1F343E010030B50E4B1A
:106850000E4CB3F800E08BB00AAB0D4603EB8E0E86
:106860000FCC0DF1040CACE80F000FCCACE80F001E
:106870002368CCF800305EF8241C052228460BB0B3
:10688000BDE830400BF0C2BD4A99FF1F543E0100E5
:1068900008B5142003F0F8FE054B1988884200D192
:1068A00008BD142002F0A0FBBDE8084002F05EBA6B
:1068B0005C99FF1F08B5582003F0E6FE054B1988C8
:1068C000884200D108BD582002F08EFBBDE8084088
:1068D00002F04CBA6099FF1F08B5122003F0D4FEF5
:1068E000054B1988884200D108BD122002F07CFBBC
:1068F000BDE8084002F03ABA5E99FF1F30B50F4B71
:106900000F4CB3F800E08DB00CAB0D4603EB8E0ED0
:106910000FCC0DF1040CACE80F000FCCACE80F006D
:1069200094E807008CE807005EF82C1C0422284637
:106930000DB0BDE830400BF069BD00BF5E99FF1F90
:10694000783E010008B5702003F09EFE044B1988C4
:10695000884200D108BDBDE80840702002F044BB69
:106960004499FF1F00B50A4B8C460FCB85B00DF143
:10697000100E0EE90F00074B1B880EEB8303042259
:1069800053F8101C604605B05DF804EB0BF03EBDFB
:10699000A43E01004499FF1F08B5B82003F074FE1F
:1069A000044B1988884200D108BDBDE80840B820D2
:1069B00002F01ABBC299FF1F10B5064B064C1A888D
:1069C0002046072102F000FB21884220BDE810404C
:1069D00002F00ABBF699FF1FD099FF1F10B5064BB6
:1069E000064C1A882046002102F0EEFA2188422047
:1069F000BDE8104002F0F8BAE699FF1FD099FF1FDA
:106A000010B4094B094C0A4A1B8883B0CDE90042F7
:106A100002A800EB8303084653F8081C052203B0C4
:106A200010BC0BF0F3BC00BFCC99FF1F1C3701005A
:106A30002437010010B5064B064C1A882046062163
:106A400002F0C2FA21884220BDE8104002F0CCBA20
:106A50004699FF1FD099FF1F10B5064B064C1A88A8
:106A60002046042102F0B0FA21884220BDE81040FF
:106A700002F0BABA0E9AFF1FD099FF1F10B5064B4D
:106A8000064C1A882046022102F09EFA21884220F4
:106A9000BDE8104002F0A8BA5C9AFF1FD099FF1F12
:106AA00010B5064B064C1A882046012102F08CFADC
:106AB00021884220BDE8104002F096BA5A9AFF1F82
:106AC000D099FF1F80EAE07CACEBE07C002810B599
:106AD0001FFA8CFC20DBCAB9012000EB8002BCEB62
:106AE000420F03464FEA4200F7DA0D4CBCFBF3F2CB
:106AF000A4FB03E002F1300E03FB12C2C30801F84D
:106B000001EB1FFA82FCF1D10B7010BD0028E3D01D
:106B10002B2301F8013BDFE72D2301F8013BDBE7E5
:106B2000CDCCCCCC1A4B1B880C2B084609D0A3F13A
:106B30001902062A25D8DFE802F00C1014181C20D0
:106B400008001449042207F04DBB1349042207F042
:106B500049BB1249042207F045BB1149042207F042
:106B600041BB1049042207F03DBB0F49042207F046
:106B700039BB0E49042207F035BB0D49042207F04A
:106B800031BB0C3B0146012218B2FFF79BBF00BF8F
:106B9000C89AFF1F2C370100483701003037010029
:106BA00034370100383701003C370100403701001D
:106BB00044370100044B18880122A0EB800090406C
:106BC00000B2FFF77FBF00BF749BFF1F034B188805
:106BD0006438012200B2FFF775BF00BFB499FF1FF0
:106BE000034B18886438012200B2FFF76BBF00BF67
:106BF000C099FF1F024B0122B3F90000FFF762BFEB
:106C0000329BFF1F034B18880338012200B2FFF7A5
:106C100059BF00BF869AFF1F034B188818380122FE
:106C200000B2FFF74FBF00BF109BFF1F034B188838
:106C30001838012200B2FFF745BF00BF049BFF1FB9
:106C4000034B18881838012200B2FFF73BBF00BF82
:106C5000F89AFF1FC36818881838012200B2FFF79E
:106C600031BF00BF054B1B8808461BB104490422F5
:106C70000BF0CCBB0349042207F0B4BA089AFF1FFB
:106C8000383601003C360100054B1B8808461BB115
:106C9000044904220BF0BABB0349042207F0A2BA4C
:106CA000069AFF1F383601003C36010038B5094D01
:106CB0004624204603F0E8FC35F8021F00B2884263
:106CC000204601D002F090F90234A4B24E2CF0D14B
:106CD00038BD00BFF89AFF1F38B5094D782420460B
:106CE00003F0D2FC35F8021F00B28842204601D0E2
:106CF00002F07AF90234A4B2802CF0D138BD00BF82
:106D0000049BFF1F70B5414E357804461DB963786A
:106D100073B9284670BD3E48AE2105F059FC3C4889
:106D200005F0B4FE0023337063780125002BF0D00A
:106D3000FBF7CCFF3749384B0978384A1B78127873
:106D400003EB4103217803EB82034A1E0E2AE0D8AD
:106D500001A050F822F000BF956D0000C76D000043
:106D6000136D0000956D0000136D0000136D0000A1
:106D7000136D0000F56D0000136D0000136D000031
:106D8000136D0000136D0000136D0000136D000003
:106D9000076E0000CBB9224B1B886BB121480288DB
:106DA00004294FF6FF7302F1FF3208BF0123134499
:106DB00003F07F03013303801B4A0221012311707A
:106DC0003370284670BD002BF6D0154A1288002A71
:106DD000F2D0164A013B32F81330002BECD0114AA6
:106DE000134813801349144A0123037000200870CC
:106DF0001370E1E70648AF2105F0EAFB0A4A0123D8
:106E00001370337085E709F025F800BFE48DFF1F8C
:106E1000B89BFF1F5D98FF1F5C98FF1F5E98FF1FC8
:106E2000F699FF1FB29AFF1F9D9BFF1FE899FF1F56
:106E3000D299FF1F7298FF1F779BFF1F134BB3F967
:106E4000003010B583EAE372002BA2EBE372BCBF03
:106E50002D2301F8013B92B24FF0010C0CEB8C009A
:106E6000B2EB400F63464FEA400CF7DA084CB2FB36
:106E7000F3FCA4FB03E003FB1C220CF1300EC3085F
:106E800001F801EB92B2F2D10B7010BD4899FF1FCF
:106E9000CDCCCCCC134BB3F9003010B583EAE37200
:106EA000002BA2EBE372BCBF2D2301F8013B92B291
:106EB0004FF0010C0CEB8C00B2EB400F63464FEA35
:106EC000400CF7DA084CB2FBF3FCA4FB03E003FB35
:106ED0001C220CF1300EC30801F801EB92B2F2D182
:106EE0000B7010BDDA9AFF1FCDCCCCCC134BB3F98D
:106EF000003010B583EAE372002BA2EBE372BCBF53
:106F00002D2301F8013B92B24FF0010C0CEB8C00E9
:106F1000B2EB400F63464FEA400CF7DA084CB2FB85
:106F2000F3FCA4FB03E003FB1C220CF1300EC308AE
:106F300001F801EB92B2F2D10B7010BDBE8DFF1FB4
:106F4000CDCCCCCC134BB3F9003010B583EAE3724F
:106F5000002BA2EBE372BCBF2D2301F8013B92B2E0
:106F60004FF0010C0CEB8C00B2EB400F63464FEA84
:106F7000400CF7DA084CB2FBF3FCA4FB03E003FB84
:106F80001C220CF1300EC30801F801EB92B2F2D1D1
:106F90000B7010BDBC8DFF1FCDCCCCCC134BB3F907
:106FA000003010B583EAE372002BA2EBE372BCBFA2
:106FB0002D2301F8013B92B24FF0010C0CEB8C0039
:106FC000B2EB400F63464FEA400CF7DA084CB2FBD5
:106FD000F3FCA4FB03E003FB1C220CF1300EC308FE
:106FE00001F801EB92B2F2D10B7010BD629AFF1F53
:106FF000CDCCCCCC134BB3F9003010B583EAE3729F
:10700000002BA2EBE372BCBF2D2301F8013B92B22F
:107010004FF0010C0CEB8C00B2EB400F63464FEAD3
:10702000400CF7DA084CB2FBF3FCA4FB03E003FBD3
:107030001C220CF1300EC30801F801EB92B2F2D120
:107040000B7010BDD89AFF1FCDCCCCCC134BB3F92D
:10705000003010B583EAE372002BA2EBE372BCBFF1
:107060002D2301F8013B92B24FF0010C0CEB8C0088
:10707000B2EB400F63464FEA400CF7DA084CB2FB24
:10708000F3FCA4FB03E003FB1C220CF1300EC3084D
:1070900001F801EB92B2F2D10B7010BD3A8DFF1FD7
:1070A000CDCCCCCC134BB3F9003010B583EAE372EE
:1070B000002BA2EBE372BCBF2D2301F8013B92B27F
:1070C0004FF0010C0CEB8C00B2EB400F63464FEA23
:1070D000400CF7DA084CB2FBF3FCA4FB03E003FB23
:1070E0001C220CF1300EC30801F801EB92B2F2D170
:1070F0000B7010BDE68DFF1FCDCCCCCC134BB3F97C
:10710000003010B583EAE372002BA2EBE372BCBF40
:107110002D2301F8013B92B24FF0010C0CEB8C00D7
:10712000B2EB400F63464FEA400CF7DA084CB2FB73
:10713000F3FCA4FB03E003FB1C220CF1300EC3089C
:1071400001F801EB92B2F2D10B7010BDC08DFF1FA0
:10715000CDCCCCCC134BB3F9003010B583EAE3723D
:10716000002BA2EBE372BCBF2D2301F8013B92B2CE
:107170004FF0010C0CEB8C00B2EB400F63464FEA72
:10718000400CF7DA084CB2FBF3FCA4FB03E003FB72
:107190001C220CF1300EC30801F801EB92B2F2D1BF
:1071A0000B7010BDC48DFF1FCDCCCCCC134BB3F9ED
:1071B000003010B583EAE372002BA2EBE372BCBF90
:1071C0002D2301F8013B92B24FF0010C0CEB8C0027
:1071D000B2EB400F63464FEA400CF7DA084CB2FBC3
:1071E000F3FCA4FB03E003FB1C220CF1300EC308EC
:1071F00001F801EB92B2F2D10B7010BDC28DFF1FEE
:10720000CDCCCCCC134BB3F9003010B583EAE3728C
:10721000002BA2EBE372BCBF2D2301F8013B92B21D
:107220004FF0010C0CEB8C00B2EB400F63464FEAC1
:10723000400CF7DA084CB2FBF3FCA4FB03E003FBC1
:107240001C220CF1300EC30801F801EB92B2F2D10E
:107250000B7010BDC68DFF1FCDCCCCCC144B1B8842
:1072600001331BB210B583EAE372002BA2EBE37289
:10727000BCBF2D2301F8013B92B24FF0010C0CEB87
:107280008C00B2EB400F63464FEA400CF7DA094C32
:10729000B2FBF3FCA4FB03E003FB1C220CF1300E59
:1072A000C30801F801EB92B2F2D10B7010BD00BF20
:1072B000F49AFF1FCDCCCCCCC368B3F9003010B525
:1072C00083EAE372002BA2EBE372BCBF2D2301F82B
:1072D000013B92B24FF0010C0CEB8C00B2EB400F73
:1072E00063464FEA400CF7DA074CB2FBF3FCA4FB11
:1072F00003E003FB1C220CF1300EC30801F801EB84
:1073000092B2F2D10B7010BDCDCCCCCC154BB3F9F1
:10731000003083EAE370002BA0EBE370BCBF2D23A9
:1073200001F8013B30B580B24FF0010E0EEB8E0C30
:10733000B0EB4C0F73464FEA4C0EF7DA0A4DB0FB38
:10734000F3FEA5FB034C03FB1E000EF130045FEAC5
:10735000DC0301F8014B80B2F1D104480B701060DE
:1073600030BD00BF6299FF1FCDCCCCCC203A0100CC
:10737000164B1B8808462BB31BB283EAE372002B23
:10738000A2EBE372B8BF2D2310B5B8BF00F8013BE4
:1073900092B2012101EB810CB2EB4C0F0B464FEA8C
:1073A0004C01F7DA0A4CB2FBF3FCA4FB03E103FB4C
:1073B0001C220CF1300ECB0800F801EB92B2F2D196
:1073C000037010BD0349042206F00CBF609BFF1F31
:1073D000CDCCCCCC3C360100164B1B8808462BB3D9
:1073E0001BB283EAE372002BA2EBE372B8BF2D233A
:1073F00010B5B8BF00F8013B92B2012101EB810C3E
:10740000B2EB4C0F0B464FEA4C01F7DA0A4CB2FBD9
:10741000F3FCA4FB03E103FB1C220CF1300ECB08B0
:1074200000F801EB92B2F2D1037010BD03490422BF
:107430000AF0ECBF5E9AFF1FCDCCCCCC4C370100DC
:10744000164B1B8808462BB31BB283EAE372002B52
:10745000A2EBE372B8BF2D2310B5B8BF00F8013B13
:1074600092B2012101EB810CB2EB4C0F0B464FEABB
:107470004C01F7DA0A4CB2FBF3FCA4FB03E103FB7B
:107480001C220CF1300ECB0800F801EB92B2F2D1C5
:10749000037010BD0349042206F0A4BE6099FF1FCB
:1074A000CDCCCCCC3C360100164B1B8808462BB308
:1074B0001BB283EAE372002BA2EBE372B8BF2D2369
:1074C00010B5B8BF00F8013B92B2012101EB810C6D
:1074D000B2EB4C0F0B464FEA4C01F7DA0A4CB2FB09
:1074E000F3FCA4FB03E103FB1C220CF1300ECB08E0
:1074F00000F801EB92B2F2D1037010BD03490422EF
:1075000006F070BEC299FF1FCDCCCCCC3C3601003A
:10751000164B1B8808462BB31BB283EAE372002B81
:10752000A2EBE372B8BF2D2310B5B8BF00F8013B42
:1075300092B2012101EB810CB2EB4C0F0B464FEAEA
:107540004C01F7DA0A4CB2FBF3FCA4FB03E103FBAA
:107550001C220CF1300ECB0800F801EB92B2F2D1F4
:10756000037010BD0349042206F03CBE349BFF1F8C
:10757000CDCCCCCC3C360100164B1B8808462BB337
:107580001BB283EAE372002BA2EBE372B8BF2D2398
:1075900010B5B8BF00F8013B92B2012101EB810C9C
:1075A000B2EB4C0F0B464FEA4C01F7DA0A4CB2FB38
:1075B000F3FCA4FB03E103FB1C220CF1300ECB080F
:1075C00000F801EB92B2F2D1037010BD034904221E
:1075D00006F008BE389BFF1FCDCCCCCC5037010045
:1075E000164B1B8808462BB31BB283EAE372002BB1
:1075F000A2EBE372B8BF2D2310B5B8BF00F8013B72
:1076000092B2012101EB810CB2EB4C0F0B464FEA19
:107610004C01F7DA0A4CB2FBF3FCA4FB03E103FBD9
:107620001C220CF1300ECB0800F801EB92B2F2D123
:10763000037010BD0349042206F0D4BD349AFF1F25
:10764000CDCCCCCC3C360100164B1B8808462BB366
:107650001BB283EAE372002BA2EBE372B8BF2D23C7
:1076600010B5B8BF00F8013B92B2012101EB810CCB
:10767000B2EB4C0F0B464FEA4C01F7DA0A4CB2FB67
:10768000F3FCA4FB03E103FB1C220CF1300ECB083E
:1076900000F801EB92B2F2D1037010BD034904224D
:1076A00006F0A0BDDE99FF1FCDCCCCCC3C3601004E
:1076B000184B1B8808464BB31BB283EAE37C002BB4
:1076C000ACEBE37CB8BF2D2330B5B8BF00F8013B6D
:1076D0001FFA8CFC012101EB810EBCEB4E0F0B4617
:1076E0004FEA4E01F7DA0C4DBCFBF3FEA5FB03415C
:1076F00003FB1ECC0EF13004CB0800F8014B1FFA3F
:107700008CFCF1D105490370116030BD044904229D
:1077100006F068BD369BFF1FCDCCCCCC54370100A2
:107720003C360100184B1B8808464BB31BB283EA5A
:10773000E37C002BACEBE37CB8BF2D2330B5B8BFA6
:1077400000F8013B1FFA8CFC012101EB810EBCEB20
:107750004E0F0B464FEA4E01F7DA0C4DBCFBF3FE21
:10776000A5FB034103FB1ECC0EF13004CB0800F84F
:10777000014B1FFA8CFCF1D105490370116030BD3B
:107780000449042206F02EBDCE99FF1FCDCCCCCCEF
:10779000543701003C360100194B1B88072B084663
:1077A00029D91BB283EAE37C002BACEBE37CB8BFA6
:1077B0002D2330B5B8BF00F8013B1FFA8CFC012126
:1077C00001EB810EBCEB4E0F0B464FEA4E01F7DA90
:1077D0000C4DBCFBF3FEA5FB034103FB1ECC0EF1DD
:1077E0003004CB0800F8014B1FFA8CFCF1D106499C
:1077F0000370116030BD0549042206F0F3BC00BFE0
:10780000249AFF1FCDCCCCCC543701003C3601006C
:1078100010B51C4C22880B466AB31B49022218463D
:1078200006F0E0FCB4F90010002981EAE172A2EB55
:10783000E172B7BF2D2100F1020C00F1030C817041
:1078400092B2012000EB8001B2EB410F03464FEAF8
:107850004100F7DA0D4CB2FBF3F0A4FB03E103FBAC
:10786000102200F1300ECB080CF801EB92B2F2D1ED
:107870008CF8003010BDBDE81040054904221846C0
:1078800006F0B0BC6298FF1F58370100CDCCCCCCBD
:107890003C36010030B5154C85B001252B463C2205
:1078A00002210095204604F00DFF204605F0EEF879
:1078B0000022402380201146019300900C4B02953A
:1078C000204605F063FC204605F0F0F809480A4917
:1078D0000A4A00230360436003720B604B600B7223
:1078E00013605360137205B030BD00BFB89BFF1F1B
:1078F00014480100789BFF1F849BFF1F949BFF1F70
:10790000014B01221A707047769BFF1F30B50A4C5D
:107910000A480B4B85B0042502900190402280213B
:107920000095204604F0DAFC064A0749204605B0D7
:10793000BDE8304009F06CBCB89BFF1F40420F000F
:10794000588FFF1F348DFF1F31C30000F0B5461C58
:1079500083B00323012736B20AB2CDE900370546CA
:107960008CB23748314605F0E7FA0C23A21C00938D
:1079700012B2052329B23248019705F0DDFA314AE7
:10798000314B11881B6803293DD8DFE801F0291627
:10799000020240F6AE02934235DD40F6FD129342FC
:1079A00046DC2A4AA3F6CA0382FB03121A44DB17F9
:1079B000C3EB2215A9B22BB228E040F6860293420F
:1079C00021DD40F65D12934232DC214AA3F6980392
:1079D00082FB0312DB17C3EBA205A9B22BB215E0A1
:1079E00040F6CA02934220DD40F62132934223DC66
:1079F000184AA3F6FC0382FB0312DB17C3EB221524
:107A0000A9B22BB202E0002319461D4604F10D0273
:107A1000521A0121019100930948032312B2314601
:107A200005F040FA284603B0F0BD00231D46EDE7FF
:107A30000A2319461D46E9E70A210B460D46E5E7EC
:107A4000B89BFF1F4499FF1F7498FF1F932449920E
:107A5000398EE3381F85EB512DE9F0438FB283B0A7
:107A6000DFF84C80461DBD1D04B22DB236B24FF07A
:107A700001090AB22346314640460095CDF80490EC
:107A800005F0BEF933462A4621464046CDE9005965
:107A900005F0B6F907F10C02CDF8049000953346D5
:107AA00012B22146404605F0ABF903B0BDE8F083C1
:107AB000B89BFF1F2DE9F047074684B0002936D157
:107AC00001212F4805F052FE2E49BA793B7A11F870
:107AD0000280984521DADFF8A8A046460C244FF032
:107AE0000009FB6853F826305D68AAF81240013699
:107AF0002846AAF8109035B10AF002FD2946024640
:107B0000504606F0FDF8504606F05CF93B7A093421
:107B1000B342A4B201DD422CE3D1B8F1000F20D171
:107B200008F1060898450CDB04B0BDE8F087002199
:107B300034230093124801913F230C2205F0B2F93F
:107B4000BEE73C2301213B22039102930192009363
:107B50000B4839233F223A2105F0EAFA04B0BDE888
:107B6000F0870F2301213B2203910293019200939E
:107B7000034839230C223A2105F0DAFA3B7ACFE7A1
:107B8000B89BFF1F849BFF1F10B50E4C4FF00113D5
:107B900020460121636105F0E9FD0B4B0B49236190
:107BA0000222204606F0ACF809490522204606F0DC
:107BB000A7F8204606F006F92046BDE8104004F07C
:107BC00075BF00BFB89BFF1F550034005C37010034
:107BD000603701002DE9F04F314DDFF8C8B0DFF814
:107BE000C880DFF8C890DFF8C8A00FCD91B003AC13
:107BF0000FC40FCD0FC40FCD0FC400262B68236018
:107C000035463746B4B2B8F8003004EB041004EB44
:107C100000105BF823205146112380B2F9F740FA97
:107C200000EBC00300EB8300224B83FB00230344E3
:107C3000C0173A46C0EB6337C7F13C0005F141017C
:107C400000B204F14103C2F13C020124CDE9000479
:107C500035461BB212B209B2484605F0D1F83B2DA9
:107C60002644CFD1144B1148C9F81030002105F03B
:107C70007DFDB8F8003010AA02EB830353F8344CB2
:107C800054B120460AF03CFC02460848214611B097
:107C9000BDE8F04F06F034B811B0BDE8F08F00BF7A
:107CA000B43E010004350100AC99FF1FB89BFF1FD3
:107CB000E0340100090002806B00340030B53D4C17
:107CC0003D4D83B0204604F0E1FE2B785BBB394884
:107CD000062105F04BFD2B78012B10D9022B0CBF90
:107CE0003649374933484FF00A130322236106F01F
:107CF00007F8304803B0BDE8304006F063B8314BB8
:107D00001988092933D9642934BF1F220A220A237A
:107D100028482282638206F04DF8264803B0BDE869
:107D2000304006F04FB8284B1A780121052302BBDA
:107D3000019100931146204605F0FEF8234B1A7876
:107D4000052312B3012201920093002219480A214F
:107D500005F0A8F81E4B1A78052312B301220192F0
:107D6000144800930022142105F09CF8AFE730225C
:107D7000CDE70022019100931146204605F092F8CC
:107D8000124B1A780523002ADCD1012101910093BE
:107D900008480A2105F0D0F80D4B1A780523002A6F
:107DA000DCD10121019103480093142105F0C4F8AE
:107DB0008DE700BFB89BFF1F779BFF1F683701004F
:107DC0006C370100B29AFF1F5C98FF1F5D98FF1F80
:107DD0005E98FF1F304B70B5B3F9003083EAE37251
:107DE000A2EBE372002B82B092B240DB6C46A44659
:107DF000012000EB8001B2EB410F03464FEA410046
:107E0000F7DA264DB2FBF3F0A5FB036103FB10226A
:107E100000F1300ECB080CF801EB92B2F2D18CF8E5
:107E2000003020460AF06CFB1D4E0221054630460C
:107E300005F09CFC05EB450343F31D035B00C3F118
:107E4000600321222046338272820AF059FB2146C8
:107E50000246304605F054FF304605F0B3FF114BA3
:107E60001B7813B1104B1B7843B902B070BD2D23A2
:107E70008DF800300DF1010C6C46B9E73046012158
:107E800005F074FC094B0A4933610422304605F0C1
:107E900037FF02B070BD00BF6098FF1FCDCCCCCCC7
:107EA000B89BFF1F629BFF1F639BFF1F6400330093
:107EB00070370100F0B52A4B1B5C51F82340237842
:107EC00085B043B900936A46A36901A92046984743
:107ED000A38A9B0702D5012005B0F0BD01A80AF0D6
:107EE0000FFB009E00EB40008400A6B330460AF072
:107EF00007FB00EB400004EB40041A4D6410C4F192
:107F00006007603428230121A4EB400428466B82DB
:107F10002C8205F02BFC30460AF0F2FA314602467C
:107F2000284605F0EDFE284605F04CFF02210D48DD
:107F300005F01CFC212301A86B822F820AF0E0FAD5
:107F400001A90246074805F0DBFE064805F03AFFA6
:107F5000012005B0F0BD6010024DC0F16007E5E7FB
:107F6000789BFF1FB89BFF1F2DE9F041774F3A78B0
:107F7000002A04460D4614BF4FF001084FF00008D8
:107F80004CD1734E3368CB1AB3F5FA6F04D86378CB
:107F900093B94046BDE8F0816E4B6F4819886F4B2E
:107FA0001A706F4B1A700123037026203B7001F08A
:107FB0001BF86378002BECD03560FAF787FE69492F
:107FC000694B0978694A1B78127803EB41032178E1
:107FD00003EB82034A1E0E2ADBD801A050F822F0E0
:107FE00033800000C3800000937F000033800000D6
:107FF000937F0000937F0000937F0000AB80000020
:10800000937F000067800000937F0000937F000053
:10801000937F0000937F00003781000054484C4E4E
:10802000AF2104F0D5FAFFF749FE002335603B701D
:10803000ADE7002B64D04F4A1288002A60D04E4A28
:10804000013B32F81310002970D04248424D4B4C8E
:10805000434A018001232B702620002525701370D0
:1080600000F0C2FF62E0424C204604F00FFD2046C3
:10807000022105F07BFB424B236142490522204649
:1080800005F03EFE204605F09DFE3F4B3F49236133
:108090000522204605F034FE204605F093FE2046DA
:1080A00004F004FD00F0BEFE73E72D4C2378012B95
:1080B00043D9284B2620198800F096FF002323700F
:1080C00067E7002B3FF465AF2A4A1288002A3FF485
:1080D00060AF294A013B32F81330002B3FF459AF0F
:1080E0001D4C1C4925481E4A0B804FF0010884F89E
:1080F00000800024047082F80080FFF7DFFD48E76D
:1081000014481E4C028804294FF6FF7302F1FF3217
:1081100008BF0123134403F07F03013303800E499A
:108120000F4B00220120227008701A70FFF7C6FD65
:108130004FF001082DE707F08DFE084B00221A7062
:10814000054A01233B701370B3E700BFE48DFF1FA6
:10815000709BFF1FB29AFF1FD299FF1F9D9BFF1FAD
:10816000779BFF1F5D98FF1F5C98FF1F5E98FF1FA6
:10817000B89BFF1FF699FF1FE899FF1F7298FF1F1A
:1081800023000F007837010023001E008037010014
:108190002DE9F04FDFF8B4B24FF00113CBF81430F3
:1081A000838813F001068BB004460D46914606D035
:1081B0008368114628460BB0BDE8F04F1847DFF83A
:1081C000908298F80030002B40F09780A079A14B66
:1081D0001F5CB7B169782A78002958D0E168013F5F
:1081E000013A51F82750E9680E88072A6CD8DFE871
:1081F00012F0170107016B001E016B006B006B0092
:108200006500DFF854A269782A781AF8006000291E
:108210002FD1924F3B68A9EB0303B3F5967F40F251
:1082200097808F4B1B5C8F48F61A017806EBC606C9
:10823000013906F10F0218BF0121D3B201701A46AD
:108240000391991E023300933D2302917F480193CD
:10825000392104F06DFFC7F800900127A3889B0720
:1082600003D56B78002B40F0298138460BB0BDE870
:10827000F08F013A217A072A7AD8DFE812F010014C
:10828000F70079001801790079007900DF00734A5E
:108290001368A9EB0303B3F5967F40F2AF80714DED
:1082A000C2F800902E78012E00F08281E16801234F
:1082B0002B700BB0BDE8F04FFFF7FCBD00221A5445
:1082C000EB6928469847E9680E8000252522CDE90C
:1082D00000253C2318225D48412104F0E3FDE168BC
:1082E000A079FFF7E7FD5F4A5C4B157007463846FB
:1082F000C3F800900BB0BDE8F08F584604F0C6FB01
:108300000121584605F032FACBF81060A3885E07C9
:1083100020D5236804A8984704A80AF0F1F804A916
:108320000246584605F0ECFC584605F04BFD092284
:108330000123CDE9002345487F23002104F060FD9F
:1083400000212046FFF7B6FB002388F800303DE708
:108350000F4683E726683EB130460AF0D1F8314631
:108360000246584605F0CCFC384805F02BFDDEE708
:10837000B3465E4500F09180394B13F800903348C6
:10838000A6EB090606EBC60606F10F02D3B2991E4C
:108390001A4602330291009300213D230193039179
:1083A000392104F0C5FE237A052B00F2B580ABEB32
:1083B00009095FFA89F909EBC90909F10F02D3B27A
:1083C0001A46991E0233009301273D231F4802914C
:1083D00001933921039704F0ABFE224A1B48002386
:1083E00001931370342300930B2240233F2104F0A8
:1083F00059FDA0795E460AF800602FE70F4634E782
:10840000AA8A12F004023FF45AAF2A6A9047114B2D
:10841000E96800283FF458AFA2790020985453E748
:108420002B8AB34280F0BE80013EB6B24CE76B8A25
:10843000B34240F2B1800136B6B245E70A4BE27969
:108440001A70012388F800300027D4E7B89BFF1F7B
:10845000E48DFF1F949BFF1F789BFF1FB09BFF1FA6
:10846000849BFF1FB49BFF1F9D9BFF1FE26831B2DF
:1084700052F821907B4A99F80070126804927A4A67
:1084800004991160002F00F09F80012F05D1774BD8
:1084900099F8082088F800701A700027ABE70139B6
:1084A000B142FADD06F1010B5FFA8BFB61E7002EAA
:1084B000F3D006F1FF3B5FFA8BFB5AE7FAF706FCB5
:1084C0006B496C4A6C4B08781B7811782A78022427
:1084D00014FB03030A2A03EB810343D00C2A7FF425
:1084E000C4AE002B3FF4C1AE644A1288002A3FF4A8
:1084F000BCAE5E4A581E1470614A002122F810106A
:108500001933012203FA02F088F8002000F06CFD14
:108510005C4B03221A70A8E6ABEB0902042A1CDDAF
:10852000ABF10409B9F1FF3F0DD1D9460023A2797F
:108530005548815C99423FF43EAF87540121204663
:10854000FFF7B8FA37E7063B4B45A8BF4B46DFB20B
:10855000ABEB07095FFA89F9E9E7002AF3DC0BF1D5
:10856000FF39DFE7002B3FF480AE444A1288002A2F
:108570003FF47BAE3D4A454914700122581E88F8ED
:1085800000203F4A098822F810101933580000F0E3
:108590002BFD3C4B1C7068E6AB8ADA077FF594AE86
:1085A0002E8A91E6AB8AD8077FF58EAE6E8A8BE66F
:1085B000252301910093364829703C23182241213C
:1085C000374604F06FFC50E6721C1A542E4AA37909
:1085D0002F48D25CB21A02EBC2020F32D3B2012191
:1085E0001A460391991E023300933D230291019391
:1085F000392104F09DFDD9F80890019734272448CB
:10860000009740230B223F2104F04CFC01210B2258
:1086100040231F48009701913F2104F08DFC012168
:108620001B480F4605F0A2F8484609F069FFA0EB89
:10863000800000F15F03ABF810300F23ABF812306D
:10864000484609F05DFF49460246114805F058FBCF
:108650000F4805F0B7FBE168A079FFF72BFCA07984
:10866000C9E600BFB09CFF1FB09BFF1F9D9BFF1F73
:108670005C98FF1F5E98FF1F5D98FF1FF699FF1F14
:10868000E899FF1F779BFF1F849BFF1FB29AFF1F74
:10869000B89BFF1F2DE9F04FDFF85091544B99F82C
:1086A00000501B68534F83B0003D01934FF003000F
:1086B00018BF0125019E97F8008006F0EBF982466D
:1086C000042006F0E7F98346052006F0E3F984006C
:1086D000062006F0DFF944EA4B0444EA0A0464B2D7
:1086E000454944EAC00040B20A7880F00F03DBB28B
:1086F0009A42424A15D0166000220B7040498DF80C
:1087000000800B788DF8012063BB3E4832466946F5
:10871000FFF73EFD2843C5B2002D35D103B0BDE8BB
:10872000F08F1268B21A1E2A5DD93A78934249D066
:10873000354C3B702660354C0E2882EA03022660D9
:108740009846DAD00B28D8D130480068301AB0F5F6
:10875000C87FD2D92E4C2068301A3228CDD9266055
:108760001A46CAE7284A12684EF66020B21A8242B8
:108770002DD8013B0B2BCFD8DFE803F022201E1CA5
:108780001A18161412100E0C224804F08FF903B0B8
:10879000BDE8F08F2048B9E72048B7E72048B5E7A3
:1087A0002048B3E72048B1E72048AFE72048ADE7CD
:1087B0002048ABE72048A9E72048A7E72048A5E7DD
:1087C0002048A3E70E284FF00002BBD1BCE70023EE
:1087D00001220B7089F800201B491C4A0B701360A2
:1087E0005360137291E7002287E700BFE48DFF1FFB
:1087F000B09CFF1F9E9BFF1F9F9BFF1FA49BFF1F03
:108800009D9BFF1F44430100909BFF1FA89BFF1FE0
:10881000A09BFF1FB89BFF1FE04C0100D04C010044
:10882000C04C0100E0470100DC440100484D01005C
:10883000F04C01008C4C0100D0470100C4470100FE
:10884000C0450100F44E0100209CFF1F949BFF1FB8
:10885000F8B5724E30780C4640B9714B1B6899429E
:1088600003D3704A012313703370F8BD6E4D6F4F00
:10887000284604F00BF96A4B04F6AC541C60312313
:108880002B614FF001136B6100212846317004F019
:108890006DFF67490522284605F032FA284605F0A3
:1088A00091FA644B2B6164490B22284605F028FAA3
:1088B00062490522284605F023FA284605F082FA87
:1088C0005F4B604A1C68A4F69803C3EBC3035B00CC
:1088D00003F5D77382FB0312002B4FEAE3763B8844
:1088E000C6EB2226ACBF24362336032B9CBF564A48
:1088F00052F82330554A2A6188BF00239C424FF02A
:1089000022014FF0040038DCFFF720F83C880746CE
:10891000002C50D0012C4FF00C024FD04C49424853
:1089200005F0EEF9404805F04DFA4A4B3E482B6100
:10893000394605F03FFA48493B48072205F0E0F97F
:10894000464B394883FB0623F417C4EBA3042146A6
:1089500005F030FA04EB840401224149324805F065
:10896000CFF9A6EB4401304805F024FA3D492E48E2
:10897000012205F0C5F90120F8BDFFF76DF80922C5
:108980003949294805F0BCF93B88324A2A61022B53
:10899000D6D940F69A339C4206DD344922480C224F
:1089A00005F0AEF90120F8BD31491F480D2205F050
:1089B000A7F90120F8BD2F491022B0E72E491A4827
:1089C00005F09EF9184805F0FDF9224B2B61394658
:1089D000154805F0EFF907221F49134805F090F9F3
:1089E0001E4B114883FB0623F517C5EBA30529464B
:1089F00005F0E0F905EB8505224619490A4805F01E
:108A00007FF9A6EB4501084805F0D4F91549064859
:108A1000224605F075F92046F8BD00BFE48DFF1F22
:108A2000AC9BFF1F9D9BFF1FB89BFF1F4499FF1F1F
:108A30008837010010000C009037010060370100FA
:108A40007498FF1F0564344C083F0100100020009B
:108A5000F437010010002A00DC3701006766666603
:108A6000C84F0100404F01009C370100A8370100AA
:108A7000B8370100C8370100E437010028B1054BC1
:108A80001028A8BF102018607047024B0120186002
:108A9000704700BF249CFF1F38B5164C2378451E35
:108AA000EDB2581E00022B0403F4FE0300F47060C4
:108AB000184340F4404040F00C0007F035FE2468B5
:108AC000013C64F03F04E4B2204606F033FF284640
:108AD00006F030FF084B1B7813B1084B1B7803B925
:108AE00038BD204606F08AFA2846BDE8384006F030
:108AF00085BA00BF249CFF1F629BFF1F639BFF1F63
:108B000070B51B4C2378013B02041B0202F4FE02E9
:108B100003F4706313430A0602F0FE421343054652
:108B200043F4304040F00B000E4607F0FDFD246892
:108B3000013C64F04F04E4B2204606F0FBFE2846F8
:108B400006F0F8FE304606F0F5FE0A4B1B7813B12E
:108B5000094B1B7803B970BD204606F04FFA284632
:108B600006F04CFA3046BDE8704006F047BA00BF48
:108B7000249CFF1F629BFF1F639BFF1F70B51B4C54
:108B80002378013B02041B0202F4FE0203F470632B
:108B900013430A0602F0FE421343054643F4104015
:108BA00040F009000E4607F0BFFD2468013C64F068
:108BB0006F04E4B2204606F0BDFE284606F0BAFE79
:108BC000304606F0B7FE0A4B1B7813B1094B1B78F1
:108BD00003B970BD204606F011FA284606F00EFAD9
:108BE0003046BDE8704006F009BA00BF249CFF1F64
:108BF000629BFF1F639BFF1F38B5184C2378013B16
:108C000002041B0202F4FE0203F4706313430546E0
:108C100043F4104040F0090007F086FD2468013C51
:108C200064F06F04E4B2204606F084FE284606F0A5
:108C300081FE002006F07EFE094B1B7813B1094B24
:108C40001B7803B938BD204606F0D8F9284606F04F
:108C5000D5F9BDE83840002006F0D0B9249CFF1FAC
:108C6000629BFF1F639BFF1F38B5154C2378013BA8
:108C700002041B0202F4FE0203F470631343054670
:108C800043F4504040F00D0007F04EFD2468013CD5
:108C900064F02F04E4B2204606F04CFE284606F0AD
:108CA00049FE084B1B7813B1074B1B7803B938BD3D
:108CB000204606F0A3F92846BDE8384006F09EB9E4
:108CC000249CFF1F629BFF1F639BFF1F70B5A0F5D5
:108CD000005241F6FF711E4D8A42A8BF0A462B780A
:108CE00002F500521104013B01F4FE011B02D211F6
:108CF00041EA026203F470631343044643F46040A4
:108D000040F00E0007F010FD2D68013D65F01F05D5
:108D1000EDB204F07F06284606F00CFEC4F3C6143C
:108D2000304606F007FE204606F004FE094B1B788D
:108D300013B1094B1B7803B970BD284606F05EF9E4
:108D4000304606F05BF92046BDE8704006F056B9A3
:108D5000249CFF1F629BFF1F639BFF1F08B5002021
:108D600007F0B4FD0028FAD108BD00BF70B5284E49
:108D700028483378284D013B1B0203F470631843E5
:108D800007F0D2FC3468013C64F04F04E4B22046A2
:108D900006F0D0FD072006F0CDFD642006F0CAFDE8
:108DA0002B7813B11D4B1B783BBB33781C48013B20
:108DB0001B0203F47063184307F0B6FC3468013CEF
:108DC00064F04F04E4B2204606F0B4FD0B2006F038
:108DD000B1FD7F2006F0AEFD2B7813B10F4B1B7851
:108DE00003B970BD204606F009F90B2006F006F91C
:108DF000BDE870407F2006F001B9204606F0FEF87D
:108E0000072006F0FBF8642006F0F8F8CDE700BF75
:108E1000249CFF1F0BB00764629BFF1F639BFF1F17
:108E20000BB00B7F10B5194C19482378013B1B027E
:108E300003F47063184307F077FC2468013C64F086
:108E40004F04E4B2204606F075FD7B2006F072FD6B
:108E5000002006F06FFD0F4B1B7813B10E4B1B78F3
:108E600053B90024E0B2FFF7C7FE0134022005F039
:108E70007BFE802CF6D110BD204606F0BFF87B208B
:108E800006F0BCF8002006F0B9F8EAE7249CFF1FC2
:108E90000BB07B00629BFF1F639BFF1F30B5114A25
:108EA000034692E8030083B0032B0090ADF8041052
:108EB00001D903B030BDF0208DF805306C4606F0C6
:108EC00039FD0DF10505002001E014F8010F06F051
:108ED00031FDAC42F9D1F72003B0BDE8304006F0D7
:108EE00029BD00BF044F010030B5114A034692E886
:108EF000030083B01A1F4C2A0090ADF8041001D96A
:108F000003B030BDF0208DF805306C4606F012FD40
:108F10000DF10505002001E014F8010F06F00AFD2F
:108F2000AC42F9D1F72003B0BDE8304006F002BDF5
:108F30000C4F0100030203F4FE43C0F3C6101843B4
:108F4000704700BF03784078DB0103F47E5300F0E4
:108F50007F001843704700BF82B001AA019002A9A8
:108F6000002012F8013B03F07F03914243EA002006
:108F7000F7D102B0704700BF10B547F61221044682
:108F80000D4804F0DDFC06F0F3FC0C4B1B7853B9E4
:108F90002CB10B4B102CA8BF10241C6010BD084B2B
:108FA00001241C6010BD074847F6122104F010FC94
:108FB00006F028F9ECE700BFE490FF1F629BFF1F5B
:108FC000249CFF1FD090FF1F0388003A4FF0010C34
:108FD0000CFA01FC18BF012223EA0C0302FA01F18A
:108FE0000B430380704700BF70B5CEB20C460546F8
:108FF00005F0B0F8864203D03146284605F0C4F8A3
:109000000135284605F0A6F8210A814200D170BD3D
:109010002846BDE8704005F0B7B800BF70B50546FA
:10902000002005F097F84FF000040346012063F399
:10903000070405F08FF860F30F24002D00F0858100
:109040004FF4AF610220FFF7CFFF04204FF47A61A5
:10905000FFF7CAFF0B2005F01DFD002841F0FE823E
:109060004FF496610620FFF7BFFF4FF4FA61082026
:10907000FFF7BAFF4FF4FA610A20FFF7B5FF40F699
:10908000B8310C20FFF7B0FF4FF42F612220FFF71B
:10909000ABFF40F6AC512420FFF7A6FF7D212A202C
:1090A000FFF7A2FF0C210E20FFF79EFF01211020E9
:1090B000FFF79AFF02211220FFF796FF00211420EC
:1090C000FFF792FF00211620FFF78EFF02211820E4
:1090D000FFF78AFF01211A20FFF786FF01211C20DC
:1090E000FFF782FF04211E20FFF77EFF14212020BE
:1090F000FFF77AFF01212620FFF776FF03212820C2
:10910000FFF772FF04212C20FFF76EFF14212E20A1
:10911000FFF76AFF00213020FFF766FF0C213220A5
:10912000FFF762FF00213420FFF75EFF00213620A9
:10913000FFF75AFF00213820FFF756FF00213A20A1
:10914000FFF752FF00213C20FFF74EFF00213E2099
:10915000FFF74AFF00214020FFF746FF0021422091
:10916000FFF742FF1F214420FFF73EFF1321462057
:10917000FFF73AFF0E214820FFF736FF11214A2062
:10918000FFF732FF0A214C20FFF72EFF00214E206F
:10919000FFF72AFF06215020FFF726FF0221522069
:1091A000FFF722FF0C215420FFF71EFF002156205D
:1091B000FFF71AFF00215820FFF716FF01215A2060
:1091C000FFF712FF08215C20FFF70EFF0F215E2042
:1091D000FFF70AFF00216020FFF706FF042162204D
:1091E000FFF702FF01216420FFF7FEFE0021662049
:1091F000FFF7FAFE0B216820FFF7F6FE7F216A20B9
:10920000FFF7F2FE00216C20FFF7EEFE00216E203A
:10921000FFF7EAFE00217020FFF7E6FE0021722032
:10922000FFF7E2FE00217420FFF7DEFE1F2176200B
:10923000FFF7DAFE13217820FFF7D6FE0E217A2001
:10924000FFF7D2FE11217C20FFF7CEFE0A217E20FF
:10925000FFF7CAFE1F218020FFF7C6FE13218220E0
:10926000FFF7C2FE0E218420FFF7BEFE11218620EB
:10927000FFF7BAFE0A218820FFF7B6FE00218A20F8
:10928000FFF7B2FE00218C20FFF7AEFE00219620F2
:10929000FFF7AAFE00219820FFF7A6FE00219A20E2
:1092A000FFF7A2FE05219C20FFF79EFE06219E20CF
:1092B000FFF79AFE0021A020FFF796FE7F21A22053
:1092C000FFF792FE40F2A461A420FFF78DFE4FF459
:1092D000E161A620FFF788FE0021A820FFF784FEA9
:1092E0000021AA20FFF780FE0221AC20FFF77CFEC0
:1092F0000121AE20FFF778FE0121B020FFF774FEB8
:109300000B21B220FFF770FE6421B420FFF76CFE42
:109310006421B620FFF768FE0321B820FFF764FE42
:109320000121BA20FFF760FE0021BC20FFF75CFEA0
:109330000021BE20FFF758FE0121C020FFF754FE98
:109340000A21C220FFF750FE3CE0A3B24FF6FF72A5
:1093500093423FF475AE302B38D0172B7FF670AEAA
:10936000192B7FF6DFAE1B2B7FF6FCAE1C2B3FF4D8
:1093700011AF1E2B7FF616AF1F2B3FF41BAF202B18
:109380003FF434AF212B3FF43DAF222B3FF442AFEB
:10939000232B3FF44BAF242B3FF47CAF252B81D004
:1093A000262B83D0272B89D0282B95D0292B9BD0F7
:1093B0002A2BA9D02B2BAFD02C2BB1D02D2BB3D057
:1093C0002F2BB5D930210020FFF70EFE022004F02C
:1093D000C1FE4FF000040346032063F3070404F0CA
:1093E000B9FE60F30F24A4B2B4F5805F06D34FF446
:1093F000AF610220FFF7F8FD4FF4AF64D24B0420B9
:109400001C8004F0A7FE4FF000040346052063F320
:10941000070404F09FFE60F30F24A4B2B4F5805F4C
:1094200006D34FF47A610420FFF7DEFD4FF47A642F
:10943000C64B06201C8004F08DFE4FF0000403464E
:10944000072063F3070404F085FE60F30F24A4B241
:10945000A4F52F73B3F57A6F06D940F628210620BC
:10946000FFF7C2FD40F62824B94B08201C8004F009
:1094700071FE4FF000040346092063F3070404F073
:1094800069FE60F30F24A4B2A4F52F73B3F57A6FCD
:1094900006D940F6E4410820FFF7A6FD40F6E44473
:1094A000AC4B0A201C8004F055FE4FF0000403462C
:1094B0000B2063F3070404F04DFE60F30F24A4B205
:1094C000A4F5FA739BB240F6AC52934206D94FF41E
:1094D000FA610A20FFF788FD4FF4FA649E4B0C20D6
:1094E0001C8004F037FE4FF0000403460D2063F3A8
:1094F000070404F02FFE60F30F24A4B2A4F5FA735E
:109500009BB240F6AC52934206D940F6B8310C20DB
:10951000FFF76AFD40F6B834904B0E201C8004F033
:1095200019FE4FF0000403460F2063F3070404F014
:1095300011FE60F30F24A4B2182C04D90C210E20C4
:10954000FFF752FD0C24864B10201C8004F002FE15
:109550004FF000040346112063F3070404F0FAFD02
:1095600060F30F24A4B2631E0F2B04D90121102035
:10957000FFF73AFD01247B4B12201C8004F0EAFD2A
:109580004FF000040346132063F3070404F0E2FDE8
:1095900060F30F24A4B20A2C04D902211220FFF791
:1095A00023FD0224704B14201C8004F0D3FD4FF0E7
:1095B00000040346152063F3070404F0CBFD60F3B9
:1095C0000F24A4B2012C04D900211420FFF70CFDB4
:1095D0000024664B16201C8004F0BCFD4FF00004F4
:1095E0000346172063F3070404F0B4FD60F30F246F
:1095F000A4B27F2C04D900211620FFF7F5FC00242B
:109600005B4B18201C8004F0A5FD4FF000040346BE
:10961000192063F3070404F09DFD60F30F24A4B246
:10962000052C04D902211820FFF7DEFC0224514B3F
:109630001A201C8004F08EFD4FF0000403461B200E
:1096400063F3070404F086FD60F30F24A4B20C2C2E
:1096500004D901211A20FFF7C7FC0124464B1C2026
:109660001C8004F077FD4FF0000403461D2063F3D7
:10967000070404F06FFD60F30F24A4B2042C04D996
:1096800001211C20FFF7B0FC01243C4B1E201C8054
:1096900004F060FD4FF0000403461F2063F307044D
:1096A00004F058FD60F30F24A4B2092C04D904215E
:1096B0001E20FFF799FC0424314B20201C8004F06D
:1096C00049FD4FF000040346212063F3070404F032
:1096D00041FD60F30F24A4B2462C04D914212020AC
:1096E000FFF782FC1424274B22201C8004F032FD5B
:1096F0004FF000040346232063F3070404F02AFD1F
:1097000060F30F24A4B2A4F5FA739BB240F6AC52F6
:10971000934206D94FF42F612220FFF765FC4FF4E6
:109720002F64194B24201C8004F014FD4FF000041A
:109730000346252063F3070404F00CFD60F30F24B7
:10974000A4B2A4F5FA7321E08E99FF1F8C99FF1F34
:10975000DE9AFF1FDC9AFF1FCC9AFF1FCA9AFF1FD9
:10976000309BFF1F6098FF1F5E99FF1F5C99FF1FD2
:10977000389BFF1FE09AFF1F6298FF1FDC99FF1FB5
:10978000609BFF1FCE99FF1FE499FF1F9BB240F61D
:10979000AC55AB4204D929462420FFF725FC2C46C2
:1097A000D44B26201C8004F0D5FC4FF00004034667
:1097B000272063F3070404F0CDFC60F30F24A4B268
:1097C0007F2C04D901212620FFF70EFC0124CA4B6F
:1097D00028201C8004F0BEFC4FF000040346292022
:1097E00063F3070404F0B6FC60F30F24A4B2062C64
:1097F00004D903212820FFF7F7FB0324BF4B2A20BD
:109800001C8004F0A7FC4FF0000403462B2063F3F8
:10981000070404F09FFC60F30F24A4B2A4F1320308
:10982000B3F5967F04D97D212A20FFF7DDFB7D2447
:10983000B34B2C201C8004F08DFC4FF00004034639
:109840002D2063F3070404F085FC60F30F24A4B219
:109850000C2C04D904212C20FFF7C6FB0424A94BAF
:109860002E201C8004F076FC4FF0000403462F20CD
:1098700063F3070404F06EFC60F30F24A4B21E2C03
:1098800004D914212E20FFF7AFFB14249E4B302067
:109890001C8004F05FFC4FF000040346312063F3AA
:1098A000070404F057FC60F30F24A4B2092C04D978
:1098B00000213020FFF798FB0024944B32201C80BD
:1098C00004F048FC4FF000040346332063F3070420
:1098D00004F040FC60F30F24A4B21F2C04D90C2127
:1098E0003220FFF781FB0C24894B34201C8004F0CC
:1098F00031FC4FF000040346352063F3070404F005
:1099000029FC60F30F24A3B27F2B04D9002134205B
:10991000FFF76AFB00237F4C3620238004F01AFCFB
:109920004FF000050346372063F3070504F012FCEF
:1099300060F30F25ADB27F2D04D900213620FFF74B
:1099400053FB00256580382004F004FC4FF000052F
:109950000346392063F3070504F0FCFB60F30F2591
:10996000ADB27F2D04D900213820FFF73DFB002543
:10997000A5803A2004F0EEFB4FF0000503463B20A3
:1099800063F3070504F0E6FB60F30F25ADB27F2D0E
:1099900004D900213A20FFF727FB0025E5803C2071
:1099A00004F0D8FB4FF0000503463D2063F30705A4
:1099B00004F0D0FB60F30F25ADB27F2D04D9002158
:1099C0003C20FFF711FB002525813E2004F0C2FB5F
:1099D0004FF0000503463F2063F3070504F0BAFB90
:1099E00060F30F25ADB27F2D04D900213E20FFF793
:1099F000FBFA00256581402004F0ACFB4FF0000528
:109A00000346412063F3070504F0A4FB60F30F2530
:109A1000ADB27F2D04D900214020FFF7E5FA0025E3
:109A2000A581422004F096FB4FF00004034643203A
:109A300063F3070404F08EFB374D60F30F244420DA
:109A40002C8004F087FB4FF000040346452063F3AD
:109A5000070404F07FFB60F30F24A4B2302C04D978
:109A60001F214420FFF7C0FA1F242C4E46203480CB
:109A700004F070FB4FF000040346472063F3070433
:109A800004F068FB60F30F24A4B2302C04D9132136
:109A90004620FFF7A9FA13247480482004F05AFBEB
:109AA0004FF000040346492063F3070404F052FB1F
:109AB00060F30F24A4B2302C04D90E214820FFF704
:109AC00093FA0E24B4804A2004F044FB4FF00004C3
:109AD00003464B2063F3070404F03CFB60F30F24C0
:109AE000A4B2302C1CD911214A20FFF77DFA112491
:109AF00016E000BFE299FF1FB29AFF1F869AFF1F70
:109B0000A699FF1FAC99FF1F369BFF1F349BFF1FB9
:109B1000C89AFF1FE899FF1FD099FF1FF89AFF1FEF
:109B2000F4804C2004F016FB4FF0000403464D2057
:109B300063F3070404F00EFB60F30F24A4B2302C8F
:109B400004D90A214C20FFF74FFA0A2434814E2011
:109B500004F000FB4FF0000403464F2063F30704BA
:109B600004F0F8FA60F30F24A4B2012C04D9002108
:109B70004E20FFF739FA0024CF4B50201C8004F010
:109B8000E9FA4FF000040346512063F3070404F0A0
:109B9000E1FA60F30F24A4B2631E0B2B04D9062153
:109BA0005020FFF721FA0624C44B52201C8004F0F9
:109BB000D1FA4FF000040346532063F3070404F086
:109BC000C9FA60F30F24A4B2042C04D90221522054
:109BD000FFF70AFA0224BA4B54201C8004F0BAFAA8
:109BE0004FF000040346552063F3070404F0B2FA73
:109BF00060F30F24A4B2631E1D2B04D90C21542042
:109C0000FFF7F2F90C24AF4B56201C8004F0A2FAA7
:109C10004FF000040346572063F3070404F09AFA58
:109C200060F30F24A4B2012C04D900215620FFF7C1
:109C3000DBF90024A44B58201C8004F08BFA4FF071
:109C400000040346592063F3070404F083FA60F329
:109C50000F24A4B27F2C04D900215820FFF7C4F9A7
:109C600000249A4B5A201C8004F074FA4FF0000430
:109C700003465B2063F3070404F06CFA60F30F24DF
:109C8000A4B2631E092B04D901215A20FFF7ACF9B5
:109C900001248F4B5C201C8004F05CFA4FF0000420
:109CA00003465D2063F3070404F054FA60F30F24C5
:109CB000A4B2631E102B04D908215C20FFF794F98D
:109CC0000824844B5E201C8004F044FA4FF000040A
:109CD00003465F2063F3070404F03CFA60F30F24AB
:109CE000A4B2631E1D2B04D90F215E20FFF77CF95F
:109CF0000F24794B60201C8004F02CFA4FF00004F4
:109D00000346612063F3070404F024FA60F30F2490
:109D1000A4B2022C04D900216020FFF765F90024C9
:109D20006E4B64201C8004F015FA4FF000040346CB
:109D3000652063F3070404F00DFA60F30F24A4B266
:109D4000012C04D901216420FFF74EF90124644B52
:109D500062201C8004F0FEF94FF0000403466320EB
:109D600063F3070404F0F6F960F30F24A4B2E31ED2
:109D7000012B04D904216220FFF736F90424594B42
:109D800066201C8004F0E6F94FF0000403466720CB
:109D900063F3070404F0DEF960F30F24A4B27F2C10
:109DA00004D900216620FFF71FF900244E4B6820DC
:109DB0001C8004F0CFF94FF000040346692063F3E0
:109DC000070404F0C7F960F30F24A4B27F2C04D970
:109DD0000B216820FFF708F90B24444B6A201C80F4
:109DE00004F0B8F94FF0000403466B2063F3070456
:109DF00004F0B0F960F30F24A4B27F2C04D97F21C2
:109E00006A20FFF7F1F87F24394B6C201C8004F0A6
:109E1000A1F94FF0000403466D2063F3070404F03A
:109E200099F960F30F24A4B2052C04D900216C2009
:109E3000FFF7DAF800242F4B6E201C8004F08AF91B
:109E40004FF0000403466F2063F3070404F082F927
:109E500060F30F24A4B2192C04D900216E20FFF75F
:109E6000C3F80024244B70201C8004F073F94FF0D9
:109E700000040346712063F3070404F06BF960F3F8
:109E80000F24A4B2032C04D900217020FFF7ACF8F2
:109E900000241A4B72201C8004F05CF94FF000047F
:109EA0000346732063F3070404F054F960F30F24AE
:109EB000A4B2062C29D923E0E89AFF1FC08DFF1F0A
:109EC000BE8DFF1FC48DFF1F409BFF1F6099FF1FAA
:109ED0006299FF1FC28DFF1FC68DFF1F3E9BFF1F94
:109EE000CC99FF1F329BFF1FDE99FF1F5E9AFF1F59
:109EF000609AFF1F049AFF1F789AFF1F4499FF1F63
:109F000000217220FFF770F80024D44B74201C80CD
:109F100004F020F94FF000040346752063F30704B2
:109F200004F018F960F30F24A4B2072C04D900211F
:109F30007420FFF759F80024C94B8A201C8004F0D4
:109F400009F94FF0000403468B2063F3070404F083
:109F500001F960F30F24A4B20A2C04D900218A204D
:109F6000FFF742F80024BF4B8C201C8004F0F2F86D
:109F70004FF0000403468D2063F3070404F0EAF871
:109F800060F30F24A4B2042C04D900218C20FFF725
:109F90002BF80024B44B98201C8004F0DBF84FF021
:109FA00000040346992063F3070404F0D3F860F338
:109FB0000F24A4B2012C04D900219820FFF714F833
:109FC0000024AA4B9A201C8004F0C4F84FF000042F
:109FD00003469B2063F3070404F0BCF860F30F24EE
:109FE000A4B2012C04D900219A20FEF7FDFF002421
:109FF0009F4B96201C8004F0ADF84FF00004034600
:10A00000972063F3070404F0A5F860F30F24A4B2CB
:10A010000B2C04D900219620FEF7E6FF0024954B77
:10A020009C201C8004F096F84FF0000403469D200D
:10A0300063F3070404F08EF860F30F24A4B2A31EA8
:10A04000032B04D905219C20FEF7CEFF05248A4B63
:10A0500076201C8004F07EF84FF000040346772041
:10A0600063F3070404F076F860F30F24A4B2302CF5
:10A0700004D91F217620FEF7B7FF1F247F4E7820DA
:10A08000348004F067F84FF000040346792063F34E
:10A09000070404F05FF860F30F24A4B2302C04D955
:10A0A00013217820FEF7A0FF132474807A2004F097
:10A0B00051F84FF0000403467B2063F3070404F0DB
:10A0C00049F860F30F24A4B2302C04D90E217A2071
:10A0D000FEF78AFF0E24B4807C2004F03BF84FF09A
:10A0E000000403467D2063F3070404F033F860F3B3
:10A0F0000F24A4B2302C04D911217C20FEF774FF68
:10A100001124F4807E2004F025F84FF0000403466B
:10A110007F2063F3070404F01DF860F30F24A4B25A
:10A12000302C04D90A217E20FEF75EFF0A243481F8
:10A13000802004F00FF84FF000040346812063F301
:10A14000070404F007F860F30F24A4B2302C04D9FC
:10A150001F218020FEF748FF1F24494E82203480B3
:10A1600003F0F8FF4FF000040346832063F3070475
:10A1700003F0F0FF60F30F24A4B2302C04D91321B4
:10A180008220FEF731FF13247480842003F0E2FF65
:10A190004FF000040346852063F3070403F0DAFF61
:10A1A00060F30F24A4B2302C04D90E218420FEF7D2
:10A1B0001BFF0E24B480862003F0CCFF4FF0000478
:10A1C0000346872063F3070403F0C4FF60F30F2402
:10A1D000A4B2302C04D911218620FEF705FF1124EA
:10A1E000F480882003F0B6FF4FF000040346892076
:10A1F00063F3070403F0AEFF60F30F24A4B2302C26
:10A2000004D90A218820FEF7EFFE0A243481A02019
:10A2100003F0A0FF4FF000040346A12063F30704FE
:10A2200003F098FF60F30F24A4B2012C04D900219D
:10A23000A020FEF7D9FE0024124B9E201C8003F0C4
:10A2400089FF4FF0000403469F2063F3070403F0E7
:10A2500081FF60F30F24A4B216E000BF349AFF1F01
:10A26000329AFF1FD49AFF1F0A9AFF1F089AFF1FF6
:10A27000069AFF1F3C9AFF1F3E9AFF1F049BFF1F79
:10A28000109BFF1FAE9AFF1FE31E0C2B04D9062163
:10A290009E20FEF7A9FE0624CF4BA2201C8003F0CF
:10A2A00059FF4FF000040346A32063F3070403F0B3
:10A2B00051FF60F30F24A4B27F2C04D97F21A22088
:10A2C000FEF792FE7F24C54BA4201C8003F042FFC2
:10A2D0004FF000040346A52063F3070403F03AFFA0
:10A2E00060F30F24A4B2A4F5AF63B3F5167F06D9CB
:10A2F00040F2A461A420FEF777FE40F2A464B84BBC
:10A30000A6201C8003F026FF4FF000040346A72080
:10A3100063F3070403F01EFF60F30F24A4B2A4F557
:10A32000AF63B3F5167F06D94FF4E161A620FEF7BF
:10A330005BFE4FF4E164AB4BA8201C8003F00AFFE6
:10A340004FF000040346A92063F3070403F002FF63
:10A3500060F30F24A4B2062C04D90021A820FEF734
:10A3600043FE0024A04BAA201C8003F0F3FE4FF014
:10A3700000040346AB2063F3070403F0EBFE60F335
:10A380000F24A4B2032C04D90021AA20FEF72CFE2E
:10A390000024964BAC201C8003F0DCFE4FF0000440
:10A3A0000346AD2063F3070403F0D4FE60F30F24EB
:10A3B000A4B2082C04D90221AC20FEF715FE022419
:10A3C0008B4BB0201C8003F0C5FE4FF00004034609
:10A3D000B12063F3070403F0BDFE60F30F24A4B2C1
:10A3E000072C04D90121B020FEF7FEFD0124814B8A
:10A3F000AE201C8003F0AEFE4FF000040346AF20F9
:10A4000063F3070403F0A6FE60F30F24A4B27F2CCD
:10A4100004D90121AE20FEF7E7FD0124764BB220DE
:10A420001C8003F097FE4FF000040346B32063F353
:10A43000070403F08FFE60F30F24A4B27F2C04D92D
:10A440000B21B220FEF7D0FD0B246C4BB4201C80F6
:10A4500003F080FE4FF000040346B52063F30704C9
:10A4600003F078FE60F30F24A4B2631EC62B04D958
:10A470006421B420FEF7B8FD6424614BB6201C8033
:10A4800003F068FE4FF000040346B72063F30704AF
:10A4900003F060FE60F30F24A4B2631EC62B04D940
:10A4A0006421B620FEF7A0FD6424564BB8201C8022
:10A4B00003F050FE4FF000040346B92063F3070495
:10A4C00003F048FE60F30F24A4B2082C04D9032142
:10A4D000B820FEF789FD03244B4BBA201C8003F003
:10A4E00039FE4FF000040346BB2063F3070403F07A
:10A4F00031FE60F30F24A4B2032C04D90121BA2049
:10A50000FEF772FD0124414BBC201C8003F022FEAB
:10A510004FF000040346BD2063F3070403F01AFE66
:10A5200060F30F24A4B27F2C04D90021BC20FEF7D5
:10A530005BFD0024364BBE201C8003F00BFE4FF069
:10A5400000040346BF2063F3070403F003FE60F337
:10A550000F24A4B27F2C04D90021BE20FEF744FDB5
:10A5600000242C4BC0201C8003F0F4FD4FF00004AD
:10A570000346C12063F3070403F0ECFD60F30F24EE
:10A58000A4B2012C04D90121C020FEF72DFD012425
:10A59000214BC2201C8003F0DDFD4FF00004034678
:10A5A000C32063F3070403F0D5FD60F30F24A4B2C6
:10A5B0001E2C04D90A21C220FEF716FD0A242B887E
:10A5C0001648174A048003F0010116481180C3F3AE
:10A5D00040041549048029E03A8DFF1FD89AFF1FD7
:10A5E000709AFF1F669AFF1F5699FF1F5499FF1F0D
:10A5F0004A99FF1F649AFF1F4899FF1F629AFF1F25
:10A60000C099FF1FB499FF1FC299FF1FF49AFF1F43
:10A61000DA9AFF1F249AFF1F3C9BFF1FBC8DFF1F70
:10A62000E699FF1F5A9AFF1F5C9AFF1FC3F380052C
:10A63000104A114C0D801148C3F3C001C3F300153B
:10A64000117025800E490F4AC3F340140480C3F3F0
:10A650008010C3F3C0130880138070BD40F628211A
:10A660000620FEF7C1FC40F6E4410820FEF7BCFCE2
:10A67000FEF700BD639BFF1F0E9AFF1F249BFF1F69
:10A680004699FF1FF699FF1F38B5054603F062FD96
:10A690004FF000040346681C63F3070403F05AFDFF
:10A6A00060F30F24A0B238BD70B5D52082B007F09A
:10A6B000CFF82C4B2C491B680546180C0822A870B3
:10A6C000E81C2B8003F08EFDC420FEF733FCC0F3A2
:10A6D0000F23E8722B730024204603F03BFD034652
:10A6E000601C63F3070603F035FD60F30F26B0B27C
:10A6F000FEF720FC2B190234C42CA3F80D00EBD17B
:10A700001A486C1E05F1D0064FF0FF3114F8013FD6
:10A710000822594041F30003013A034012F0FF02BE
:10A7200083EA5101F6D1A642F0D1C8430192FEF767
:10A7300013FCC0F30741030EC0F3072485F8D100D2
:10A7400085F8D3102846019A85F8D240D52185F89E
:10A75000D43006F039F8284602B0BDE8704007F062
:10A760007FB800BF64500100144F01002083B8ED92
:10A7700010B5154C0FCC86B0EC46ACE80F0094E851
:10A780000300124B4CF8040B1B68ACF800101C0CB7
:10A790000F49ADF8003005220DF10D008DF8024093
:10A7A00003F020FD3020FEF7C5FB00220346C0F376
:10A7B0000F24122168468DF80B308DF80C4006F0FE
:10A7C00003F806B010BD00BF2C4F0100645001001B
:10A7D00060370100002006F079B800BF03F084BCA8
:10A7E00030B5104D83B000214023009320228023F8
:10A7F00001910446284602F055FB4FF400124FF039
:10A8000001132A616B613CB1204607F079FE2146B5
:10A810000246284603F074FA024803B0BDE830400F
:10A8200002F044B9B89BFF1F70B50546414882B09D
:10A8300005F1FF3C05F1D0064FF0FF321CF8013F57
:10A8400008245A4042F30003611E034011F0FF0444
:10A8500083EA5202F6D1B445F0D1D043FEF77CFB37
:10A860000422064605F1D1010DEB020003F0BAFC0B
:10A87000019B9E4202D0B3F17F2F4ED105F10B0018
:10A88000FEF760FBC42835D10D352846FEF75AFB8C
:10A89000302848D1002440F6AC561CE0042B20D0D0
:10A8A000062B33D0082B31D00A2B29D00C2B27D0E4
:10A8B000222B25D0242B23D02A2B05D1A0F1320224
:10A8C00092B2B2F5967F03D801461846FEF78CFB8C
:10A8D0000234C42C0BD02819FEF734FB022CA3B28F
:10A8E000DCD1B0F5805FEFD30234C42CF3D101206A
:10A8F00002B070BD1048FFF773FF002002B070BDBA
:10A90000A0F5FA7292B2B242DED9E1E7A0F52F7259
:10A9100092B2B2F57A6FDBD8D6E70848FFF760FF4E
:10A92000204602B070BD0648FFF75AFF002002B073
:10A9300070BD00BF2083B8ED584F0100444F0100A7
:10A940006C4F010003292CD930B5437885B00546FA
:10A950002BBB0B290C4605D938490522043007F0DA
:10A960000FFDF8B13648374CFFF73AFF364B93E806
:10A970000700364B25681C6801AB83E807002A0CEA
:10A980004FEA144C8DF80620184600220B21ADF832
:10A990000450ADF80C408DF80EC005F015FF05B061
:10A9A00030BD7047032205F10901684607F02EFD0E
:10A9B000BDF8003043F26302934210D043F26302C9
:10A9C00093421BD043F26302934223D020481D4C94
:10A9D000FFF706FF1C4B93E807001E4BCAE79DF8E4
:10A9E0000220302AEAD11C48FFF7FAFEFFF75CFE8E
:10A9F0001A4805B0BDE83040FFF7F2BE9DF80220CE
:10AA0000332ADFD11648FFF7EBFE05B0BDE8304032
:10AA1000FFF7AEBE9DF80230322BD7D11148FFF7B9
:10AA2000DFFEA31E9BB2D42B06D9681CFFF7FCFEE9
:10AA30000028B4D00C48DCE70C48DAE7883701007E
:10AA40009C4F010064500100204F0100B04F0100F5
:10AA50002050010034500100B84F0100CC4F0100DC
:10AA6000E04F0100F84F01000C500100844F01003D
:10AA70002DE9F843184F3B6881460C46164613B340
:10AA8000DFF85880B8F800506918184689B2A8F85D
:10AA9000001007F0A9F903462844224649463B60C6
:10AAA00003F0A0FB0EB9BDE8F883B8F800103868D1
:10AAB000FFF748FF386806F0D3FE00233B60A8F894
:10AAC0000030BDE8F883DFF814800846A8F80010CD
:10AAD00006F0BEFE0346E0E72C9CFF1F289CFF1FEC
:10AAE00010B51C4C4FF4FA70FBF756F8204601F0F5
:10AAF000CDFF4FF00113002120466361216102F078
:10AB000035FE15490B22204603F0FAF8204603F0E3
:10AB100059F912490F22204603F0F2F8204603F0BB
:10AB200051F90F490722204603F0EAF8204603F0C6
:10AB300049F9204601F0BAFF0A4B0B4A1A604FF45C
:10AB4000FA70FBF729F8FFF713FEBDE8104007483D
:10AB5000FFF746BEB89BFF1F38500100445001006C
:10AB600054500100109FFF1F71AA00005C500100AB
:10AB70000020704790F8612090F86000101A70472C
:10AB800090F8603090F861209A4205D95A1C03442D
:10AB900080F86020187E70474FF0FF30704700BF8C
:10ABA00090F8603090F861209A4286BFC018007E0D
:10ABB0004FF0FF30704700BF704700BFB0F8AE30B5
:10ABC0002BB190F8AD30482B03D90123436000200E
:10ABD0007047C218013380F8AD30012082F863104D
:10ABE000704700BF38B5B0F8AE40A4B190F8AD30B2
:10ABF000C3F14904A24284BF01224260054698BFC6
:10AC0000144663301844224603F0ECFA95F8AD3050
:10AC1000234485F8AD30204638BD00BF70B5164CD2
:10AC20002369DB7813F0200514D094F8B030013399
:10AC3000DBB2012B84F8B03002D894F8AF3043B9BE
:10AC4000636994F8B1201344BDE87040187A03F0AA
:10AC5000CFBC70BD636994F8B1201344187A03F037
:10AC6000C7FCD4F8B830002BF3D094F8610084F816
:10AC70006050BDE8704018471490FF1F70B5164C27
:10AC80002369DB7813F0200514D094F8B030013339
:10AC9000DBB2012B84F8B03002D894F8AF3043B95E
:10ACA000636994F8B1201344BDE87040187A03F04A
:10ACB0009FBC70BD636994F8B1201344187A03F007
:10ACC00097FCD4F8B830002BF3D094F8610084F8E6
:10ACD0006050BDE870401847588FFF1F426900233D
:10ACE000A0F86030C0F8AC3010B4D2E900140A68A3
:10ACF000C0F8B43022430469C0F8B8300A60A370C9
:10AD0000426990F8B1301849134493F808C05B7B4E
:10AD100001EBCC0C1B02DCF8044003F4E06343F0CD
:10AD20006403236090F8B23013449C7CDB7D01EB1C
:10AD3000C4011B024C68116803F4E06343F0640330
:10AD4000236009685368194205D0036927225A70A5
:10AD5000036904229A71036920225A7103698022CF
:10AD60009A7010BC704700BF7C5C01004369D3E956
:10AD7000002312681A420CD0084B99420AD9084B9A
:10AD80009942036994BF1A220D225A700369042262
:10AD90009A717047036927225A70F7E77F1A0600F5
:10ADA0003F420F0010B50369D978CAB2C9060446FC
:10ADB00022D510215006D9701DD512F0040250D0B2
:10ADC0003D49D4F8B42000230B7084F8AD30002A3C
:10ADD0005BD0904794F8AD30002B56D02369D02239
:10ADE0009A70236994F863201A712369012284F808
:10ADF000AC200222DA7010BD5106DED4997811F031
:10AE0000100117D12D4A80F8B01090424FD02C4A33
:10AE1000904241D094F861101A794729D2B2E8D80B
:10AE2000254800780028E4D0481C214484F86100BB
:10AE30000A76DEE712F0010220D190F8AC1090F80B
:10AE4000AD00884281BF4A1C091984F8AC2091F8F2
:10AE500063201A712369D0229A7023690222DA7062
:10AE6000C9E7236984F86120C0219970124A2369D7
:10AE70000121117002221879DA70BCE7C0229A70A1
:10AE800003691A790222DA70B5E70122002384F8F7
:10AE9000AD2084F86330A1E7436990F8B1200949F7
:10AEA00013440322187A03F02FFB2369B2E74369A6
:10AEB00090F8B1200449F3E7309CFF1F588FFF1F23
:10AEC0001490FF1F1DAC00007DAC00002DE9F04781
:10AED000374C0269236882B00093DDF80080D37894
:10AEE000990618D5334E0546002102E0D3789B061B
:10AEF00011D523680193019BA3EB08030F2BF5D910
:10AF000069B1102BF2D0002090702B6980229A70CA
:10AF100002B0BDE8F087012002B0BDE8F08795F8E7
:10AF2000B1206B6913440521187A03F0C1FD6B69E8
:10AF300095F8B1201344012193F812A0504603F074
:10AF4000B7FD09274FF0A0090021504603F07CFD12
:10AF50004B46013BFDD10121504603F075FD4B46A8
:10AF6000013BFDD1013FEFD1696995F8B1300B4448
:10AF70004FF4A072187A5B7B06EBC0001B0240689E
:10AF800003F4E06343F06403036095F8B2300B44CC
:10AF9000997CDB7D06EBC1011B02496803F4E06389
:10AFA00043F064030B60013AFDD101212A699DE75A
:10AFB000B09CFF1F7C5C0100F0B503691222DA70BF
:10AFC0000269937813F0200685B004460D4652D0EE
:10AFD000B4239370324920690B680093009E05E00A
:10AFE0000A680192019A921B042A3DD8C37813F093
:10AFF0002003F5D094F8AD306BB34FF0000CE6466B
:10B00000022604EB0E0393F8633003710B6802937E
:10B01000029F206907E092060AD50A680392039A04
:10B02000D21B052A20D8C378DAB213F00203F2D07B
:10B03000C6702369DA78D7B2D206184626D4BA0683
:10B0400024D5FA0726D494F8AD300CF1010C5FFA40
:10B050008CFE7345D5D8002015B1236980229A70E3
:10B06000002384F8AE3004E08370236980229A7054
:10B07000042005B0F0BDFFF729FF28B1236984F84B
:10B08000AF60B0229A70A5E70420F2E780229A70A0
:10B090000420E1E7BEF1000F0CBF02200320DDE732
:10B0A000B09CFF1F2DE9F0479046994600220369A6
:10B0B000A0F860201222DA7003699C7814F0200551
:10B0C00088B007468A4600F09F80B4229A70704E7E
:10B0D0003B6932680092009A08E030680190019C58
:10B0E000A4EB020CBCF1040F00F28680DC7814F0B3
:10B0F0002005F2D04FEA4A0242F00102D2B21A71A0
:10B100003368029302983A6906E03368039303991F
:10B11000091A052900F28280D47814F00205F4D0CF
:10B120004FF0020C82F803C03B69DC7814F0110583
:10B130007CD1B8F1000F00F08480B8F1010F00F06D
:10B140008D80A0229A7039690B794FF0A80E336870
:10B150000493049805E032680592059A121A052AAC
:10B1600068D8CB7813F00203F5D081F803C03969B1
:10B17000CB78DCB2DB0608460A4641D4A4063FD5AC
:10B1800008F1FF385FFA88F8B8F1010F04D181F8AF
:10B1900002E0396908460A46472D59D90379B8F1C2
:10B1A000010FD4D133680693069805E03168079102
:10B1B0000799091A052956D8D37813F00203F5D058
:10B1C0000223D3703A69D378D806D9B255D48B0606
:10B1D00016D5B023472D93704CD83A697C19127953
:10B1E00022766B1CDDB2B9F1000F02D03B698022E0
:10B1F0009A7087F8615003E09D703B6980229A70D5
:10B20000284608B0BDE8F087FFF760FE0028F7D0B9
:10B210003B6987F8AF50B0229A7058E795703B6948
:10B22000802228469A7008B0BDE8F08780229A7084
:10B230000025E5E78B703B6980229A7087F86150A2
:10B24000DEE7B9F1000F14BF8022A0229A70D7E781
:10B250007B19007918766C1CE5B2A0E7A8229A70D9
:10B260003A6913799EE793703B6980229A7087F858
:10B270006150C5E73B691B79B5E71021A023D17068
:10B28000013BFDD13A69937803F0F7039370B7E778
:10B29000B09CFF1F0148FFF785BD00BF588FFF1FFF
:10B2A0000148FFF77FBD00BF1490FF1F002202601E
:10B2B000704700BF0C2901D90020704710B502313A
:10B2C00088B04A0001240023016802F0FE02CDE9A3
:10B2D000003402A8022300F0EFF802A800F0C6F93B
:10B2E00080B208B010BD00BF2DE9F0438FB0012738
:10B2F0004FF000080197CDF800800C463B460168EE
:10B300000546164602A85E2200F0D6F802A800F014
:10B31000ADF95E2C03D0A4F17303072B10D80123E1
:10B320002246002429680193009408A800F0C4F87C
:10B330002246314608A800F019F90FB0BDE8F083A5
:10B3400081464246414602A800F010F9296801975B
:10B350003B462246CDF8008008A800F0ADF84246F2
:10B36000314608A800F002F942465FFA89F102A8C6
:10B3700000F0FCF80FB0BDE8F08300BF2DE9F0430A
:10B38000054689B000689DF840800E4691461F46EC
:10B3900010B1102103F064F8102003F05FF831467B
:10B3A00004464A4600F084F92C600121204600F052
:10B3B00089F9064620B90026304609B0BDE8F08379
:10B3C000632280212846FFF78FFF012003F0CCFB8A
:10B3D00000225E212846FFF787FF01230022019308
:10B3E000009229685D2202A800F066F802A800F029
:10B3F0003DF9C0B22428DED1412421463A462846F0
:10B40000FFF772FF611C02344246C9B22846E4B21B
:10B41000FFF76AFF592CF0D1284601222B21FFF7B4
:10B4200063FF284601222C21FFF75EFF28460E22EB
:10B430002D21FFF759FF284600222E21FFF754FF48
:10B44000284601222F21FFF74FFF284605223021F1
:10B45000FFF74AFF284601223121FFF745FF284622
:10B4600000223221FFF740FF284600223321FFF758
:10B470003BFF284600223421FFF736FF28460022F2
:10B480003521FFF731FF284600225B21FFF72CFF13
:10B49000284610225C21FFF727FF284620225D2145
:10B4A000FFF722FF28468C225E21FFF71DFF304662
:10B4B00009B0BDE8F08300BF0373002342814361FC
:10B4C0009DF8042043609DF800300160427383734F
:10B4D000704700BF70B5B0F80AC084B0034600687A
:10B4E000ADF80CC040B15C7B03ABCDE90034012367
:10B4F00000F004F904B070BD58680028FAD01E7A34
:10B50000032E5FFA8CF521D00C46964676B1022EBA
:10B5100011D165F07F058DF80C505B7B009372466E
:10B5200003AB214600F008FB04B070BD05F07F05B9
:10B530008DF80C50F1E7012EEFD19DF80C2002F0B0
:10B540007F0242F040028DF80C20E6E75B7B8DF82D
:10B550000D5001334FEA1C2C2CF0010C009303AB6F
:10B560008DF80CC000F0E8FAC4E700BF30B50B4618
:10B570005AB9047B042C26D8416154B900F10F015B
:10B580002246BDE83040FFF7A5BF042A14461AD86A
:10B590004361857B00F10F0104F10E0C50FA8CFC25
:10B5A0008E4600F10E025DB98EF800300CF1FF3CC2
:10B5B00094454FEA13230EF1010EE1D0002DF3D094
:10B5C0008CF80030F2E7002030BD00BF10B5844693
:10B5D00084B04089ADF80C0014464FEA102EC2B278
:10B5E000DCF800000B4648B100219CF80D200191C9
:10B5F000009403A900F0F2F804B010BDDCF80400D8
:10B600000028F9D09CF8081003291ED079B102292E
:10B6100012D102F07F028DF80C20FF219CF80D2042
:10B620000191009403A900F0DDFA04B010BD62F0AE
:10B630007F028DF80C20F0E70129EED19DF80C2057
:10B6400062F03F028DF80C20E7E700948DF80D20A2
:10B650009CF80D20FF214EF0010E0191013203A94B
:10B660008DF80CE000F0BEFAC6E700BF38B500F177
:10B670000F05027B29460446FFF7A8FFA0B1207BF7
:10B6800070B10E302318A27B29460E340020000230
:10B690003AB91D782843013BA34201F10101F6D1DB
:10B6A00038BD0D782843F6E74FF0FF3038BD00BFB6
:10B6B0004FF0000C42602022017080F808C0C26088
:10B6C000704700BF38B5044640680D46FFF706FBDB
:10B6D000012121720DB9084638BD227863688A407D
:10B6E00083F8632083F8AE1083F8AD106068FFF72D
:10B6F00063FCB0FA80F0400938BD00BF2DE9F0418D
:10B70000DDF81C801F46C368154642449A4218D88B
:10B7100002784368520083F86320012204460E46F3
:10B7200083F8AE2083F8AD20B8F1000F0CD0069B53
:10B7300053B140680699036842465B689847804564
:10B7400002D00020BDE8F0816068036831465B6884
:10B750002A4698478542F4D160683946FFF72CFCA9
:10B76000B0FA80F04009BDE8F08100BF2DE9F84350
:10B7700015460646D2B20F4601784068FFF792FCA4
:10B78000854223D1FDB10024DFF84C90A04612E0A1
:10B7900090F8603090F861209A4203F1010103446F
:10B7A00017D980F860101B7E07F808300134A4B266
:10B7B000A542A04607D9706803685B694B45E7D08E
:10B7C0009847C3B2F0E70120BDE8F8830020BDE848
:10B7D000F883FF23E8E700BF81AB00002DE9F041CB
:10B7E0001F46C368069E9DF81C809A4211D80546E4
:10B7F00000786B68400083F86300012083F8AE0096
:10B8000083F8AD00686803685B6814469847844213
:10B8100002D00020BDE8F08168684146FFF7CCFB0C
:10B8200004460028F5D196B1EB68321B9A4228BF36
:10B830001A46B31AA3428CBF0023012339192846A4
:10B840001444FFF793FF0028E3D0A642ECD8012070
:10B85000BDE8F0812DE9F04F037B91F800E0002B6B
:10B860000CBF012780271EEA070F804B0D4608BF3B
:10B8700001268168B3FBF1F318BF0026002A00F00F
:10B88000F280DCB2013A5B0103F4FF5105EB0208E0
:10B890003B464FF0000C002C62D0002900F0A9803C
:10B8A0000A46013AFDD1427B12F0F70F40F0C28008
:10B8B00090F91020B2F1FF3F00F0CA801EEA0309A0
:10B8C00014BF01220022B2420ED0B9F1000F00F0E5
:10B8D000A580D0F8149090F824A099F8002042EAAE
:10B8E0000A02012689F80020D0F8189090F826A0C6
:10B8F00099F8002042EA0A0289F800201CB111B12F
:10B900000A46013AFDD190F91120013208D0C269EE
:10B9100090F82590127812EA090F18BF43EA0C0C30
:10B92000D0F8189090F826A099F8002022EA0A0290
:10B9300089F8002090F91120013201D085F800C06B
:10B94000027B4AB95B00DBB2002BA4D1A84500F012
:10B950008A8015F801EF9BE75B08002B9BD1F5E788
:10B96000427B12F0F70F0FD190F91020B2F1FF3F98
:10B97000A4D1D0F8189090F826A099F8002042EAB7
:10B980000A0289F80020BEE7D0F8189090F826A0A7
:10B9900099F8002042EA0A0289F8002090F9102064
:10B9A00001320ED0D0F8149090F824A099F800201D
:10B9B0001EEA030F14BF42EA0A0222EA0A0289F8C9
:10B9C0000020D0F8189090F826A099F8002022EADC
:10B9D0000A0289F8002090F911200132B0D0C26922
:10B9E00090F82590127812EA090F18BF43EA0C0C60
:10B9F000A4E7427B12F0F70FC6D190F91020B2F104
:10BA0000FF3F7FF45BAFD0F8189090F826A099F82C
:10BA1000002042EA0A0289F8002074E7D0F814A056
:10BA200090F824B09AF8002022EA0B024E468AF8D9
:10BA3000002059E7D0F8189090F826A099F8002037
:10BA400042EA0A0289F800200A46013AFDD1A5E738
:10BA5000D0F8189090F826A099F8002042EA0A023F
:10BA600089F800204CE7BDE8F08F00BF20A1070057
:10BA70000368002B36D030B44268D97A126819B303
:10BA800072B6D97ACC0708D54FF0E024DD68D4F837
:10BA9000800128409861C4F88001880708D54FF0DC
:10BAA000E0241D69D4F884012840D861C4F88401D9
:10BAB000490708D54FF0E0205C69D0F88811214093
:10BAC0001962C0F8881162B61B68D968914207D024
:10BAD000054C06491C6042F08040DA60186119602C
:10BAE00030BC7047704700BF01403F0000003F80FE
:10BAF00010B5044690F90E00431C03D00121C0B2DA
:10BB000002F0A2FF2368B3B1DA7AA2B1D00704D55C
:10BB10004FF0E0219869C1F80001910704D54FF07A
:10BB2000E021D869C1F80401520704D54FF0E022A2
:10BB30001B6AC2F8083110BD2DE9F047044682B0F7
:10BB40001E460A9D8A469046FFF792FF94F90E0022
:10BB5000431C42D1D5B1013E06EB05090DF10705A5
:10BB600003E0FFF777FE4E4510D0276816F8013F37
:10BB70008DF80730012229462046002FF1D01346C8
:10BB800038462A4600F0CEF94E45EED1B8F1000F06
:10BB90001CD0D0440AF1FF3608F1FF380DF107053B
:10BBA00003E0FFF757FEB04510D0276816F8013FB5
:10BBB0008DF80730012229462046002FF1D0134688
:10BBC00038462A4600F0AEF9B045EED12046FFF7E0
:10BBD0008FFF012002B0BDE8F087C0B2002102F063
:10BBE00033FFB7E72DE9F04F044683B09B46DDF8FD
:10BBF00030A09DF834800F461546FFF739FF94F9C1
:10BC00000E00431C48D1D5B1013F07EB05090DF1EA
:10BC1000070503E0FFF71EFE4F4510D0266817F812
:10BC2000013F8DF80730012229462046002EF1D031
:10BC3000134630462A4600F075F94F45EED1BAF169
:10BC4000000F22D0DA440BF1FF360AF1FF3A0DF172
:10BC5000070507E0FFF7FEFD9DF8073006F8013FF6
:10BC6000B24512D027688DF8078001222946204668
:10BC7000002FEFD0134638462A4600F053F99DF8BE
:10BC8000073006F8013FB245ECD12046FFF730FF00
:10BC9000012003B0BDE8F08FC0B2002102F0D4FE55
:10BCA000B1E700BF844600682DE9F0410C4611461B
:10BCB0001A46C36813F0807F7A4B03604BD1D307D9
:10BCC00000F1D1809CF82460174646EA0626002F32
:10BCD00000F0B78034B12678637846EA032676BA56
:10BCE0000234B6B2DCF8043093F808E0022F0EF10B
:10BCF000FF3E4FEA0E3E0CBF46F0805346F0104325
:10BD00001FFA8EFE4363023F0AE011B105F8010BF2
:10BD10002946013A03F47043734517D9DCF8000053
:10BD2000C36A13F0F00FF5D012F0010F806B0D46CF
:10BD3000EBD1C0F3072819B105F8028B48702946EA
:10BD400003F470437345A2F10202E7D8002F78D0C4
:10BD5000DCF80000BEE7D3075FD49CF824701646D9
:10BD6000BFB2002E45D024B1637814F8027B47EAB5
:10BD70000327DCF8043093F808E0022E0EF1FF3EB2
:10BD80004FEA0E3E0CBF47F0805347F010431FFAB6
:10BD90008EFE4363023E0AE011B105F8010B29460D
:10BDA000013A03F47043734517D9DCF80000C36A05
:10BDB00013F0F00FF5D012F0010F806B0D46EBD1B0
:10BDC00029B105F8020BC0F307204870294603F497
:10BDD00070437345A2F10202E7D856B1DCF80000C7
:10BDE000C1E729B100F8023BC3F307234B700146BA
:10BDF000023A82B1DCF80030D86A10F0F00FF8D0C7
:10BE0000D4079B6B0846ECD511B100F8013B014605
:10BE1000013A002AEED1BDE8F08184B314F8013B69
:10BE2000012A18BF43F0004343639CF82470561E58
:10BE300096E7C3F3072419B100F8024B4B70014693
:10BE4000023A002AE7D0DCF80030D86A10F0F00F90
:10BE5000F7D0D4079B6B0846EBD511B100F8013B36
:10BE60000146013AEDE79CB114F8013B012A18BFE5
:10BE700043F0004343639CF82460571E25E79CF879
:10BE80002470012A1ABF47F0004343634763CEE79B
:10BE90009CF82460012A1ABF46F0004343634663BE
:10BEA000EBE700BF00041F80436810B41C685A68A9
:10BEB0002168114302682160154C16491460D16055
:10BEC000154C164914611160417A154A5C180A3103
:10BED00094F824C053F8214002EBCC0149680C606F
:10BEE000017A5C1803EB810194F818C0CC6902EB6D
:10BEF000CC0149680C60817A10BC581803EB8103AF
:10BF000090F83000596B02EBC0025368196070471B
:10BF100001401F00011000380110007800001F8050
:10BF20007C5C01000BB1FFF7BDBE7047704700BFDE
:10BF300000291CDBB0F90CC08C4518DD002A16DB8B
:10BF4000B0F90EC0944512DD10B490F81AC0BCF1DF
:10BF5000020F0DD0BCF1030F59D0BCF1010F4CD032
:10BF6000012B39D0022B25D083B110BC704770470C
:10BF7000B0F808C00CF1FF3CACEB0101B0F80AC00E
:10BF8000ACEB0202013A09B212B2E9E7002AB0F8BA
:10BF900008C0C46A1346B8BFD31DDB1013FB0C13D3
:10BFA00002F00702E15C012000FA02F221EA02023B
:10BFB000E254DAE7002A0489C06A1346B8BFD31DE9
:10BFC000DB1013FB041302F00702C45C012101FA29
:10BFD00002F26240C254C8E7002A0489C06A1346CC
:10BFE000B8BFD31DDB1013FB041302F00704C15CC0
:10BFF0000122A2400A43C254B7E7B0F808C0ACEB34
:10C00000020C0CF1FF3C0A460FFA8CF1A8E7B0F8DD
:10C010000AC00CF1FF3CACEB010C11460FFA8CF29C
:10C020009EE700BF0029BEBF5B181BB20021B0F91C
:10C0300008C030B55D1865458E46C4BFACEB010144
:10C040000BB2002BBDF80C400EDDC16AD0101CFBFA
:10C0500000EC02F0070001228240012C6144D2B2C0
:10C0600019D0022C0DD004B130BDD243D2B211FA96
:10C0700083F311F8010B1040994201F8010CF8D13B
:10C0800030BD11FA83F311F8010B50408B4201F8D7
:10C09000010CF8D130BD11FA83F311F8010B1043F4
:10C0A000994201F8010CF8D130BD00BF2DE9F041F3
:10C0B000B0F908E0BDF818408E452FDD002ABEBF5C
:10C0C0009B1800221BB2B0F90A5094469C44AC4520
:10C0D000C4BFAD1A2BB2002B20DDC2F3C405C66A63
:10C0E0001EFB051512F00702DBB206EB05012BD093
:10C0F000C2F1080C5FFA8CFC3E4F634517F80C70D8
:10C100000ED2ACEB03084FF0FF0E4EFA08FE012CE6
:10C1100007EA0E0764D0022C3ED03CB1BDE8F081A6
:10C12000012C5DD0022C37D0002C3AD116F805E056
:10C130002EEA070E06F805E06345B0F90850EDD386
:10C14000083A13442944DBB2072B16D9022C33D00A
:10C15000B4F1000C18BF4FF0010CCCF1000C5FFAE9
:10C160008CFC1A4681F800C0083AB0F90850D2B2E7
:10C17000072A2944F6D803F00703002BCED01E4A25
:10C18000012CD35C31D0022C26D0002CC6D10A78E9
:10C1900022EA03030B70C1E716F805E087EA0E0EEA
:10C1A000C8E7083A1344DBB2072B7144D0D8002B00
:10C1B000B4D0114AD35CE6E71A460C78E4430C701D
:10C1C000083AB0F90840D2B2072A2144F5D813F052
:10C1D0000703A3D0084AD35C0A7853400B709DE74D
:10C1E00016F805E047EA0E0EA4E70A7813430B7031
:10C1F00094E700BFC4550100CC55010010B48C4633
:10C200001146827EBDF80440022A23D0032A1AD0A8
:10C21000012A0DD0002909DBB0F90A208A4205DD88
:10C2200001940A4610BC6146FFF7FCBE10BC704783
:10C230000289521A013A11B20029F7DB01946246D1
:10C2400010BCFFF733BF42899C44A2EB0C020FFAEB
:10C2500082FCF1E74289521A013A11B202899C44E8
:10C26000A2EB0C020FFA82FCD4E700BF10B4944694
:10C27000827EBDF80440022A24D0032A12D0012A6B
:10C2800006D000290CDB0194624610BCFFF70EBFFC
:10C2900002899C44A2EB0C0200290FFA82FC07DA07
:10C2A00010BC70474289521A013A11B20029F7DBDB
:10C2B000B0F90A208A42F3DD01940A4610BC6146B7
:10C2C000FFF7B0BE0289521A013A11B242899C446A
:10C2D000A2EB0C020FFA82FCD3E700BF70B5044654
:10C2E0009DF910601D4600F00BFF059AA265069AA5
:10C2F0000C4BE2650C4A6366FF23002D08BF154610
:10C3000084F833304FF6FF7284F8363000236362CE
:10C31000E36284F83760054BA2862046A56223605D
:10C3200070BD00BF01100138588FFF1F7455010008
:10C3300010B50446C06A08B105F092FA204610BD57
:10C34000F8B5836A04460D46CBB190F8302001263B
:10C35000B24083F8632083F8AE6083F8AD60806AF2
:10C36000036800211B689847A06A036829461B6878
:10C370009847A06A3146BDE8F840FEF71DBE026C42
:10C38000016D136823EA0103416A136049B10A6829
:10C390004FF00043D3625563D36A002BFCDA936BF2
:10C3A000F8BDA66BC36B802108203268A76C0D42D4
:10C3B00014BF3A43BA4332601A68E76C3A431A60D2
:10C3C0001A68E76C013822EA07024FEA51011A6045
:10C3D000EBD1F8BD70B50446806A0D4680B1A16D01
:10C3E000FEF7C4FCA5F15A012046C9B2FFF7A8FF29
:10C3F000A06A002841D0E16DBDE87040FEF7B6BCF0
:10C40000636A002B32D0D97A626E19B372B6D97AC8
:10C41000CE0708D54FF0E02CDE68DCF88001304014
:10C420009861CCF88001880708D54FF0E02C1E6990
:10C43000DCF884013040D861CCF884014E0708D57F
:10C440004FF0E0205E69D0F8881131401962C0F8E1
:10C45000881162B61B68D9688A4207D016491960EC
:10C46000DA6042F08041154A19611A60626C616DB0
:10C47000136823EA01031360B4E7626C606D13680C
:10C48000616A03431360B1B1CB7AA3B1D80704D575
:10C490004FF0E0228869C2F800019A0704D54FF0F6
:10C4A000E022C869C2F804015B0704D54FF0E0231D
:10C4B0000A6AC3F8082170BD01403F0000003F80B8
:10C4C0002DE9F843836A04460D469046002B3BD085
:10C4D00090F830200126520083F8632083F8AE6084
:10C4E00083F8AD60806A036800211B689847B8F143
:10C4F000000F23D005EB0807B046A06A15F8011B12
:10C5000003681B6898470136AF42B6B216D0482E72
:10C51000F3D10121A06AFEF74FFD94F83020A36A01
:10C52000520083F8632083F8AE8083F8AD80A06A60
:10C53000036800211B6898470126DEE7A06A0121F5
:10C54000BDE8F843FEF738BD026C016D136823EABD
:10C5500001031360B8F1000F11D0476A05EB080220
:10C560004FF0004E15F8016B5FB13968C1F82CE04F
:10C570004E63CB6A002BFCDA8B6B9542F2D1BDE89F
:10C58000F883E36BA16B4FF0080C8020D1F800809A
:10C59000D4F84890064214BF48EA090828EA090876
:10C5A000C1F80080D3F80080D4F84C9048EA09081C
:10C5B000C3F80080D3F80080D4F84C90BCF1010C93
:10C5C00028EA09084FEA5000C3F80080DED1D4E71A
:10C5D00070B50446806A0D4670B1A16DFEF7C6FBCA
:10C5E00020462946FFF7ACFEA06A002847D0E16D3F
:10C5F000BDE87040FEF7BABB636A002B32D0D97A2F
:10C60000626E19B372B6D97ACE0708D54FF0E02C16
:10C61000DE68DCF8800130409861CCF88001880742
:10C6200008D54FF0E02C1E69DCF884013040D86159
:10C63000CCF884014E0708D54FF0E0205E69D0F8B1
:10C64000881131401962C0F8881162B61B68D96838
:10C65000914207D019491960DA6042F08041184AC6
:10C6600019611A60626C616D136823EA0103204648
:10C6700013602946FFF764FEA06A0028B7D1626CF8
:10C68000606D1368616A03431360B1B1CB7AA3B1E3
:10C69000D80704D54FF0E0228869C2F800019A0754
:10C6A00004D54FF0E022C869C2F804015B0704D545
:10C6B0004FF0E0230A6AC3F8082170BD01403F0033
:10C6C00000003F802DE9F043044685B0C06A9DF824
:10C6D00030801E460F46B4F90A301546002800F097
:10C6E000748113F1070948BF03F10E09B4F908304A
:10C6F0004FEAE90903FB09F94A46002105F0EEFD7E
:10C70000B4F90A00202800F3E880B4F908102038B2
:10C71000733900EBD07073234FF0010E01EBD17130
:10C720004FF020098DE8084240F34F02B54B2046F8
:10C7300041F34F0100F02AFDA06A84F8317000280F
:10C7400000F0E980002D40F03481B4F90A30202B4C
:10C750000CBF3C253D2584F83050B8F1000F40F067
:10C760002F81002E00F0FF8094F93700002818DB9D
:10C770000121C0B202F09CF9012194F8370002F0C7
:10C7800063F9012002F0F0F9002194F8370002F07B
:10C790005BF90A2002F0E8F994F83700012102F071
:10C7A00053F9A06A002840F0DE80636A002B32D083
:10C7B000D97A626E19B372B6D97ACF0708D54FF01D
:10C7C000E025DE68D5F8800130409861C5F8800129
:10C7D0008E0708D54FF0E0251E69D5F8840130405A
:10C7E000D861C5F884014D0708D54FF0E0205D6998
:10C7F000D0F8881129401962C0F8881162B61B6808
:10C80000D9688A4207D0804D80491D6042F080403F
:10C81000DA6018611960626C616D136823EA0103C4
:10C82000136004227A492046FFF74AFE61890139E4
:10C830002046C9B2FFF784FD764904222046FFF75F
:10C840003FFE94F93130012B0CBF102114212046FA
:10C85000FFF776FD704904222046FFF731FEA368FA
:10C860006E4A8F21934284F8601008D002F50012BE
:10C87000934200F0BD806A4A934200F0D9800225BD
:10C88000DA212046FFF75CFD29462046FFF758FDD8
:10C8900081212046FFF754FD94F860102046FFF7F1
:10C8A0004FFDD9212046FFF74BFD94F93130012B84
:10C8B0000CBF2221F1212046FFF742FD20465949B5
:10C8C0000622FFF7FDFDA06A002850D0E16DFEF7BB
:10C8D0004DFA012005B0BDE8F083B4F908104038E6
:10C8E000C0F3C033523903FA80F04FF0400C5223AA
:10C8F0004FF0010E01EBD1718DE8085042104A4B08
:10C90000204641F34F0100F041FCA06A84F83170E9
:10C9100000287FF417AF94F83500444F012102F04E
:10C92000C7F894F83600012102F0C2F894F93530C6
:10C93000606A57F83330236494F93630012557F88C
:10C940003330256565651A6863642A431A600028D8
:10C950007DD0B8F1000F75D1002E7FF405AFA06A2D
:10C9600000283FF422AFA16DFEF700FA59E7626C90
:10C97000606D1368616A03431360B1B1CB7AA3B1F0
:10C98000D80704D54FF0E0228869C2F800019A0761
:10C9900004D54FF0E022C869C2F804015B0704D552
:10C9A0004FF0E0230A6AC3F80821012005B0BDE872
:10C9B000F0836DB284F83050B8F1000F3FF4D1AE7F
:10C9C000FEF78CF9002ECAD0CEE613F1070948BF56
:10C9D00003F10E09B4F908304FEAE90903FB09F93C
:10C9E000484604F035FFE06200287FF485AE71E729
:10C9F00094F93130012B0CBF9F23CF23122584F8EB
:10CA000060303DE78C53010001403F0000003F8053
:10CA1000D4550100D8550100DC55010080002000EC
:10CA200060001000E0550100CC5001007C5C01006A
:10CA300094F93130012B0CBF1023AF23022584F869
:10CA400060301DE7FFF730FA002E88D08CE694F8AE
:10CA50003300294602F02CF894F83400294602F0FD
:10CA600027F894F9333057F83330A36394F934300E
:10CA7000A56457F83330E5641A68E36322F00102D5
:10CA80001A60002E3FF46BAF6EE600BFB0F90A20CB
:10CA9000D31D48BF02F10E03B0F90820C06ADB10B5
:10CAA00003FB02F2002105F019BC00BF2DE9F84399
:10CAB0000446806A002861D0A16DFEF757F905226F
:10CAC0007D492046FFF7FCFC218901392046C9B287
:10CAD000FFF736FCB4F90A20B4F808C0E56AD31DA4
:10CAE00048BF02F10E03DB10A26A1CFB03FC1FFA15
:10CAF0008CF8002A7FD094F8303001265B0082F851
:10CB0000633082F8AE6082F8AD60A06A03684021AD
:10CB10001B689847B8F1000F23D005EB0807B04613
:10CB2000A06A15F8011B03681B6898470136BD42CF
:10CB3000B6B216D0482EF3D10121A06AFEF73CFA16
:10CB400094F83020A36A520083F8632083F8AE8003
:10CB500083F8AD80A06A036840211B6898470126CE
:10CB6000DEE7A06A0121FEF727FAA06A002800F09C
:10CB7000A080E16DBDE8F843FEF7F8B8636A002BCA
:10CB800032D0D97A626E19B372B6D97ACE0708D587
:10CB90004FF0E025DE68D5F8800130409861C5F897
:10CBA00080018D0708D54FF0E0251E69D5F8840176
:10CBB0003040D861C5F88401480708D54FF0E0201F
:10CBC0005D69D0F8881129401962C0F8881162B6F1
:10CBD0001B68D9688A4207D0384D39491D6042F038
:10CBE0008040DA6018611960626C616D136823EA35
:10CBF0000103136063E7226C216D1368676A0B43BE
:10CC00001360B8F1000F10D005EB080C4FF0004E88
:10CC100015F8016B47B33A68C2F82CE05663D36A43
:10CC2000002BFCDA936B6545F2D1626C616D136881
:10CC30000B431360B7B1FB7AA3B1D90704D54FF00A
:10CC4000E022B969C2F800119A0704D54FF0E0223A
:10CC5000F969C2F804115B0704D54FF0E0233A6A82
:10CC6000C3F80821BDE8F883E36BA06B082180229C
:10CC7000D0F80080D4F84890164214BF48EA09085A
:10CC800028EA0908C0F80080D3F80080D4F84C9056
:10CC900048EA0908C3F80080D3F80080D4F84C9023
:10CCA000013928EA09084FEA5202C3F80080DFD1AF
:10CCB000B9E7676AB9E700BFE855010001403F00E6
:10CCC00000003F80704700BF10B404682469A44688
:10CCD00010BC604730B40468BDF808500295A46BDE
:10CCE000A44630BC604700BF30B40468BDF80850AB
:10CCF0000295E46BA44630BC604700BF30B4BDF978
:10CD0000085002950468BDF80C500395246CA446A5
:10CD100030BC604710B582B0B0F90E2004680191B4
:10CD200000920022246CB0F90C301146A04702B0EA
:10CD300010BD00BF704700BF01F003038376CB072F
:10CD400059BF0289B0F90A304289B0F908308281AE
:10CD5000C38170472DE9F0411C460B460168124E15
:10CD60004F6984B0B742BDF82880054610D1013C18
:10CD7000144424B2CDF8048000948C6A28461946E5
:10CD8000A0472B68DB6AB34209D104B0BDE8F0814B
:10CD900003920293B8472968039A029BE7E7284663
:10CDA00004B0BDE8F0411847C5CC00002DE9F041C2
:10CDB0000668124F1C46736984B0BB42BDF82880D8
:10CDC00005460FD1631ECDF804800B4400921BB2C0
:10CDD000B46A2846A0472B68DB6ABB4209D104B07D
:10CDE000BDE8F0810392029198472E68039A029958
:10CDF000E8E7284604B0BDE8F0411847C5CC00007C
:10CE00002DE9F04387B09942BDF93840BDF83C6048
:10CE1000054622D0A24212D00768DFF88480D7F8F6
:10CE20001490C14533D1CDE900462846BC6AA047DD
:10CE30002B68DB6A434525D107B0BDE8F0839942F2
:10CE40001CDC0E962C680133E46B5B1A1BB228467F
:10CE5000A44607B0BDE8F0436047A24202DD134696
:10CE600022461C460E96631C2C68A46B9B1A1BB2B0
:10CE70002846A44607B0BDE8F04360470846194677
:10CE80000346DEE7284607B0BDE8F04318470593A0
:10CE900004920391C84703A90EC92F68C3E700BFD6
:10CEA000C5CC00002DE9F04FD0F800C090461F46D9
:10CEB0001F4ADCF8143083B09342BDF93090BDF8BE
:10CEC00034A005460C4629D12744A7421EDDDFF8D1
:10CED00064B00AE0CDF800A00134DCF8386024B278
:10CEE000B047BC42D5F800C010DADCF820605E45DF
:10CEF0004B46424621462846ECD00134CDF800A0EE
:10CF000024B2B047BC42D5F800C0EEDBDCF82C30D0
:10CF1000074A934206D103B0BDE8F08F9847D5F891
:10CF200000C0D1E7284603B0BDE8F04F184700BF66
:10CF3000C5CC0000D5CC00002DE9F04F1D4603689C
:10CF4000894616462C495A6983B08A42BDF9308019
:10CF5000BDF83470044641D1D3F824B0DFF89CA06A
:10CF60000097D34508BFD3F83CB032462B4649461C
:10CF70002046D8472368D3F824B0009708F1FF3241
:10CF80003244D34512B231D1D3F83CA049462B46A6
:10CF90002046D0472368DFF868A0D3F820B0009778
:10CFA000D34508BFD3F838B03246434649462046F9
:10CFB000D847013D23684D4429B21D6A0097554565
:10CFC00008BF9D6B324643462046A84723680A4A5D
:10CFD000DB6A934205D103B0BDE8F08F9047236828
:10CFE000BAE7204603B0BDE8F04F18472B46494644
:10CFF0002046D847CEE700BFC5CC0000E9CC0000F2
:10D00000D5CC00002DE9F04F85B01F46BDF938C0E2
:10D01000BDF83C80A7EB010AACEB0203BAF1000FAC
:10D02000814683EAE370A0EBE370B8BFCAF1000A5F
:10D0300050450D46164600905ADD39462C462A4684
:10D040003B463546674626468C46BD4208DD964639
:10D05000344629461A4666463D467346A4460F4660
:10D060009B1A7A1B002BC2F3C03404FA82F4B8BFB7
:10D070005B4292B2B44502924FEA640430DD012271
:10D0800003929BB2CB460193B94618E08769DFF85B
:10D090006CC06745314628D107695846B847019B9F
:10D0A000E31A1CB20135002C2DB29BB205DA029AAC
:10D0B00013441CB2039B1E4436B2A94512DB009BED
:10D0C000DBF8000053452A4643462946DEDC8769E3
:10D0D000DFF828C067453246DED05846B847DEE75D
:10D0E000BD4207DD05B0BDE8F08F5846B847D6E72A
:10D0F0006346AAE74FF0FF320392C2E7C9CC0000B3
:10D100004281C281084A018110B400248181826178
:10D110004FF0FF31054A44600461047704624161C5
:10D1200010BC0260704700BF01010001F85A010005
:10D130002DE9F04F85B00446BDF84460BDF938A034
:10D140000196CDF800A00568BDF94090D5F848B02B
:10D150000392BDF93C800D461F46D8470196CDF895
:10D16000009023685246394620469F6C4346B84794
:10D17000039B0E930F962B4625682046AC6C4A46BF
:10D180004146A44605B0BDE8F04F60472DE9F04F99
:10D1900087B08246BDF940600593F31D48BF06F194
:10D1A0000E030068BDF94440BDF848B0DB101746D7
:10D1B0000393304A43699342884651D1002C48DD9D
:10D1C0003C44A3B20493002302931D465B4684466D
:10D1D000D3469A46002E30DD059A02990A44D94674
:10D1E0000023D3460192BA4613F0070F08BF019AF5
:10D1F0009CB24FEAE3034FEA45050CBFD55CEDB2A4
:10D2000004EB080115F0800F09B20FD0DCF818709C
:10D21000194A974208BFDCF810705B4652461CBFA3
:10D220005B4652464846B847D9F800C0013423B29D
:10D23000B342D9D15746DA46CB46029B039A01370F
:10D240001344049A0293BBB29A423FB2C2D16046E1
:10D25000DA46C36A074A934207D107B0BDE8F08FA8
:10D2600050469847DAF80000A8E7504607B0BDE8F6
:10D27000F04F1847C5CC0000C9CC00002DE9F04F95
:10D2800093B083461C46BDF87430059392469DF8D2
:10D290007830DBF82020BDF8700004939DF87C30D6
:10D2A000069007910393002A00F0AD80137A51682D
:10D2B00012680592E31ADBB201EBC30231F8337056
:10D2C0000399049B92F8028092F906400B43D178AF
:10D2D0000C91012B92F90510109140F290800BB245
:10D2E000089323B20D93904BDBF80020119319465D
:10D2F00053698B4240F072810C9B002B74D01FFA53
:10D300008AF30E9323440F93DDF8109000230A93C1
:10D310001D4609935846B8F1000F5DD00D9B099941
:10D32000039C0A9E03EB010A0E9B0AFB043A0F9B27
:10D330000B441BB20FFA8AFA0B93002405E0013468
:10D34000E4B26D00A045EDB242D93346590706F16B
:10D350000106F6B203D105997B1CCD5D9FB22B0669
:10D36000EDD5B9F1010F1DD0089BD2F81CB0DFF844
:10D37000BCE1BDF90CC0CDF800C01919079BF345FD
:10D3800001FB093109B20FFA89F335D1DDF818C074
:10D39000CDF804C0D2F840B004905246D847049863
:10D3A0000268CCE7039B012BDED1109B0799D2F8D2
:10D3B00018B0049059185E4B21449B4508BFD2F821
:10D3C00010B0069B0B9A09B2D84704980268B6E7DA
:10D3D0000A9B4344DBB20A93099B0C990133DBB2ED
:10D3E0009942099397D88346D36A119A934240F0A1
:10D3F000D78013B0BDE8F08F069A0192CCE70023E6
:10D400000D9308936FE7BBF90C308B420A46F0DDB1
:10D41000BBF90E305345ECDD0499062313FB0123C1
:10D42000002BE6DD039B0AEBC303002BE1DD9BF839
:10D430001C30002B00F0D7803B4ADBF80030119203
:10D4400011465A698A4240F0D3803A4ABDF81C100E
:10D45000039F0D9104EB840422440A924A1D92B268
:10D460000B92BDF810200C9209910891D846CDF886
:10D470001CA00A9ABDF910A012F8016BBDF920B0EA
:10D480000A92C14608240025D04620E0049A012AC9
:10D4900036D0D3F81CA0079A244805FB072239B2DE
:10D4A000824512B2009140F0948006990191D3F820
:10D4B00040A0434659464846D047D9F80030013C81
:10D4C000013514F0FF046DB24FEA560634D0F00770
:10D4D000DCD4069A05998A42F1D0049A012A64D0D4
:10D4E000D3F81CA0079A114805FB072239B28245E0
:10D4F00012B2009170D105990191D3F840A0D8E7FC
:10D50000012FC6D1D3F818A0079A0948BDF92410F5
:10D5100082452A4408BFD3F810A0069B12B24846A1
:10D52000D047D9F80030CAE7C5CC0000FDCC0000D8
:10D53000C9CC0000F0550100089A0C9809990244E2
:10D5400092B2013108920B9A89B28A42C846099177
:10D550008FD105A991E806048A42CB461BD0049AD4
:10D56000012A4AD00C9A0D99DC69314E039802EBDE
:10D5700082021144B442BDF9102009B24FEAC0053D
:10D580004ED10598019000951C6C134658465246A2
:10D59000A047DBF80030DB6A119A93423FF429AFD1
:10D5A000584613B0BDE8F04F1847012F98D1D3F873
:10D5B00018A0079A1F48BDF9241082452A4408BFC5
:10D5C000D3F810A0059B12B24846D047D9F80030D6
:10D5D00075E7069B01936CE7059BFBE75846984768
:10D5E000DBF8002088E6AF2C84BF631CDCB223E7A5
:10D5F00058469047DBF8003027E7039A012AB1D15B
:10D600001C6A0D4ABDF92C1094420DD1059A009266
:10D610009C6B082352465846A047DBF80030BAE717
:10D62000059B01930095B0E7059B0093F1E700BFD0
:10D63000FDCC0000C9CC0000D5CC000070B5026A5A
:10D6400084B004460B46002A36D00A2929D00D2979
:10D650002FD0117A8B422CD3907A984229D35568D7
:10D66000591AC9B205EBC105A97899B1E87888B112
:10D67000E07E00285FD1267E607EB4F91010B4F9F8
:10D68000122003900296E08A0190A08A0090204622
:10D69000FFF7F4FD2979238A227E01FB02332382DE
:10D6A00007E000230382127B438A417E01FB0233A1
:10D6B0004382012004B070BD0A291CD00D29F8D086
:10D6C000C17E09BBB0F91010B0F91220657E007E52
:10D6D00003950290E08A0190A08A00902046FFF70F
:10D6E000CDFD237E228A03EB430302EB430301209B
:10D6F000238204B070BD438A417E028203EBC103E2
:10D700004382012004B070BDB0F91010007EB4F95E
:10D710000CC0062515FB0015654508DD657E2282D7
:10D720001146628A02EBC50212B26282D0E7B4F9F6
:10D730001220657ECCE795F90500267EB4F90CC071
:10D740000844B4F9101006FB0010604503DC607E4D
:10D75000B4F9122095E70021218292F80CC0607E76
:10D76000628A0CFB002212B262828AE7012938BF6A
:10D77000012101764176704770B5EFF3108272B6E1
:10D780000C4C206880B10C4E00254369236073B1B6
:10D790009D6102B962B6836845779847EFF31082BE
:10D7A00072B620680028F0D102B962B670BD33604D
:10D7B000EFE700BF3C9CFF1F389CFF1FFFF7DCBF5B
:10D7C000024A136801331360704700BFB09CFF1F0B
:10D7D0004B0803F1376303F5D83310B50446B3FBA8
:10D7E000F1F001F00DFA044B1B7803B110BD204697
:10D7F000BDE8104003F032BB0D92FF1F08B508468C
:10D8000001F0FCFB012008BD08B5084601F0F6FB5D
:10D81000012008BD38B508460D4604F071FE0446E7
:10D820000146284601F066FC204638BD10B5084682
:10D830001446114601F05EFC204610BD0846114614
:10D8400001F086BE0846114601F066BE01F07EBDBD
:10D8500008B5084601F0B2FB003818BF012008BD2A
:10D8600008B5084601F088FB003818BF012008BD44
:10D870000846114601F014BB084601F04FBB00BF3B
:10D88000084601F0F1BA00BF01F086BA10B54B08A6
:10D8900003F13763144603F5D833B3FBF1F001F01D
:10D8A000AFF92046BDE8104001F018BA01F028BDDC
:10D8B00001F0E0BC01F0CABC01F0A4BC01F0AEBCB8
:10D8C0000368064A1B68934205D110B5C8B201F03F
:10D8D00095FB012010BDC9B2184700BF09D8000050
:10D8E0000368064A1B68934205D110B5C8B201F01F
:10D8F00085FB012010BDC9B2184700BF09D8000040
:10D900000368064A1B68934205D110B5C8B201F0FE
:10D9100075FB012010BDC9B2184700BF09D800002F
:10D920000368064A1B68934205D110B5C8B201F0DE
:10D9300065FB012010BDC9B2184700BF09D800001F
:10D940004B0803F1B76303F5584310B50446B3FB26
:10D95000F1F001F083FE044B1B7803B110BD2046AB
:10D96000BDE8104003F07ABA0E92FF1F08B50846D2
:10D9700001F0E0FF012008BD08B5084601F0DAFF1C
:10D98000012008BD38B508460D4604F0B9FD04462F
:10D990000146284601F0D8FF204638BD10B508469C
:10D9A0001446114601F0D0FF204610BD084611462E
:10D9B00002F044B90846114602F024B902F07CB8DE
:10D9C00008B5084601F096FF003818BF012008BDD1
:10D9D00008B5084601F06CFF003818BF012008BDEB
:10D9E0000846114601F036BF084601F05FBF00BF90
:10D9F000084601F013BF00BF01F0DABE10B54B08B6
:10DA000003F1B763144603F55843B3FBF1F001F09B
:10DA100025FE2046BDE8104001F06CBE02F026B89D
:10DA200001F0DEBF01F0C8BF01F0A2BF01F0ACBF42
:10DA30000368064A1B68934205D110B5C8B201F0CD
:10DA400079FF012010BDC9B2184700BF79D9000085
:10DA50000368064A1B68934205D110B5C8B201F0AD
:10DA600069FF012010BDC9B2184700BF79D9000075
:10DA70000368064A1B68934205D110B5C8B201F08D
:10DA800059FF012010BDC9B2184700BF79D9000065
:10DA90000368064A1B68934205D110B5C8B201F06D
:10DAA00049FF012010BDC9B2184700BF79D9000055
:10DAB000704700BF704700BF704700BF704700BF8E
:10DAC000704700BF38B5064CA4F1600554F8083C17
:10DAD0002046DB68183C9847AC42F7D138BD00BF00
:10DAE000989CFF1F2DE9F043036887B004469046D9
:10DAF000002B3ED000229A600122DA60294DDFF827
:10DB0000A8901D442D1151F8083B009305EB4506E4
:10DB1000F60002A85B68984706F1080759F8063036
:10DB20004F443846DB689847009B204A009202A980
:10DB300049F8063038469B689847009B02A8DB6886
:10DB4000984723681A49C3F8008003229A6005F1B8
:10DB50004402531103F138232079685440330120E3
:10DB60009B0002F01F0200FA02F21A6007B0BDE843
:10DB7000F083104AD36B43F40003D36300BF0E4B12
:10DB800001221A6003F580730C4A0360986800282C
:10DB9000B4D0103393422360F8D10020206007B046
:10DBA000BDE8F083008FFCBF489CFF1F1C5C010098
:10DBB00044E400E0008004400070034040710340F2
:10DBC0000368002B3DD02DE9F0471E4CDFF878901C
:10DBD0001E4A1C44241104F14406731104EB44044E
:10DBE000E40003F1382386B060339F004FF0010A50
:10DBF00059F80430009204F1080806F01F06144A90
:10DC000002920AFA06F6C8440546DB683E604046C2
:10DC10009847009B0F4A009249F80430404602A9F9
:10DC20009B689847009B02A8DB6898472A680023F6
:10DC30009360C2F80CA0C7F800612B6006B0BDE885
:10DC4000F0877047008FFCBF489CFF1F58290100D8
:10DC5000B1DA00001C5C01000448054A50F8083B9A
:10DC600001211B68C2F80C11184700BF489CFF1F18
:10DC7000007003400448054A836901211B68C2F80B
:10DC80001C112030184700BF489CFF1F0070034044
:10DC90000448054A036B01211B68C2F82C11383077
:10DCA000184700BF489CFF1F007003400448054A06
:10DCB000836C01211B68C2F83C115030184700BF2B
:10DCC000489CFF1F00700340084B0948094A0A4955
:10DCD00010B40A4C1C6098609C6118621C639863C5
:10DCE0009C64186510BC002003F092BA489CFF1F8A
:10DCF000B1DA0000348DFF1FC5DA00005829010099
:10DD0000F8B50C4671B182B106468F18002533680C
:10DD100014F8011B1B6830469847BC420544F6D1F5
:10DD20002846F8BD0D462846F8BD1546F8E700BF61
:10DD300070B5012A8AB008BF0A22A1B34FF0210EA4
:10DD400002E05FFA86FE2946B1FBF2F502FB1514EC
:10DD50005FFA84FC092C0CF1300498BF5FFA84FC54
:10DD60000EF1280488BF0CF1370C6C4488BF5FFAB1
:10DD70008CFC91420EF1FF3604F824CCE1D24BB179
:10DD80000EF1FF3E5FFA8EFE0EF128036B442D224A
:10DD900003F8242C036801A95B68CEF122027144C8
:10DDA00098470AB070BD30228DF825204FF0210E23
:10DDB000E5E700BF0029BABF49422D2300230A220C
:10DDC000FFF7B6BF00B5036883B040F60D22ADF88B
:10DDD00004205B68022201A9984703B05DF804FBA8
:10DDE00038B52A4C2A4D01E002F0C0FF636A1B06D9
:10DDF000FAD46B6A13F08003F6D172B625490A781B
:10DE0000002A40D0A26BE06B0244206C0244606C9C
:10DE10000244A06C0244E06C0244C2F34E0242F49D
:10DE20000042E262A26DE06D0244206E0244606E28
:10DE30000244A06E0244E06E0244C2F34E0242F479
:10DE400000422263AA6BE86B0244286C0244686CAF
:10DE50000244A86C0244E86C0244C2F34E0242F44D
:10DE60000042EA62AA6DE86D0244286E0244686EC0
:10DE70000244A86E0244E86E0244C2F34E0242F429
:10DE800000422A630B7062B638BD00BF00B0034089
:10DE900000B00B40AC9CFF1F2A4B2B4A6020E121B5
:10DEA0001870597013782948082B34D00A2B20D0C9
:10DEB0000C2B274B0CBF35213D2112228160C26003
:10DEC0009960DA60234B21491B78214ACBB10123A9
:10DED0000B621362204B1D491B781D4A012B13D97D
:10DEE000042B1BD884234B6253621C4B01221A70F3
:10DEF0007047174B392113228160C2609960DA6044
:10DF0000E0E70B621362E5E780234B625362134B39
:10DF100001221A7070470E4B0121ECE7082B06D83E
:10DF200085234B6253620D4B01221A707047102BF0
:10DF300094BF862387234B625362084B01221A70D9
:10DF4000704700BF00400740F890FF1F00B003403B
:10DF500000B00B40AA9CFF1FF990FF1FAC9CFF1F55
:10DF60000C2810B417D91023984228BF1846194618
:10DF7000104A114C181A20701078884215D00F4999
:10DF800013700B7823B10E490E4A00234B62536283
:10DF900010BCFFF781BF0A2802D90C231946E7E716
:10DFA000082804D90A231946E2E710BC7047082361
:10DFB0001946DDE7F890FF1FAB9CFF1FAC9CFF1FCD
:10DFC00000B0034000B00B40282829D8304B2DE981
:10DFD000F0411E5CFF2E53D02E4B1B7813BB340632
:10DFE00024D472B62C4C2D4D01272E60277062B6BA
:10DFF00072B62B68180609D42378002BF5D062B6C8
:10E0000002F0B4FE72B62B681906F5D5234A002338
:10E010001069237062B6224B1B781841BDE8F0816D
:10E0200000207047FFF7DCFE3406DAD572B61D4DCE
:10E030001D4C06F04008012706F03F06E368B8F1E2
:10E04000000F20D023F01003E36026602F7062B62B
:10E0500072B623681A0609D42B78002BEED062B66C
:10E0600002F084FE72B623681B06F5D50E4A002323
:10E0700010692B7062B60A4B1B781841BDE8F0811D
:10E080000020BDE8F08143F01003E360DDE700BF4E
:10E090002C5C0100AC9CFF1FA89CFF1F00B003403C
:10E0A000AB9CFF1FA99CFF1F00B00B400B4A0C4903
:10E0B000D36A43F48053D3620B784BB1094B80226F
:10E0C00083F82120074B80F30C0000B218807047C2
:10E0D000044BC02283F82120F4E700BF00800440F5
:10E0E000AA9CFF1F00C00C4010B5174B0FCB84B08B
:10E0F000EC468CE80F00154B5A78910717D51A7823
:10E10000124C12F0700218BF1A7080210023E171C6
:10E11000332223710323E272A37272B64CF001031F
:10E120002046984762B6237813F0700309D1084B54
:10E13000064901E0013B02D04A78D207FAD504B083
:10E1400010BD237004B010BD585C010000000240F7
:10E15000410D0300B0F5006F11D210B5094B5B788B
:10E16000DB07044604D504F1A0542078C0B210BDEA
:10E1700004F1A054FFF7B8FF2078C0B210BD002012
:10E18000704700BF00000240B0F5006F1FD238B5E5
:10E190000F4B5B78DA0704460D4610D504F1A05406
:10E1A0002378AB420AD00A4A137813F0700318BFE1
:10E1B0001370074A25705378DB07FCD538BD04F18E
:10E1C000A054FFF791FF2378AB42ECD1F6E77047FC
:10E1D0000000024008B5F4F705FBF5F77FF902F0FF
:10E1E000C5FDFAE701B441EA000313F003036FD160
:10E1F000403A41D351F8043B40F8043B51F8043B0A
:10E2000040F8043B51F8043B40F8043B51F8043B10
:10E2100040F8043B51F8043B40F8043B51F8043B00
:10E2200040F8043B51F8043B40F8043B51F8043BF0
:10E2300040F8043B51F8043B40F8043B51F8043BE0
:10E2400040F8043B51F8043B40F8043B51F8043BD0
:10E2500040F8043B51F8043B40F8043B51F8043BC0
:10E2600040F8043B51F8043B40F8043B51F8043BB0
:10E2700040F8043B403ABDD2303211D351F8043B50
:10E2800040F8043B51F8043B40F8043B51F8043B90
:10E2900040F8043B51F8043B40F8043B103AEDD2FF
:10E2A0000C3205D351F8043B40F8043B043AF9D250
:10E2B00004320AD0D2071CBF11F8013B00F8013B21
:10E2C00003D30B7803704B78437001BC704700BFD9
:10E2D0000C2A4AD310F0030311D0C3F10403D21A5D
:10E2E000DB071CBF11F8013B00F8013B07D311F815
:10E2F000013B00F8013B11F8013B00F8013B11F034
:10E3000003033FF475AF30B4043AC91AC3F1040CE7
:10E3100051F8044B022B19D0032B0BD0240A51F8CF
:10E32000043B1D0644EA050440F8044B1C46043A2D
:10E33000F4D216E0240E51F8043B1D0244EA050411
:10E3400040F8044B1C46043AF4D20AE0240C51F87D
:10E35000043B1D0444EA050440F8044B1C46043AFF
:10E36000F4D20432B1EB0C0130BC043AA0D3013A30
:10E3700011F8013B00F8013BF9D20B7803704B78A0
:10E3800043708B78837001BC704700BF08B50F4C99
:10E39000636B58030DD4636B59050FD4636B1A0577
:10E3A00011D4636BDB04F3D501F098FB636B580366
:10E3B000F1D501F051FD636B5905EFD500F008F878
:10E3C000636B1A05EDD500F0E5FFEAE70080044035
:10E3D00008B5FFF7DBFF00BF014B10221A80704722
:10E3E00000200540704700BF094A08B50346106881
:10E3F00033B169460344A1F580518B4201D21360C9
:10E4000008BD04F047F80C2303604FF0FF3008BD4F
:10E41000FC90FF1FFEE700BFEFF31383CBB9EFF3D0
:10E420001080A0B9EFF3058343B94FF48070EFF388
:10E4300011835BB1984228BF184670470F2BF6D95D
:10E44000054AD05CEFF31183002BF3D170471846D7
:10E4500070474FF0FF307047F0E300E003F0F8B989
:10E4600003F0FEB901F1FF3C70B56546002401E000
:10E4700070460134B0FBF2FE02FB1E03092B03F1D0
:10E4800030068ABF3733F3B2DBB2904205F8013F62
:10E49000EED2631C0022CA54C8187CB162461CF834
:10E4A000015F10F801ED8CF800E0A1EB0C030232E3
:10E4B000013B521A23449A420570EFDB084670BDB7
:10E4C000704700BF10B40F4B53F8302092F88042D1
:10E4D0002CB1012391B182F8803010BC704703EB5E
:10E4E000C0035B681A6821B922F0020210BC1A60EE
:10E4F000704742F0030210BC1A60704782F8003186
:10E5000010BC70477C5C0100212835D8042A33D820
:10E5100030B42A4B2A4D53F8223005EBC0021B04BD
:10E520005468226812F4E06239D0264A2648C2F8BC
:10E530009C012648C2F8A0012548C2F8A40125483C
:10E54000C2F8A8012448C2F8AC0104F14042A2F587
:10E5500092207C2811D8214872B6226822F47022B9
:10E5600022601343C4F3840243F0807340F8221006
:10E57000236062B630BC70477047A2F594207C28B7
:10E5800015D9A2F596207C2813D9A2F598207C28CD
:10E5900011D9A2F59A227C2AECD81148DCE755F86B
:10E5A000300080F880224FF480722260BDE70D4871
:10E5B000D2E70D48D0E70D48CEE700BF685C010008
:10E5C0007C5C01000082FF1F018DFF1FCD8CFF1FAF
:10E5D000998CFF1F658CFF1F318CFF1F0491FF1F5B
:10E5E000DC91FF1F3C91FF1F8C91FF1FBC91FF1F0F
:10E5F0001A4B03EBC0035A6802F14043A3F5922182
:10E600007C2905D9A3F594217C2914D8144900E06C
:10E61000144910B472B61368134C23F08773C2F315
:10E62000840023F4803343F08073136041F820406A
:10E6300062B610BC7047A3F596217C2909D9A3F5D1
:10E6400098217C2907D9A3F59A237C2B05D8074963
:10E65000DFE70749DDE70749DBE770477C5C01003E
:10E660003C91FF1F0491FF1FC1E40000DC91FF1FDC
:10E670008C91FF1FBC91FF1F034B002210215A6198
:10E680005A6018605961704700D00340704700BF5E
:10E69000F0B54FF0E0244FF400054FF0807CC4F853
:10E6A0000851C4F808C14FF0007CC4F808C11D4AE5
:10E6B0001D481E494FF0806CC4F808C1282300276C
:10E6C0004BF6FF7609254FF0006CC4F808C183B003
:10E6D00057609660D3605361D3615362D3625363D2
:10E6E000D3635364156047608660C360436105600F
:10E6F0004F608E60CB604B610D60FFF7CDFBFFF785
:10E70000C5FF0B4C23680093009B132BFAD901F033
:10E710005FFF23680193019BB3F5967FF9D303B0A4
:10E72000F0BD00BF008003400090034000800B401C
:10E73000B09CFF1F28287F4B36D000291B783FDD77
:10E74000012202FA03FC614510B554D2C21E012A0F
:10E7500070D9202867D0192865D0774A926802FBC3
:10E76000011222FA03F3421F1B2A7DD8DFE812F0C0
:10E77000C600BF007C007C00B800B1007C007C00BB
:10E780007C007C007C007C007C007C007C00AA007B
:10E79000A3009C0095007C00CD007C007C007C00E8
:10E7A0007C007C007C00D40018780B2895BFC0F159
:10E7B0000C000C3801FA00F041FA00F0FFF776BCCB
:10E7C000212817D85D4B53F8302092F8801203EBC4
:10E7D000C00300293CD001215B6882F800110120B0
:10E7E0004FF4A27182F8800219601A6822F02002A8
:10E7F0001A6070477047212814D8504B53F83010D6
:10E8000091F8804203EBC00344B35B6881F8802039
:10E810004FF4A272012081F880021A601A6822F077
:10E8200020021A6010BD464A926802FB011222FAC9
:10E8300003F398E7434CA268042802FB011222FA72
:10E8400003F270D1404BA2614FF45171596310BD76
:10E850005B68196821F002011960C0E75B681A68FB
:10E8600042F003021A60D3E72128DBD87F29D4BF06
:10E8700000210121FFF726FE304B03EBC00253F8C5
:10E880003010536801244FF4A27281F880421A605C
:10E890001A6822F020021A6010BD27482B4A8361B3
:10E8A00040F24441916010BD2348284A036140F280
:10E8B0004441516010BD2048254A036440F2444160
:10E8C000916110BD1C48224A836340F2444151616A
:10E8D00010BD19481D4A836240F24441116110BDC8
:10E8E00015481A4A036240F24441D16010BD1248F3
:10E8F000174A036340F24441116110BD0E48144AA7
:10E90000836440F24441D16110BD0D48114A8361D6
:10E910004FF45171D16410BD09480E4A03614FF4A0
:10E920005171916410BD084B22614FF4517119630C
:10E9300010BD00BF0091FF1F008003407C5C010000
:10E9400000800B40009003400090044000B0044061
:10E9500000C0044000A004400346102B28BF102331
:10E96000034A012B38BF012310781370704700BF92
:10E970000091FF1F2DE9F0470E4680462C49304696
:10E9800002F0F8FE2B4B002847F6122712BF4FF07B
:10E99000020A4FF0010A1F4600244FF05E5927FA81
:10E9A00004F002F0F1FC4946054602F045FD01463F
:10E9B000304602F0F3FE30B90134072CEFD1F809EC
:10E9C00002F0E2FC05463146284602F0E9FD4FF030
:10E9D0007C5102F027FC02F01BFF4FF6FF739842B8
:10E9E00028BF1846A8F10303012B11D9A8F1050887
:10E9F0005FFA88F8B8F11B0F08D80F4A012303FA11
:10EA000008F31A4010D113F0016F0BD1BDE8F08765
:10EA10000A4B002244EACA041A605A6098601C60DB
:10EA2000BDE8F087064BF5E7064B0022F2E700BF92
:10EA3000001BB740006CDC023380070000900340ED
:10EA400000800B4000800340212816D810B4104BE2
:10EA500053F8302092F880422CB1012371B982F82A
:10EA6000003110BC704703EBC0035B681A6849B102
:10EA700042F0030210BC1A607047704782F8803081
:10EA800010BC704722F0020210BC1A60704700BF31
:10EA90007C5C0100212806D8044B53F8303093F8F1
:10EAA0000002C0B270470020704700BF7C5C0100CC
:10EAB000212820D81B4A02EBC00301295B680FD034
:10EAC00004291DD052F83000002280F8802299B12C
:10EAD000022922D003290DD14FF481721A607047A8
:10EAE00052F830004FF4A27280F880121A601A684F
:10EAF00022F020021A6070474FF480721A6070474B
:10EB000052F830104FF4A272012081F880021A608E
:10EB10001A6842F020021A60704740F203121A602D
:10EB2000704700BF7C5C010072B60D494FF0E022D7
:10EB300093690868D2F8042D62B6520102D5322BCF
:10EB400088BF0130074AC3F5BB334FF47A71FF33F6
:10EB5000A2FB032301FB00F000EB9310704700BF02
:10EB6000B09CFF1FABAAAAAA2DE9F843044672B6CF
:10EB7000204F4FF0E02293693D68D2F8042D62B631
:10EB8000520102D5322B88BF01350CB9BDE8F8839C
:10EB9000DFF86490DFF86480A9EB0303A8FB03238C
:10EBA0004FF47A7202FB05F505EB93154FF0E02662
:10EBB00072B6B1693A68D6F804CD62B6A9EB010322
:10EBC000A8FB03031CF0806FC5EB93134FF47A701E
:10EBD00002D0322988BF013200FB0233B3F57A7FBD
:10EBE00004D3013CD2D005F57A75E1E702F0BEF816
:10EBF000DEE700BFB09CFF1FFF760100ABAAAAAA08
:10EC00002A4A2B49536B70B443F40063294D536374
:10EC1000294E2A4C327800232B700B702849237020
:10EC20000B702849092A0B7033D01A2A03D1264BBE
:10EC300040F213325A60254B1B780A2B31D01F2B20
:10EC400003D1214B4FF451721A602028204B214CE4
:10EC500038BF2020C0F3443C83F800C0C0F3471CF9
:10EC600000F01F0083F801C00422987202209A70FD
:10EC7000D87488205A754FF0E021187440223C2047
:10EC8000D87084F82F204FF4004370BCC1F80431D1
:10EC90007047114B40F21332DA600C4B1B780A2B91
:10ECA000CDD10D4B4FF451721A61CEE70080044074
:10ECB000009DFF1FF89CFF1FF091FF1F349DFF1F59
:10ECC0003C9DFF1F089DFF1F00D00440F891FF1FCF
:10ECD00000B0064000E400E000B00440294B2949A0
:10ECE0009B7800F0030203F0EC031343420700F0AB
:10ECF0000F0248BF43F01003042A8B7003D18B79B5
:10ED000043F040038B711F4B5A79C30602F0EF02A8
:10ED10001C4B48BF42F010025A719A79810602F0EA
:10ED2000EF0211D542F0100281059A710FD59A7841
:10ED3000154942F0A0029A700978144B03EBC10305
:10ED400040F246325B6814E09A71820505D4104B9C
:10ED5000104A1968914211D070479A780A4942F0D6
:10ED6000A0029A700978094B03EBC10340F24732C5
:10ED70005B68074907481A600860704700221A60FC
:10ED8000704700BF00B00640F891FF1F7C5C010097
:10ED9000049DFF1FD400D642294B5B6B1B054DD54C
:10EDA00010B5284C237823B101F0E0FF2378002B25
:10EDB000FAD1254A254B4FF0E0204FF400440021C2
:10EDC000C0F88441D1701B78092B2CD01A2B1BD092
:10EDD0001F4B1B7803F07F030A2B1FD01F2B0ED075
:10EDE0001C4B194A1C4C1D48196892F804C0D27972
:10EDF00000232370037009B101230B7010BD184B61
:10EE000040F203121A60EBE7154B40F203125A600E
:10EE10000F4B1B7803F07F030A2BDFD1114B40F21D
:10EE200003121A61DCE70F4B40F20312DA60084B61
:10EE30001B7803F07F030A2BD0D1EFE7704700BFA8
:10EE400000800440089DFF1F00B00640F091FF1FA6
:10EE5000F891FF1FB49CFF1FF89CFF1F009DFF1F30
:10EE600000D0044000B004400A4A38B50546137883
:10EE700003F0FF04002BFAD101212846FFF718FE0A
:10EE800021462846FFF7E0FD034A044B52F835209F
:10EE90001A6038BD089DFF1F7C5C0100049DFF1FA8
:10EEA00009B140F08000194A1378834217D010B49A
:10EEB000174C646B24050FD503F07F030A2B21D078
:10EEC0001F2B14D0002900F07F0314BF60214421C0
:10EED0000A2B10D01F2B03D0107010BC7047704746
:10EEE0000C4B41F440711960107010BC7047094B15
:10EEF00000241C60E6E7084B41F440711961107072
:10EF000010BC7047044B00241C61DBE7F891FF1F25
:10EF10000080044000D0044000B00440124B1A7836
:10EF200082420CD01149496B090507D5092A16D030
:10EF30001A2A0AD009280DD01A2801D01870704753
:10EF40000B4A40F213315160F8E7094A00210928C1
:10EF50005160F1D1074A40F21331D160EEE7054A22
:10EF60000021D160E6E700BFF091FF1F0080044060
:10EF700000D0044000B004400D4B5B6B13F4006301
:10EF800013D0212803D90B4B0020186070470A4B7F
:10EF900010B5084C53F8303023600121FFF788FD8D
:10EFA000236800221A70012010BD1846704700BF68
:10EFB00000800440B49CFF1F7C5C01000C4B5B6B29
:10EFC00013F4006312D0172809D10A4B0A4A40F201
:10EFD00002319960537B0120034353737047064A03
:10EFE000537B03F0FE0300205373704718467047AD
:10EFF0000080044000B0044000B006402DE9F84F06
:10F00000334B5B6B1A053AD5324B1B6806460BB186
:10F0100001221A70DFF8C090DFF8C08099F8004034
:10F02000D8F800302E4D0134A3422B7829D99C42C8
:10F030005FFA84FA14D12B4FDFF8ACB005E03B79CE
:10F040001B0623D42B78A3420AD1FFF7E5F9402809
:10F05000F5DDFF28F6DD01F089FE2B78A342F4D020
:10F06000272C29D9214B283C1B68F6B21E55204A73
:10F070001C4B01211170BC2289F800A0DA70BDE898
:10F08000F88F03F0FF0AA3B95446D4E72B78D8F8D9
:10F0900000105A1C9142DBB208D9272A10D8D1B2ED
:10F0A0001BF80230DBB2FB712970CBE700210A4666
:10F0B000F6E74FF0000A54460B4BF6B21E55D6E762
:10F0C000D1B20A4A273B1268D35CDBB2EBE700BF40
:10F0D00000800440049DFF1F349DFF1FF491FF1F1B
:10F0E0003C9DFF1F00B006400C9DFF1F389DFF1F79
:10F0F000089DFF1F2DE9F84F394B5B6B1A053CD576
:10F10000384B1B680BB101221A704718B84231D234
:10F11000354EDFF8D880364CDFF8D89000F1010A80
:10F1200013E003F0FF0B53B34FF0000B5D46324A80
:10F130001AF8013C5355524630490123BA420B702C
:10F140000AF1010A86F800B014D23578D8F80030F8
:10F150000135AB422378E4D9AB425FFA85FB0FD08F
:10F16000272DE4D9264B1AF8012C1B68283D5A5547
:10F170005246E1E71F4BBC22DA70BDE8F88F5D46CE
:10F180006FF0430389F8033006E099F804301B065A
:10F190000BD42378AB42E3D1FFF73EF94028F4DDEE
:10F1A000FF28F6DD01F0E2FDF3E72378D8F8001040
:10F1B0005A1C9142DBB203D9272A0AD8D1B201E006
:10F1C00000210A460C4B9B5CDBB289F807302170AA
:10F1D000DFE7D1B20A4A273B1268D35CDBB2F4E71F
:10F1E00000800440049DFF1F349DFF1FF491FF1F0A
:10F1F0003C9DFF1F00B006400C9DFF1F089DFF1F98
:10F20000389DFF1F10B5044C237823B101F0AEFDEB
:10F210002378002BFAD110BD089DFF1F084A094B27
:10F2200011781A789142C8B2D3B202D2013B181AAF
:10F230007047054A1268013A1344181A704700BF14
:10F24000349DFF1F3C9DFF1FF491FF1F064A074B93
:10F2500011781A789142D0B23CBF054A1268CBB2FD
:10F2600038BF9B18181A7047F89CFF1F009DFF1F9E
:10F27000EC91FF1F1B4B1C491A780B789A422ED039
:10F2800010B55FFA82FE194AD8B21268431C9A423E
:10F2900019D93F2B1BD85FFA83FC1548C05CC0B25C
:10F2A00081F800C01349096861B19E453CBF7244B2
:10F2B000D31A114A126828BFAEEB03039A4201D356
:10F2C00000230B7010BD4FF0000C6346E5E70B4CBC
:10F2D0003F382468205C5FFA83FCC0B2E0E74FF05F
:10F2E000FF307047F89CFF1F009DFF1FEC91FF1F30
:10F2F000B89CFF1FB49CFF1FE891FF1FFC9CFF1FE1
:10F300000D4A0E4B11781B789942DAB211D00C4994
:10F310000968531C994207D93F2B06D9094B3F3A3C
:10F320001B68985CC0B270470023074AD05CC0B22B
:10F3300070474FF0FF307047F89CFF1F009DFF1F84
:10F34000EC91FF1FFC9CFF1FB89CFF1F0C4B5B6BDD
:10F350001B0514D50B4B0C48DA78402102F0CB0288
:10F36000DA705974DA78094942F03402DA70084ADE
:10F3700003781268DBB20B700AB100231370704778
:10F380000080044000B00640009DFF1FF89CFF1F56
:10F39000B49CFF1F2DE9F041504C237913F0300F3E
:10F3A00047D072B6A37D03F0FF01002B58D062B6A0
:10F3B000DFF82C814B4898F800304B4A05781668E6
:10F3C0004A4F5FFA83FC4A4BEDB2D3F800E008E005
:10F3D0001DB14FF0000C07F80C304A1E12F0FF016F
:10F3E00012D0E3790CF101029642DBB2F0D99542DA
:10F3F000ACF13F00F1D03F2A6DD994464A1E12F07D
:10F40000FF010EF80030ECD15FFA8CF388F8003081
:10F41000384B196869B1AC453CBF721B02EB0C0359
:10F42000354A126828BFACEB05039A429CBF012302
:10F430000B702A48C3781E06DDB216D46A060DD5B5
:10F44000264B1B795B0609D52C4B2D491B680022E6
:10F450000A7003B11A70214B3C22DA70BDE8F081CA
:10F460004023E279637462B6E3E703791C06E5D5CD
:10F47000244B254ADFF894E01C7816689EF800308B
:10F48000234A244FD2F800C0E4B2DBB207E003798C
:10F490000023FA5CD2B2C271027D072A11D8A342BE
:10F4A00003F101010ED08E42F1D927290279A3F18F
:10F4B000270301D80B46ECE71CF803200B46D2B219
:10F4C000E9E7DCB2054B8EF800401A79110644BF1B
:10F4D0007C22DA70B2E794467DE700BF00B00640B8
:10F4E000F89CFF1F009DFF1FEC91FF1FB89CFF1FA2
:10F4F000FC9CFF1FB49CFF1FE491FF1F049DFF1F96
:10F50000089DFF1F349DFF1FF491FF1F3C9DFF1FAF
:10F51000389DFF1F0C9DFF1F094B10B4186060B190
:10F5200001F14004074B084801F11A021A60074B29
:10F530000460283110BC196070474024F2E700BF16
:10F54000FC9CFF1FE891FF1FEC91FF1FE491FF1F40
:10F55000054B186018B1054B283119607047034BF3
:10F5600028211960704700BF389DFF1FF491FF1FCD
:10F570002DE9F84F314B1B6807460BB101221A7079
:10F58000DFF8BC90DFF8BC8099F80040D8F8003074
:10F590002D4D01349C422B782AD303F0FF0A002B17
:10F5A0003ED15446294EDFF8A8B005E033791B065A
:10F5B00023D42B78A3420AD1FEF72EFF4028F5DD95
:10F5C000FF28F6DD01F0D2FB2B78A342F4D0272CE4
:10F5D00029D9204B283C1B68FFB21F551E4A1B4BE4
:10F5E00001211170AC2289F800A0DA70BDE8F88F13
:10F5F0009C425FFA84FAD5D0E9E72B78D8F800105E
:10F600005A1C8A42DBB203D2272A10D8D1B201E0B9
:10F6100000210A461BF80230DBB2F3712970C8E7FB
:10F620004FF0000A54460A4BFFB21F55D6E7D1B23D
:10F63000084A273B1268D35CDBB2EEE7909DFF1FC0
:10F64000C09DFF1F0892FF1FC89DFF1F00C00640FE
:10F65000989DFF1FC49DFF1F949DFF1F1D4A1E49BB
:10F66000536B2DE9F04343F480531C4DDFF8708059
:10F67000DFF870901C4F1D4E5363002388F8003054
:10F68000202889F800303B7033702B7040F213351E
:10F690008D6002F5103238BF20204FF45175CD60D7
:10F6A000C0F344311170C0F3471E114C82F801E0E1
:10F6B00000F01F002C2190724FF0E02C9370137417
:10F6C000D17040224FF4003384F83120CCF804315B
:10F6D000BDE8F0830080044000C00440949DFF1FFB
:10F6E000849DFF1F8C9DFF1FC09DFF1FC89DFF1F96
:10F6F00000E400E0294B29499B7800F0030203F065
:10F70000EC031343420700F00F0248BF43F010031D
:10F71000042A8B7003D18B7943F040038B711F4B0C
:10F720005A79C30602F0EF021C4B48BF42F01002A8
:10F730005A719A79810602F0EF0211D542F0100257
:10F7400081059A710FD59A78154942F0A0029A70F6
:10F750000978144B03EBC10340F246325B6814E0B6
:10F760009A71820505D4104B104A1968914211D044
:10F7700070479A780A4942F0A0029A700978094BBA
:10F7800003EBC10340F247325B68074907481A6040
:10F790000860704700221A60704700BF00C0064032
:10F7A0000C92FF1F7C5C0100909DFF1FD400D8428B
:10F7B00038B5134B5B6BDB0420D5124C237823B197
:10F7C00001F0D4FA2378002BFAD10F4A0F494FF0F9
:10F7D000E024002340F203104FF40035C4F88451B4
:10F7E000D3708860C8600A490A4C0B4809681579CB
:10F7F000D2792370037009B101230B7038BD00BFAB
:10F8000000800440949DFF1F00C0064000C00440DB
:10F81000409DFF1F849DFF1F8C9DFF1F0A4A38B526
:10F820000546137803F0FF04002BFAD10121284686
:10F83000FFF73EF921462846FFF706F9034A044B35
:10F8400052F835201A6038BD949DFF1F7C5C010082
:10F85000909DFF1F09B140F08000114A1378834248
:10F8600016D010B40F4C646BE4040ED503F07F0384
:10F87000082B02D10C4B0024DC60002900F07F0330
:10F8800014BF60214421082B03D0107010BC7047B6
:10F890007047054B41F44071D960107010BC70473F
:10F8A0000C92FF1F0080044000C00440704700BF5E
:10F8B0000D4B5B6B13F4805313D0212803D90B4BF2
:10F8C0000020186070470A4B10B5084C53F83030D0
:10F8D00023600121FFF7ECF8236800221A70012051
:10F8E00010BD1846704700BF00800440409DFF1FB8
:10F8F0007C5C01000C4B5B6B13F4805312D00E2820
:10F9000009D10A4B0A4A40F202315960537B012067
:10F91000034353737047064A537B03F0FE030020F2
:10F9200053737047184670470080044000C004407D
:10F9300000C00640034B5B6BDB0401D5FFF718BE2C
:10F94000704700BF0080044079B170B5074E04468F
:10F950004518736BDB0404F1010403D514F8010CA2
:10F96000FFF706FEAC42F4D170BD70470080044042
:10F9700010B5044C237823B101F0F8F92378002B5B
:10F98000FAD110BD949DFF1F084A094B11781A78CF
:10F990009142C8B2D3B202D2013B181A7047054A4D
:10F9A0001268013A1344181A704700BFC09DFF1F28
:10F9B000C89DFF1F0892FF1F064A074B11781A784F
:10F9C0009142D0B23CBF054A1268CBB238BF9B18F7
:10F9D000181A7047849DFF1F8C9DFF1F0492FF1F04
:10F9E0001B4B1C491A780B789A422ED010B55FFA3F
:10F9F00082FE194AD8B21268431C9A4219D93F2B89
:10FA00001BD85FFA83FC1548C05CC0B281F800C007
:10FA10001349096861B19E453CBF7244D31A114A2B
:10FA2000126828BFAEEB03039A4201D300230B7088
:10FA300010BD4FF0000C6346E5E70B4C3F382468DF
:10FA4000205C5FFA83FCC0B2E0E74FF0FF30704704
:10FA5000849DFF1F8C9DFF1F0492FF1F449DFF1F6D
:10FA6000409DFF1F0092FF1F889DFF1F0D4A0E4BF8
:10FA700011781B789942DAB211D00C490968531CED
:10FA8000994207D93F2B06D9094B3F3A1B68985C2E
:10FA9000C0B270470023074AD05CC0B270474FF035
:10FAA000FF307047849DFF1F8C9DFF1F0492FF1F36
:10FAB000889DFF1F449DFF1F054B064A1B78064982
:10FAC0001268DBB20B700AB100231370704700BFDD
:10FAD0008C9DFF1F409DFF1F849DFF1F30B43A4B3C
:10FAE0001A79950624D5394D3949DB792A780C687D
:10FAF000D8B2531C9C42D2B231D8364B1A7802F09D
:10FB0000FF0322B1002213463349C8542A703349F7
:10FB1000096869B1324A10789842C2B28ABFA21A03
:10FB20009B1A9B182F4A12689A429CBF01230B70A4
:10FB3000254AD3781C06D9B21ED44A060DD5224BCD
:10FB40001B795B0609D5284B28491B6800220A70DF
:10FB500003B11A701C4B2C22DA7030BC70471D495F
:10FB600009789942D3D03F2B2CD921493F3A0968D3
:10FB70008854DAB22A70CAE713791806DDD51D4B0E
:10FB800017481D7803789D42DCB208D01A4A1268E3
:10FB9000631C9A4206D9272B0DD8DAB204E06C23F5
:10FBA000D370CAE700221346144CE35CDBB2064C68
:10FBB000E3710270C1E7124A273C1568DAB22B5D87
:10FBC000DBB2F4E7DAB29FE700C00640849DFF1F76
:10FBD0000492FF1F8C9DFF1F449DFF1F409DFF1F30
:10FBE000C89DFF1FFC91FF1F909DFF1F949DFF1F4D
:10FBF000889DFF1FC09DFF1F0892FF1F989DFF1F3C
:10FC0000C49DFF1F094B10B4186060B101F140049E
:10FC1000074B084801F11A021A60074B04602831AB
:10FC200010BC196070474024F2E700BF889DFF1F99
:10FC30000092FF1F0492FF1FFC91FF1F054B1860ED
:10FC400018B1054B283119607047034B2821196002
:10FC5000704700BFC49DFF1F0892FF1F704700BF81
:10FC6000704700BF212829D8154B195CFF2925D0E2
:10FC7000144B154A03EBC00310B45B68134C00200F
:10FC80001860A36B43F02003A363012310608B4033
:10FC90000F4C1048936054604FF4A0731060013B08
:10FCA000FDD113689B05FCD42023013BFDD10A4BF9
:10FCB00010BC09B233F8110080B2704700207047C1
:10FCC0008C5D01007C5C0100005004400080044019
:10FCD0000000020380014A0000510440431E042B2F
:10FCE00017D872B60C4951F8230080B110B40B4CF0
:10FCF000B0F800C034F81320A2EB0C02D0F804C016
:10FD000041F823C024F8132062B610BC704762B6D5
:10FD100070470020704700BF5C9EFF1FBC9EFF1F06
:10FD2000013804280BD872B6074B53F8203043B182
:10FD300000205B680130002BFBD162B670470020C9
:10FD400070471846F9E700BF8C9EFF1F10B472B6CB
:10FD5000194A1A4C042312F8011B090743F0010C3D
:10FD600005D554F8331061B154F83C10B9B10433DF
:10FD7000182BF0D162B6124B00221A7010BC00F0A2
:10FD80008BBC0F4904EBC302083050600A780D4861
:10FD900044F83300013A0A7062B610BC7047084A52
:10FDA000094904EBCC0308305860137844F83C1040
:10FDB000013B137062B6F0E7105E01000080FF1F88
:10FDC000C69EFF1F88004000C8004000421E042A53
:10FDD0000ED81C4B400140F0100010B4034472B622
:10FDE000194CA05C03281CD8DFE800F01315031899
:10FDF00070470520A05413F0080F088814BFC822CC
:10FE00008822083142EA004259601A6062B610BC8A
:10FE100070470320EEE708330220EBE708330420A5
:10FE2000E8E70A4B53F8220038B1094B53F8220097
:10FE3000416043F8221062B6E9E743F82210044B10
:10FE4000F7E700BF0080FF1FB49EFF1F8C9EFF1FBF
:10FE5000A09EFF1F00BE00BF2DE9F04FDFF8D0A22B
:10FE6000DFF8D0B285B03DE0B34D9E0805EBC60784
:10FE7000013A796813F00803D4B2A1F1080040F008
:10FE8000BA8055F836204FEA124C120C21F808CCF3
:10FE900000F0A98021F8063C41F8043CA74B53F838
:10FEA0002420002A00F00382A54B53F82420506040
:10FEB00043F82400A34B33F81420944423F814C0CF
:10FEC00000F0CAFB002800F0EB8117F0080F9E4BF2
:10FED00000F1080018BF5B46786045F8363008230B
:10FEE0008AF880309AF880305907DCB21DD5974BDC
:10FEF0001B78BBB196490A7802F0FF032AB1013B97
:10FF0000DBB20B70002B00F0488392490A7802F0B4
:10FF1000FF032AB1013BDBB20B70002B00F0ED8137
:10FF200000F0B8FC04238AF8803014F0080200F0D6
:10FF3000CC819AF89020D3B2120995D1DFF8F891CC
:10FF40009B0809EBC30459F833006468C0F38300CD
:10FF500009287CD00FD80138012808D87E4A158896
:10FF600042F22100854200F0FB8149F833B00123C1
:10FF70008AF89430B3E70D28F9D1D4E90007774D1A
:10FF800049F833B0744E764CC9F8102083B240F271
:10FF9000816CC9F818202A6063454FF00102C6E958
:10FFA0000007227000F2FF80B3F5D06F80F0CB82A3
:10FFB000B3F5817F00F0268240F2DE8040F202320B
:10FFC00093427BD107F07F07052F00F20881020CD6
:10FFD00040F00581634911F8273043F0020301F82E
:10FFE0002730134670E017F0080F574B18BF5B46D9
:10FFF00045F8363073E700F04FFB5B495B4A51F838
:020000021000EC
:100000002430002B00F05781586841F82400115D1E
:1000100003F108007860032905D8DFE801F0120F2A
:100020001502042111551A8817F0080F14BFC823B0
:10003000882343EA024345F8363050E70221115540
:10004000F1E703211155EEE705211155EBE7434D8B
:100050002A683AB34649424C0F88464894F800E073
:100060000678402F3B4628BF4023BEF1000F8EF09C
:10007000010E84F800E046F0020486F001060670E6
:1000800009EBC400426014BFC820882040EA034046
:100090001A44FB1A9BB249F834000B80002B00F085
:1000A00036812A602C4B1A88B2F5A06F7FF45FAFBF
:1000B0009A788AF8982000225A7058E7B3F5A06F12
:1000C00040F08D8000221346B6F806C029489445BA
:1000D00028BF944667460278402F28BF402742F049
:1000E000020E3E0409EBCE0846F0C806C8F80430FC
:1000F00049F83E6000263B442670BCEB070782F0BF
:100100000106067040F01181BCF13F0F4FF0010570
:1001100009D946F00206027009EBC6022570536049
:10012000882349F8363001238AF894301FE700BF4E
:1001300000200740C80040000080FF1F5C9EFF1F9A
:10014000709EFF1FBC9EFF1F88004000B99EFF1FCE
:10015000BA9EFF1F6CA0FF1F849EFF1F509EFF1FB3
:100160004D9EFF1FC02007408C9EFF1FB49EFF1FA7
:100170004E9EFF1F4C9EFF1F802B00F08B81822B19
:100180002DD107F07F07052F29D8A74A0023138018
:10019000A64B13F827309F0740F1FC810123137011
:1001A000A14B022290E742F2210C6345BBD01DD93E
:1001B00042F2212293420DD1BFB2002F82D19C4B3B
:1001C0001A689C4B1A609C4BC0F3074000221870C1
:1001D000134679E742F2213293423FF473AF0F2383
:1001E0008AF8C03001238AF89430C0E6B3F5086F6E
:1001F00000F04A81B3F5106FF1D1904BC0F3074086
:100200000425187059F835301A0606D40135182D12
:100210000CD059F835301A06F8D509EBC50301356D
:100220005868083800F038FA182DF2D1844A854B06
:100230000292854A0192854E854ADFF8188203941E
:10024000009200251C4656F8047B2FB138467F6883
:1002500000F022FA002FF9D1009BD8F8007043F883
:10026000045B46F8045C00932FB138467F6800F0C9
:1002700013FA002FF9D1029B48F8045B43F8045BA2
:100280000293019B23F8025B01932378023B032B2B
:1002900000F20981DFE813F03F0104013F0104018E
:1002A0006D4A45F8360013780133137017E643F8AA
:1002B0002400674BFCE5115D022926D07FF60FAEC6
:1002C00003291DD10123135509E6E0076ED4210649
:1002D00021D4A20708D5614B93F888200221D2B21D
:1002E00083F8882083F88010E30603D55B4B102247
:1002F00083F8802005B0BDE8F08F00F013FD0FE615
:1003000017F0080F14BF032302231355E7E53F2F0F
:1003100098BF0022C5E6514B80220D2183F8C01002
:1003200083F88020A207DFD5D5E746F002060270E9
:10033000402F09EBC6003A4628BF40224360100414
:10034000134440F088000121BA1A49F836002170A0
:1003500055D02B60424B1A8001238AF8943006E670
:1003600092885AB93F4AE51D14F8011B02F8011F93
:10037000AC42F9D13C4A1268862A3CD03B4C3C48FE
:1003800025780278002D85F00105257042F00204E1
:1003900082F00102027009EBC4024FF000005060CD
:1003A00014BFC822882249F83420DEE52B4B3048A0
:1003B0003049314C022583F8945002702F480C606C
:1003C0002F4D48608C600D24CD60FF200A618A614A
:1003D00083F8C04001219F2483F8880083F88000BF
:1003E00083F8982083F88C0083F8844083F8941075
:1003F00005B0BDE8F08F234A0F201070BEE73F2FF5
:10040000A7D890E607F07F07052F3FF6E8AE000C6F
:100410007FF4E5AE054A12F8273023F0020302F814
:100420002730002213464FE6549EFF1FC02007408E
:10043000B09CFF1F68A0FF1F64A0FF1FB99EFF1F95
:10044000A09EFF1FB49EFF1FBC9EFF1F5C9EFF1F50
:10045000709EFF1F8C9EFF1FC69EFF1F002007403F
:100460004E9EFF1F5BA0FF1F5CA0FF1F4D9EFF1F46
:100470004C9EFF1F0080FF1F88004000CC9DFF1F87
:100480000C9EFF1FBA9EFF1F484B49491B780B70FB
:100490000B4619E6464A00231380454B022213E619
:1004A0004FF001032370434BB34204F101047FF486
:1004B000CAAE414E039CDFF80481414F00233370E4
:1004C000042518F8013B3F4AAB541B0725D445F0DF
:1004D000020145F0030204350023182D49F831309C
:1004E00049F83230EDD1384F25783A7842F00200A1
:1004F00009EBC00C85F00106CCF80430002D4DD17D
:10050000882382F0010226703A7049F830300123C6
:100510008AF894302BE52570C5E700F09DF8002897
:1005200032D009EBC5030830586049F8357000F047
:1005300093F808B345F0010309EBC302083050609B
:1005400049F833B0C3E7214A5368002B3FF447AE64
:10055000000CBFB204E013690C32002B3FF43FAE35
:1005600011888142F7D15188B942F4D1000A032899
:100570000CBF1A781289A7E533780133337045F040
:10058000010349F83300A2E7337849F83500013315
:100590003370CCE7064B022296E500BE2670C823D6
:1005A00082F001063E7049F83030BCE5B99EFF1F6D
:1005B000549EFF1F709EFF1FC69EFF1F105E01000E
:1005C00088004000C02007404C9EFF1FB05D010026
:1005D00070B500F06DFC00231A4A194642F833103A
:1005E00002EBC3000133182B4160F7D1164C174BB7
:1005F000606B174D40F480206063C2F3072483F8DA
:100600009C40144CFF204FF0010CC2F30746120E21
:1006100083F8B0604FF0E02E83F8B42083F88000B8
:1006200083F88800187483F894C0217083F884C01C
:10063000702385F849304FF400721023CEF808215A
:10064000237270BD0080FF1F00800440002007401F
:1006500000E400E00021074072B60D490B68B3FAD0
:1006600083F01D2810DC4FF00042C24023EA020351
:100670000B6062B6074A00EBC000C10002EBC0008D
:10068000002353504360704762B60020704700BF9C
:100690001092FF1FBC83FF1F0E4BC31AB3F5076FE9
:1006A00010D20D4A127872B972B60C4A0C49A2FBEC
:1006B000032308684FF000421B0922FA03F30343A7
:1006C0000B6062B67047074A1278002AECD0FFF739
:1006D0003DBB00BFBC83FF1FC69EFF1F398EE338A2
:1006E0001092FF1FB99EFF1F38B50C4B0C4D1B68B5
:1006F0002988044643B1B1F5917F09D24B1C9BB2C6
:10070000084A2B80545438BDB1F5917FF6D338BDDB
:1007100004480022984700210123F1E7109FFF1FA2
:100720004AA0FF1F289FFF1F2DE9F843DFF88880AC
:10073000DFF88890D8F800100123074689F80030C8
:10074000B9B11F4D4B8801EB8302013300240F2BFD
:100750002C70976005D84B80002389F80030BDE8E5
:10076000F88340230B800420FFF730FBC8F80040DB
:10077000F2E7144E3378002BF1D0114D45F6215499
:1007800008E0013C13D02B788BB900F0EFFA3378F6
:10079000002BE4D00420FFF7C3FA0528F1D8FFF7B7
:1007A0005BFF0146C8F800000028EAD0CAE7012331
:1007B0002B70BDE8F88300BFD09EFF1FCD9EFF1FAA
:1007C000CC9EFF1FB99EFF1F1201F8B5D5B2A1B391
:1007D00001290378044641D04078000640EA0340EE
:1007E00045F0040630438F1E40F47040FFF79CFF35
:1007F000022F04F1020314D9053414F8023C14F852
:10080000032C14F8010C1B0443EA0223334343EA8C
:100810000060033FFFF788FF022F234604F1030423
:10082000EBD8022F26D0012F0DD045F4774040F0B1
:100830000500BDE8F840FFF777BF15482843BDE83D
:10084000F840FFF771BF1B7845F0060040EA03202F
:1008500040F47700BDE8F840FFF766BF45F00700B9
:1008600040EA034040F07740BDE8F84040F4704073
:10087000FFF75ABF58781B78000440EA032028434A
:1008800040F07740BDE8F84040F00700FFF74CBF6C
:1008900006F0F70070B50B4C257845B90A4E316863
:1008A0000123237009B14B8813B90023237070BD55
:1008B0009B000B800420FFF789FA0023356023702A
:1008C000F5E700BFCD9EFF1FD09EFF1F2DE9F04131
:1008D000AC4E33680746002B63D01C885A8822F040
:1008E00003011944043294428D686DD95A80C5F3CE
:1008F0000323A54A05F00F065C1CC5F30313137010
:10090000A6F10803062B4FEA152814D9B31E012BB4
:100910005FFA88F060D9052E00F0B680042E00F052
:100920009A81731F022B40F2A1810F2E00F0E98003
:100930000020BDE8F0810FB1BC42F9D1082EC5F30B
:1009400003336DD0092E7DD00A2E00F08D800B2E42
:1009500000F092800C2E00F0B3800D2E00F0C380CA
:100960000E2BE5D1894B8A4A1B68E0211170002BC0
:1009700000F09B81690CC5F3064201F47E511143DE
:10098000E4B2A1F50051204698472E0CF6B22D0E88
:10099000804B814A1C70814B16701D700120BDE890
:1009A000F0817F4B1B78002BC2D00520FFF796F912
:1009B000034630600028BBD00488002C8ED1FFF79E
:1009C0006BFE34602046B4E71846FFF765FE05204D
:1009D000FFF784F930608AE7F1380E28A8D801A320
:1009E00053F820F0270C01001F0B0100470B0100FA
:1009F00031090100310901004D0C010031090100EC
:100A0000590B0100310901006B0B0100DD0B0100E6
:100A1000F70B0100310901000F0C0100350C01003A
:100A2000082B85D15F4B5A4A1B688021C5F30746C6
:100A30001170E4B22D0E002BAAD02A463146204672
:100A40009847A5E7092B7FF473AF2A0E504B00F0AF
:100A50001F8190211970544B1B68C5F30746E4B2FF
:100A6000D5B2002BE9D193E70A2B7FF461AF4F4B4E
:100A7000474A1B68A021D9E70B2B7FF459AF4C4B99
:100A8000434A1B68B021D1E7F02801D9F728A3D148
:100A9000FFF72AFE474B404A19884048464C1170E0
:100AA0000D0A3B4A0570246800201880F02313705B
:100AB000002C00F0E68041480122A047012038E7E1
:100AC0000C2B7FF435AF3E4B314A1B68C0211170AF
:100AD000E4B2C5F30746002B3FF459AF3146204638
:100AE0002D0E984754E70D2B7FF422AF354B284A43
:100AF0001B68D0211170E4B2C5F30746002BEDD17D
:100B000045E7F7283FF668AFF02804D0294B1B884B
:100B1000002B3FF40DAFFFF7E7FD002009E72A4B5C
:100B20001A68002A00F08F806B0C03F47E53C5F323
:100B300006402E0C1843F6B29047154BE4B283F8EA
:100B400000802D0E24E7214B1B68C5F30746002BC0
:100B5000F3D030469847F0E71D4B1B68002B00F0A0
:100B6000A9809847C5F30746E7E71A4B1B68002B97
:100B7000F7D1194B1B68002B65D0FA209847C5F3B5
:100B80000746DAE7C89EFF1F249FFF1FF09EFF1F46
:100B90004CA0FF1F259FFF1F269FFF1F279FFF1FA2
:100BA000B99EFF1FE89EFF1FEC9EFF1F209FFF1FA7
:100BB000E49EFF1F4AA0FF1F109FFF1F289FFF1FDB
:100BC000F49EFF1FD89EFF1FFC9EFF1F009FFF1F6C
:100BD000DC9EFF1F049FFF1FF89EFF1F3C4B1B68FE
:100BE000002BBED13B4B1B68002B2CD0FB20984721
:100BF000C5F30746A1E7384B1B68002BB1D1354B35
:100C00001B6803B3FC209847C5F3074695E7334BB1
:100C10001B68002BA5D12F4B1B68A3B1FE20984762
:100C2000C5F3074689E72E4B1B68C5F30746002B23
:100C30008FD182E72B4B1B68002B92D1254B1B6871
:100C40000BB1FF209847C5F3074676E7264B1B6894
:100C5000002B86D1F7E7FFF747FDC5F30740FFF705
:100C600043FD280EFFF740FD002062E6FFF73CFD44
:100C7000C5F30740FFF738FD072E7FF40BAF280EB2
:100C800006E71A4B1B68F3B119489847012050E654
:100C900080211970174B1B68E4B2C5F30746A3B156
:100CA000314620461546984772E6C5F30746E4B23A
:100CB0002D0E6DE6074B1B68002BC4D0F82098471B
:100CC000C5F3074639E7012033E61D4660E600BF5D
:100CD000E09EFF1FF89EFF1F089FFF1FD49EFF1F6F
:100CE000189FFF1F149FFF1F1C9FFF1F0C9FFF1FBC
:100CF000289FFF1FE89EFF1F084B094A1B6810B57D
:100D000054881BB11A885B88D31A1C440CB1204646
:100D100010BD00F02BF8204610BD00BF50A0FF1FF3
:100D2000BC9EFF1F38B50E4B1B7853B90D4C216884
:100D300041B103F0FF054B880B800320FFF746F815
:100D4000256038BDFFF788FC014620B1BDE838407A
:100D50000320FFF73BB8044B01221A7038BD00BFD7
:100D600054A0FF1F58A0FF1F6CA0FF1F2DE9F843E0
:100D7000324E337863B1324F3A784AB90122D907FB
:100D80003A7043D49A0726D400225B073A7001D404
:100D9000BDE8F8832B4B1A68002AF9D0EFF30582DF
:100DA000002AF5D1EFF3108572B6186800283AD002
:100DB000254C2178002936D142691A60012323701D
:100DC000002A37D0916105B962B60025836845775E
:100DD00098472570DCE7DFF8748098F80020002A37
:100DE000D2D00025DFF868902B4659F823402368BD
:100DF00020461B690135984708B12369984798F840
:100E00000020EBB29A42F0D83378BDE7FFF774FFC9
:100E100068B9104B1B780BB93378B3E7337803F01C
:100E2000FE033370AEE7002DB2D162B6B0E700F03A
:100E30003DF8EEE7084B1A60C5E700BF1492FF1FAC
:100E40006DA0FF1F349CFF1F409CFF1F7CA0FF1F55
:100E500070A0FF1F485B0100449CFF1F70B4104E40
:100E6000104D3478D4B1621ED2B2291D2B4601EB4D
:100E7000820101E08B4205D053F8042B8242F9D164
:100E800070BC7047631CDBB2074A3370137845F8B7
:100E9000240043F00203137070BC70470123F3E792
:100EA0007CA0FF1F70A0FF1F1492FF1F704700BFA0
:100EB00010B584B072B6174A702441200F218023E8
:100EC0001470D0719171137013781B06FCD5906863
:100ED00062B6114B114C984238BF00EB800001A95B
:100EE00038BF40000A22FDF7BDFA01A920460023C1
:100EF00011F8012B01333AB10A2B20F8022FF7D158
:100F00001623237004B010BD5B00DBB2237004B065
:100F100010BD00BF0000024080969800F092FF1FB5
:100F200038B5044600F02CF80546204600F020F8BD
:100F300048B10D49204600F03BFC30B90B49204632
:100F400000F018FC48B9284638BD01F0A3FA4FF06C
:100F5000FF4522230360284638BD01F09BFA222377
:100F600000250360EFE700BF1772B142B5F1CFC2B1
:100F700020F00040B0F1FF4FACBF002001207047CF
:100F800020F00042B2F1FF4F2DE9F04704466CD843
:100F90004FEAD07500F0C6807A49884200F3B480E9
:100FA0000028C0F2B680784B9A4263D9774B9A42B8
:100FB00000F2C580764B204653F8251000F032F938
:100FC000744BC5F1010653F825908046761B4946BF
:100FD000404600F027F90146054600F02DFA6E491B
:100FE000044600F029FA6D4900F01CF9214600F092
:100FF00023FA6B4900F018F9214600F01DFA6949FF
:1010000000F010F9214600F017FA674900F00CF9DA
:10101000214600F011FA0146284600F003F92C465B
:1010200007468246002E57D03946284600F004FA7B
:10103000394604464FF0804000F0F4F8014620465F
:1010400000F0AEFA0146484600F0ECF8414600F0E8
:10105000E9F801464FF07E5000F0E4F816F17D0FFC
:1010600064DB00EBC650BDE8F087014600F0DCF819
:10107000BDE8F087B2F1505F09D24C49204600F03C
:10108000D3F84FF07E5100F093FB002874D1214635
:10109000204600F0D1F94049054600F0CDF93F491E
:1010A00000F0C0F8294600F0C7F93D4900F0BCF84F
:1010B000294600F0C1F93B4900F0B4F8294600F098
:1010C000BBF9394900F0B0F8294600F0B5F90146FE
:1010D000204600F0A7F882465146204600F0ACF9C1
:1010E0004FF080410546504600F09CF801462846E6
:1010F00000F056FA214600F095F801464FF07E5078
:1011000000F090F8BDE8F087BDE8F047002000F05F
:101110007BB8274B9A427FF646AFBDE8F0470020E8
:1011200000F06EB8002DA3D00020A1E764364FF088
:10113000586100EBC65000F07FF9BDE8F0871D490B
:10114000204600F079F91C4B53F8251000F06CF89C
:1011500000F038FB064600F01BF91849054600F080
:101160006BF90146204600F05DF815498046284697
:1011700000F062F981462AE74FF07E51204600F0E8
:1011800053F875E71772B1421872B13E9115853F59
:10119000205E0100285E01004CBB31330EEADD35D4
:1011A00055B38A38610B363BABAA2A3ECAF2497165
:1011B000B5F1CF423BAAB83F185E01008071313FC4
:1011C000D1F7173738B505460C4601F063F90346E9
:1011D00028461C6038BD00BF08B540B101F1004091
:1011E00000F02AF9BDE808402221FFF7EBBF0846CE
:1011F00000F022F9BDE808402221FFF7E3BF00BF5D
:101200004FF08051FFF7E8BF4FF0E041FFF7E4BF38
:1012100003460846194600F0DFBF00BF80F00040DB
:1012200002E000BF81F0004142001FBF5FEA4103BE
:1012300092EA030F7FEA226C7FEA236C6AD04FEABE
:101240001262D2EB1363C1BFD21841404840414003
:10125000B8BF5B42192B88BF704710F0004F40F4B5
:10126000000020F07F4018BF404211F0004F41F4D1
:10127000000121F07F4118BF494292EA030F3FD09D
:10128000A2F1010241FA03FC10EB0C00C3F12003B0
:1012900001FA03F100F0004302D5494260EB40003F
:1012A000B0F5000F13D3B0F1807F06D340084FEAAA
:1012B000310102F10102FE2A51D2B1F1004F40EB9F
:1012C000C25008BF20F0010040EA03007047490007
:1012D00040EB0000013A28BFB0F5000FEDD2B0FAA4
:1012E00080FCACF1080CB2EB0C0200FA0CF0AABFC7
:1012F00000EBC25052421843BCBFD0401843704765
:1013000092F0000F81F4000106BF80F4000001326A
:10131000013BB5E74FEA41037FEA226C18BF7FEA41
:10132000236C21D092EA030F04D092F0000F08BF83
:101330000846704790EA010F1CBF0020704712F06A
:101340007F4F04D1400028BF40F00040704712F1A9
:1013500000723CBF00F50000704700F0004343F00E
:10136000FE4040F4000070477FEA226216BF084644
:101370007FEA23630146420206BF5FEA412390EA07
:10138000010F40F4800070474FF0000304E000BFFD
:1013900010F0004348BF40425FEA000C08BF7047AE
:1013A00043F0964301464FF000001CE050EA010272
:1013B00008BF70474FF000030AE000BF50EA010287
:1013C00008BF704711F0004302D5404261EB410174
:1013D0005FEA010C02BF84460146002043F0B64399
:1013E00008BFA3F18053A3F50003BCFA8CF2083ABE
:1013F000A3EBC25310DB01FA02FC634400FA02FCC7
:10140000C2F12002BCF1004F20FA02F243EB0200CD
:1014100008BF20F00100704702F1200201FA02FC2F
:10142000C2F1200250EA4C0021FA02F243EB020022
:1014300008BF20EADC7070474FF0FF0C1CEAD05266
:101440001EBF1CEAD15392EA0C0F93EA0C0F6FD027
:101450001A4480EA010C400218BF5FEA41211ED005
:101460004FF0006343EA501043EA5111A0FB0131F1
:101470000CF00040B1F5000F3EBF490041EAD371C6
:101480005B0040EA010062F17F02FD2A1DD8B3F142
:10149000004F40EBC25008BF20F00100704790F0B1
:1014A000000F0CF0004C08BF49024CEA502040EA03
:1014B00051207F3AC2BFD2F1FF0340EAC2507047C9
:1014C00040F400004FF00003013A5DDC12F1190F07
:1014D000DCBF00F000407047C2F10002410021FA79
:1014E00002F1C2F1200200FA02FC5FEA310040F191
:1014F000000053EA4C0308BF20EADC70704792F00A
:10150000000F00F0004C02BF400010F4000F013A41
:10151000F9D040EA0C0093F0000F01F0004C02BF3C
:10152000490011F4000F013BF9D041EA0C018FE7AB
:101530000CEAD15392EA0C0F18BF93EA0C0F0AD0B1
:1015400030F0004C18BF31F0004CD8D180EA0100D7
:1015500000F00040704790F0000F17BF90F0004F70
:10156000084691F0000F91F0004F14D092EA0C0F52
:1015700001D142020FD193EA0C0F03D14B0218BFE5
:10158000084608D180EA010000F0004040F0FE402B
:1015900040F40000704740F0FE4040F440007047C7
:1015A0004FF0FF0C1CEAD0521EBF1CEAD15392EA46
:1015B0000C0F93EA0C0F69D0A2EB030280EA010C36
:1015C00049024FEA402037D04FF0805343EA1111CF
:1015D00043EA10130CF000408B4238BF5B0042F12D
:1015E0007D024FF4000C8B4224BF5B1A40EA0C00D2
:1015F000B3EB510F24BFA3EB510340EA5C00B3EB04
:10160000910F24BFA3EB910340EA9C00B3EBD10FF1
:1016100024BFA3EBD10340EADC001B0118BF5FEA43
:101620001C1CE0D1FD2A3FF650AF8B4240EBC2506C
:1016300008BF20F0010070470CF0004C4CEA50202D
:101640007F32C2BFD2F1FF0340EAC250704740F47C
:1016500000004FF00003013A37E792F0000F00F06E
:10166000004C02BF400010F4000F013AF9D040EAEC
:101670000C0093F0000F01F0004C02BF490011F480
:10168000000F013BF9D041EA0C0195E70CEAD15378
:1016900092EA0C0F08D142027FF47DAF93EA0C0F5F
:1016A0007FF470AF084676E793EA0C0F04D14B0243
:1016B0003FF44CAF08466EE730F0004C18BF31F0F5
:1016C000004CCAD130F000427FF45CAF31F00043EF
:1016D0007FF43CAF5FE700BF4FF0FF3C06E000BF88
:1016E0004FF0010C02E000BF4FF0010C4DF804CDAB
:1016F0004FEA40024FEA41037FEA226C18BF7FEABB
:10170000236C11D001B052EA530C18BF90EA010FBC
:1017100058BFB2EB030088BFC81738BF6FEAE1704B
:1017200018BF40F0010070477FEA226C02D15FEAE7
:10173000402C05D17FEA236CE4D15FEA412CE1D053
:101740005DF8040B704700BF844608466146FFE71A
:101750000FB5FFF7C9FF002848BF10F1000F0FBDFC
:101760004DF808EDFFF7F4FF0CBF012000205DF8F5
:1017700008FB00BF4DF808EDFFF7EAFF34BF01207A
:1017800000205DF808FB00BF4DF808EDFFF7E0FF13
:1017900094BF012000205DF808FB00BF4DF808ED64
:1017A000FFF7D2FF94BF012000205DF808FB00BFC7
:1017B0004DF808EDFFF7C8FF34BF012000205DF8A9
:1017C00008FB00BF4FEA4002B2F1FE4F0FD34FF0CB
:1017D0009E03B3EB12620DD94FEA002343F000439E
:1017E00010F0004F23FA02F018BF404270474FF04C
:1017F0000000704712F1610F01D1420205D110F0D3
:10180000004008BF6FF0004070474FF00000704785
:1018100042000ED2B2F1FE4F0BD34FF09E03B3EB5A
:10182000126209D44FEA002343F0004323FA02F086
:1018300070474FF00000704712F1610F01D1420272
:1018400002D14FF0FF3070474FF00000704700BFEB
:10185000024B0146186800F00BB800BF3898FF1F14
:10186000024B0146186800F05DBF00BF3898FF1FAB
:101870002DE9F04F01F10B06162E83B0044624D853
:10188000102900F2BA8000F0A3FA102618220220D4
:10189000B54F3A44A2F1080153688B4200F0BA8078
:1018A0005A68D96822F003021A449D68E9608D6085
:1018B000516841F001012046516003F1080500F034
:1018C0008DFA284603B0BDE8F08F36F0070600F128
:1018D0009480B14200F2918000F07AFAB6F5FC7F74
:1018E000C0F09A81730A00F08F80042B00F26F81A0
:1018F000B30903F1390003F1380CC3009A4F3B449C
:10190000A3F108055B689D4206D10CE0002980F236
:101910002781DB689D4206D05A6822F00302911BA2
:101920000F29F3DD60463D69DFF840C265457CD094
:101930006A6822F00302931B0F2B00F37B81002BBC
:10194000C7E904CC80F26C81B2F5007F80F01A8187
:10195000D308796801334FEA521E012202FA0EF2CF
:101960000A4357F833E0C5F808E007EBC30108392C
:10197000E9607A6047F83350CEF80C5083100121AB
:101980009940914257D8114206D120F003004900F6
:10199000114200F10400FAD007EBC0094D4686461B
:1019A000D5F80C80454508D11DE1002B80F224813B
:1019B000D8F80C80454500F01681D8F8042022F0B4
:1019C0000302931B0F2BF0DD2046D8E9025408EBED
:1019D000060146F00106C8F80460EC60A56043F01B
:1019E0000104C7E90411C1E902CC4C6048F8023097
:1019F00000F0F4F908F1080502E00C23236000254B
:101A0000284603B0BDE8F08F4FF4007340204FF03C
:101A10003F0C73E7D3689A4208BF02307FF440AFAF
:101A20003D69DFF848C1654582D17A68831001219C
:101A300099409142A7D9BD686B6823F003094E45D0
:101A400003D8A9EB06030F2B7ADCDFF824B1494B4E
:101A5000DBF800201B680132334405EB090A00F073
:101A6000338103F580530F3323F47F6828F00F0888
:101A70004146204600F0FCFC411C024600F0F38089
:101A8000824500F2EE803C4B1968414419600846DB
:101A900000F04E81DBF80010019301311BBFA2EB77
:101AA0000A010918CBF80020196012F0070B00F0AA
:101AB0001781CBF108010A44CBF5805190440831DD
:101AC000A1EB0801C1F30B0A51462046009200F039
:101AD000CFFC421CDDE9002300F04F81801A00EBAF
:101AE0000A081968BA6048F001005144BD425060CC
:101AF000196000F02981B9F10F0F40F22781686861
:101B0000A9F10C0C2CF0070C00F0010040EA0C00CD
:101B100068604FF0050E05EB0C00BCF10F0FC0E93B
:101B200001EE00F2328150681546144B1A688A4261
:101B300038BF1960124B1A688A4238BF196094E0A6
:101B4000AA1943F0010346F001066E602046BA6010
:101B5000536000F043F90835284603B0BDE8F08F24
:101B6000D9681A44A1E600BF0893FF1F1093FF1F16
:101B70001097FF1FB0A0FF1F80A0FF1FA8A0FF1F8E
:101B8000ACA0FF1FB2F5206F4FEA522363D3142B92
:101B900000F2B78003F15C01C9005B3307EB010E73
:101BA0007958AEF1080E8E4500F091804B6823F015
:101BB0000303934202D989688E45F7D1D1F80CE02E
:101BC0007A68C5E9021ECEF80850CD60D6E6142B1F
:101BD00059D9542B00F29D80330B03F16F0003F1B0
:101BE0006E0CC3008AE60EF1010E1EF0030F05F124
:101BF00008057FF4D5AE51E0424445465368D8F815
:101C00000C1043F00103536055F8083F2046D9609B
:101C10008B6000F0E3F8F3E6F00806F1080237E61F
:101C20002A442046536843F001035360083500F00E
:101C3000D5F8E5E6A919204646F0010643F001046F
:101C40006E60C7E90411C1E902CC4C60AB5000F0F2
:101C5000C5F80835D4E6930903F13901C9003833D2
:101C60009CE7BD425FD0BD68686820F00308464528
:101C7000A8EB060302D80F2B3FF762AF204600F017
:101C8000ADF80025BCE603F15C0003F15B0CC3007A
:101C900034E659F808394B4540F0968010F0030FB0
:101CA00000F1FF30F5D17B6823EA01037B60490036
:101CB00099423FF6C0AE19B9BDE649000EF1040ED7
:101CC0001942FAD0704667E603F11008D0E69A1080
:101CD0004FF001087B6808FA02F21A437A6070E755
:101CE00002EB08014942C1F30B0A5146204600921B
:101CF00000F0BEFB431CDDE900237FF4EFAEDA46C3
:101D0000EFE6542B25D8130B03F16F01C9006E3396
:101D100044E7B3F5AA7F25D8F30B03F1780003F16C
:101D2000770CC300EAE5294B186840441860B1E617
:101D3000CAF30B0CBCF1000F7FF4ACAEBD68C84415
:101D400048F001006860F0E61546EEE601235360B6
:101D500094E7B3F5AA7F23D8D30B03F17801C90028
:101D600077331BE740F25452934223D8B30C03F16C
:101D70007D0003F17C0CC300C0E5ABF1080BD84437
:101D8000A8EB02084FF0000AABE605F10801204677
:101D9000009300F0C7FCBD68009B68681968C4E642
:101DA00040F254518B420BD8930C03F17D01C900D2
:101DB0007C33F3E64FF47E737F204FF07E0C9DE57D
:101DC0004FF47E717E23E9E67B6870E780A0FF1FF9
:101DD000014800F089BB00BFF4A1FF1F014800F0DB
:101DE00085BB00BFF4A1FF1F10B4044C03460A4694
:101DF000206810BC194600F003B800BF3898FF1FD8
:101E00002DE9F84F1746002900F098800C4607F19D
:101E10000B058046FFF7DCFF162D54F8041C5BD839
:101E200010252A46AF425CD821F003069642A4F161
:101E3000080962DABC4BD3F808C009EB06008445F8
:101E400000F09780D0F804C02CF0010303445B68D5
:101E5000DB0768D42CF0030C06EB0C03934247DA43
:101E6000CB0710D454F8083CA9EB030ADAF8043085
:101E700023F003018C44B444944580F2118173181B
:101E8000934280F2E88039464046FFF7F1FC07466E
:101E9000E0B154F8043C23F001034B44A0F10802E4
:101EA000934200F0D280321F242A00F2F580132AD8
:101EB00000F2AC80034622461168196051685960EF
:101EC00092689A602146404600F02CFC4046FFF79D
:101ED00085FF3846BDE8F88F25F00705002D2A4616
:101EE000A0DA0C23C8F8003000273846BDE8F88F88
:101EF0001E46D0E90223D3609A60731B0F2B22D8B1
:101F0000D9F8043003F0010333434E44C9F80430D8
:101F1000736843F00103736040462746FFF75EFF96
:101F20003846BDE8F88FC907ADD454F8083CA9EB92
:101F3000030ADAF8041021F00301A0E7BDE8F84F26
:101F40001146FFF795BCD9F8042009EB050102F012
:101F500001024E4443F001032A43C9F804204B60B8
:101F6000736843F0010308317360404600F0DAFB08
:101F7000D2E7DCF8040020F0030B06EB0B0C05F1B4
:101F8000100084454DDAC9073FF57DAF54F8081CB1
:101F9000A9EB010ADAF8041021F003018B44B344E1
:101FA00058453FF76CAF5746DAF80C1057F8080F52
:101FB000321F242AC160886000F2DB80132A40F2BD
:101FC000D6802168CAF808106168CAF80C101B2A6C
:101FD00000F2DF8008340AF11002216811606168A4
:101FE0005160A16891600AEB0501ABEB050242F07C
:101FF000010299604A60DAF8043003F001032B43D0
:102000004046CAF80430FFF7E9FE6EE72368036034
:10201000636843601B2A68D804F1080200F10803D2
:102020004AE709EB05029A60ACEB050343F00103B4
:10203000536054F8043C03F001032B43404644F83A
:10204000043CFFF7CBFE27464FE750F8043C23F053
:1020500003031E4451E75746DAF80C1057F8080FEF
:10206000321F242AC16088604CD8132A48D92168BD
:10207000CAF808106168CAF80C101B2A56D8083430
:102080000AF110021E462368136063685360A36858
:102090009360D1463C4630E7214600F0A3F811E7B3
:1020A000D0E902135746CB60996057F8081FDAF859
:1020B0000C30CB60321F242A99602DD8132A29D9DD
:1020C0002368CAF808306368CAF80C301B2A42D863
:1020D00008340AF1100322681A6062685A60A26824
:1020E0009A606646D1463C4607E7A3688360E3688A
:1020F000C360242A26D004F1100200F11003DBE6AD
:102100003A46BFE7214638461E46D14600F06AF8F7
:102110003C46F2E63B46DEE7214638466646D14677
:1021200000F060F83C46E8E60893FF1FA168CAF893
:102130001010E168CAF81410242A20D010340AF1D3
:1021400018029FE7236903616169416104F1180284
:1021500000F11803B0E6A368CAF81030E368CAF8C3
:102160001430242A21D010340AF11803B3E73A4678
:1021700033E72146384600F035F8164B33E722693D
:10218000CAF818206269CAF81C2018340AF1200223
:1021900078E7A168CAF81010E168CAF81410242A78
:1021A0000DD010340AF1180217E72369CAF8183065
:1021B0006369CAF81C3018340AF120038BE72269DE
:1021C000CAF818206269CAF81C2018340AF12002E3
:1021D00003E700BF0893FF1F13460A46014602208B
:1021E00000F0FCB988420DD98B1883420AD900EB64
:1021F000020CBAB1624613F801CD02F801CD994242
:10220000F9D170470F2A0ED8034602F1FF3C4AB1BC
:102210000CF1010C013B8C4411F8012B03F8012F48
:102220006145F9D1704740EA01039B0750D1A2F103
:10223000100370B501F1200C23F00F0501F1100E11
:1022400000F11004AC441B095EF8105C44F8105C0B
:102250005EF80C5C44F80C5C5EF8085C44F8085CC2
:102260005EF8045C44F8045C0EF1100EE64504F1DF
:102270001004E9D1013312F00C0F01EB031102F04D
:102280000F0400EB031327D0043C24F003064FEAAD
:10229000940C1E441C1F8E465EF8045B44F8045FD9
:1022A000B442F9D10CF1010402F0030203EB840300
:1022B00001EB840102F1FF3C4AB10CF1010C013B3E
:1022C0008C4411F8012B03F8012F6145F9D170BD41
:1022D00002F1FF3C03469BE72246EBE7830730B55C
:1022E00048D0541E002A3FD0CAB2034601E0013C48
:1022F0003AD303F8012B9D07F9D1032C2DD9CDB288
:1023000045EA05250F2C45EA054536D9A4F110020A
:1023100022F00F0C03F1200EE6444FEA121C03F1E9
:10232000100242E9045542E9025510327245F8D1D3
:102330000CF1010214F00C0F03EB021204F00F0C6D
:1023400013D0ACF1040323F003030433134442F825
:10235000045B9342FBD10CF003042CB1C9B21C44C2
:1023600003F8011B9C42FBD130BD64461346002C90
:10237000F4D1F9E703461446BFE71A46A446E0E75E
:10238000002A3ED040EA01039B0730B584462FD196
:10239000032A2DD90B4608E0043A8446194625D075
:1023A0001EF0803F22D1032A22D90468194653F82F
:1023B000045BA4F1013EAC4284462EEA040E00F117
:1023C0000400E9D09CF800000C78A0421BD1E6463E
:1023D00068B11EF8010F11F8014FA2EB0E03A042E5
:1023E00003F1FF330FD11CEB0303F1D1002030BD0B
:1023F0009CF800000C78844205D1012AF6D0E6460C
:10240000E6E710467047001B30BD00BF40EA0103FD
:102410009B0730B501D1032A0FD8844601F1FF3E56
:1024200007E01EF8011F03F8011B541EC1B19C46B2
:1024300022466346002AF4D130BD0B468446194635
:1024400053F8045BA5F1013424EA050414F0803F3D
:10245000E4D1043A032A4CF8045B1946EFD8DDE7CF
:102460009444002CE8D003F8011B6345FBD130BD38
:1024700038B5074D0022044608462A60FBF7B4FF32
:10248000431C00D038BD2B68002BFBD0236038BD27
:10249000ECA1FF1F014B1868704700BF3898FF1F61
:1024A00070B50D4E0D4D761BB61006D0002455F8B4
:1024B000043B01349847A642F9D1094E094D761BD9
:1024C00003F0B6FCB61006D0002455F8043B0134E6
:1024D0009847A642F9D170BD3C5E01003C5E010008
:1024E000545E01003C5E0100704700BF704700BFB2
:1024F000FFFFFFFFFFFFFFFFFFFFFFFFFFFFFFFFEC
:1025000090F800F06DE9024520F007016FF0000C33
:1025100010F0070491F820F040F049804FF00004DB
:102520006FF00700D1E9002391F840F000F10800B6
:1025300082FA4CF2A4FA8CF283FA4CF3A2FA8CF3EE
:102540004BBBD1E9022382FA4CF200F10800A4FA55
:102550008CF283FA4CF3A2FA8CF3E3B9D1E90423A9
:1025600082FA4CF200F10800A4FA8CF283FA4CF3E0
:10257000A2FA8CF37BB9D1E9062301F1200182FA9A
:102580004CF200F10800A4FA8CF283FA4CF3A2FAA0
:102590008CF3002BC6D0002A04BF04301A4612BAAE
:1025A000B2FA82F2FDE8024500EBD2007047D1E9B1
:1025B000002304F00305C4F100004FEAC50514F040
:1025C000040F91F840F00CFA05F562EA05021CBF11
:1025D00063EA050362464FF00004A9E72DE9F047DE
:1025E000DFF874A00646DAF8000098460F469146D8
:1025F000FFF77AFF194B1C6824B365681F2D24DC94
:102600005EB96B1C0235DAF80000636044F825708F
:10261000FFF76CFF0020BDE8F08704EB8501012384
:10262000C1F88890D4F88821AB401A43022EC4F830
:102630008821C1F80881E4D1D4F88C211A43C4F868
:102640008C21DEE7064C1C60D7E7DAF80000FFF7C4
:102650004DFF4FF0FF30DEE73C98FF1F88A3FF1FC0
:10266000F8A1FF1F024B13B1024800F005B87047F4
:102670000000000031290100002301461A461846D7
:10268000FFF7ACBFF8B5244F0C460646FFF7A0FB9A
:10269000BB685D68C4F57E610F3125F003054B19F9
:1026A00023F47F6323F00F03A3F58054B4F5805F18
:1026B00007DB00213046FFF7DBFEBB682B44984266
:1026C00004D03046FFF78AFB0020F8BD6142304657
:1026D000FFF7CEFE01300DD0104ABB682D1B45F030
:1026E00001055D60136830461B1B1360FFF776FB26
:1026F0000120F8BD00213046FFF7BAFEBA68831A00
:102700000F2BDEDD43F001035360054B03491B68CB
:10271000C01A0860D5E700BF0893FF1F80A0FF1F05
:102720001097FF1F002961D0F8B50C460646FFF749
:102730004FFB54F8042C7B4FA4F1080522F0010153
:1027400005EB010CB868DCF80430604523F00303A6
:1027500000F08B80D207CCF8043032D454F8082C27
:10276000AD1A1144AA6807F1080082426AD00CEB46
:102770000304D4F804E0EC68D4601EF0010FA260FA
:1027800000F0978041F001036B60CCF80010B1F5C8
:10279000007F35D27868CB080122490901338A408D
:1027A000024357F833107A6007EBC302083AC5E9D1
:1027B000021247F83350CD603046BDE8F840FFF7CD
:1027C0000DBB0CEB03025268D00710D4194407F17B
:1027D0000800DCF80830834273D0DCF80C20DA60A3
:1027E000936041F001036B606950D0E7704741F09E
:1027F0000103B1F5007F44F8043CCCF80010C9D3C4
:10280000B1F5206F4FEA512348D28B0903F139000B
:1028100003F13802C300F818FB580838984259D021
:102820005A6822F003028A4202D99B689842F7D183
:10283000D868C5E902308560DD603046BDE8F84003
:10284000FFF7CCBA0CEB03025268D20763D40B44F7
:10285000DCE90212CA60916043F001026A6030460E
:10286000EB50BDE8F840FFF7B9BA0B44D10707D4E5
:1028700054F8082CAD1A1344D5E90212CA609160CD
:1028800043F001026A60284ABD6012689A4293D8F8
:10289000264B30461968FFF7F5FE8DE7142B0AD951
:1028A000542B1FD80B0B03F16F0003F16E02C30012
:1028B000B1E719448DE703F15C0003F15B02C3004B
:1028C000A9E741F00103C7E90455C5E902006B60BF
:1028D000695071E779689210012404FA02F20A4300
:1028E0007A60A6E7B3F5AA7F06D8CB0B03F1780090
:1028F00003F17702C3008EE740F25452934206D8A8
:102900008B0C03F17D0003F17C02C30083E74FF4DD
:102910007E737E227FE741F001036B60CCF80010EC
:102920004AE700BF0893FF1F1497FF1FB0A0FF1FC7
:1029300038B5074D074C2C1BA41005D0013C55F8A9
:10294000043D9847002CF9D1BDE8384003F082BA25
:102950000000000000000000910500009505000047
:102960009D050000A5050000FBFFFFFFF8FFFFFF2E
:10297000F6FFFFFFFAFFFFFFF8FFFFFFF6FFFFFF85
:10298000FDFFFFFFFBFFFFFFF9FFFFFFFDFFFFFF65
:10299000F9FFFFFFF7FFFFFFFEFFFFFFFCFFFFFF59
:1029A000F7FFFFFFFBFFFFFFF8FFFFFFF6FFFFFF53
:1029B000FCFFFFFFFAFFFFFFF6FFFFFFFDFFFFFF3A
:1029C000FBFFFFFFF9FFFFFFFCFFFFFFFAFFFFFF29
:1029D000F6FFFFFFFEFFFFFFFCFFFFFFF7FFFFFF1C
:1029E000FBFFFFFFF8FFFFFFF6FFFFFFFEFFFFFF0C
:1029F000FCFFFFFFF7FFFFFF2C011301FA00E100CE
:102A0000C800AF0096007D0064004B003200190042
:102A1000FBFFFFFFF8FFFFFFF4FFFFFFFAFFFFFFE1
:102A2000F7FFFFFFF4FFFFFFFDFFFFFFF9FFFFFFD1
:102A3000F4FFFFFFFAFFFFFFF7FFFFFFF4FFFFFFC9
:102A4000FCFFFFFFF7FFFFFFF4FFFFFFFBFFFFFFB0
:102A5000F8FFFFFFF4FFFFFFFDFFFFFFFAFFFFFF9F
:102A6000F4FFFFFFFBFFFFFFF8FFFFFFF4FFFFFF97
:102A7000FDFFFFFFF8FFFFFFF4FFFFFFFCFFFFFF7D
:102A8000F7FFFFFFF4FFFFFFFBFFFFFFF8FFFFFF74
:102A9000F4FFFFFFFCFFFFFFF7FFFFFFF4FFFFFF67
:102AA000FBFFFFFFF8FFFFFFF4FFFFFFFAFFFFFF51
:102AB000F7FFFFFFF4FFFFFFFDFFFFFFF9FFFFFF41
:102AC000F4FFFFFFFAFFFFFFF7FFFFFFF4FFFFFF39
:102AD000FCFFFFFFF7FFFFFFF4FFFFFFFBFFFFFF20
:102AE000F8FFFFFFF4FFFFFFFDFFFFFFFAFFFFFF0F
:102AF000F4FFFFFFFDFFFFFFF9FFFFFFF4FFFFFF04
:102B0000FDFFFFFFF8FFFFFFF4FFFFFFFCFFFFFFEC
:102B1000F7FFFFFFF4FFFFFFFBFFFFFFF8FFFFFFE3
:102B2000F4FFFFFFFCFFFFFFF7FFFFFFF4FFFFFFD6
:102B300000000000070000000C0000001000000072
:102B400013000000180000001C000000000000003E
:102B5000070000000C00000010000000130000003F
:102B60001600000018000000000000000700000030
:102B70000C00000013000000180000001F000000FF
:102B800024000000000000000C00000018000000FD
:102B900024000000300000003C000000480000005D
:102BA00000000000070000000C0000001000000002
:102BB00013000000180000001C00000000000000CE
:102BC000070000000C0000001000000013000000CF
:102BD00016000000180000000000000007000000C0
:102BE0000C00000013000000180000001F0000008F
:102BF00024000000000000000C000000180000008D
:102C000024000000300000003C00000048000000EC
:102C100000000000070000000C0000001000000091
:102C200013000000180000001A0000000700000058
:102C30000C0000001000000013000000180000004D
:102C40001A0000001F00000040067805B004E803E9
:102C500084032003BC025802F40190012C01FA0005
:102C6000C8009600640032001900FFFFFF07000053
:102C70006A080000D50800003F090000A90900000B
:102C8000110A0000780A0000DD0A0000400B000075
:102C9000A10B0000FF0B00005A0C0000B20C00005A
:102CA000080D0000590D0000A70D0000F10D0000F7
:102CB000360E0000770E0000B40E0000EC0E00008F
:102CC0001F0F00004D0F0000770F00009A0F00004B
:102CD000B90F0000D20F0000E50F0000F30F000055
:102CE000FC0F0000FF0F0000FC0F0000F30F0000BE
:102CF000E50F0000D20F0000B90F00009A0F00008E
:102D0000770F00004D0F00001F0F0000EC0E0000B9
:102D1000B40E0000770E0000360E0000F10D00002A
:102D2000A70D0000590D0000080D0000B20C0000B6
:102D30005A0C0000FF0B0000A10B0000400B00002C
:102D4000DD0A0000780A0000110A0000A90900004D
:102D50003F090000D50800006A080000FF070000D6
:102D60009407000029070000BF0600005506000078
:102D7000ED0500008605000021050000BE040000EE
:102D80005D040000FF030000A40300004C030000EA
:102D9000F6020000A5020000570200000D0200002C
:102DA000C8010000870100004A0100001201000074
:102DB000DF000000B1000000870000006400000098
:102DC000450000002C000000190000000B0000006E
:102DD0000200000000000000020000000B000000E4
:102DE000190000002C0000004500000064000000F5
:102DF00087000000B1000000DF00000012010000A9
:102E00004A01000087010000C80100000D02000017
:102E100057020000A5020000F60200004C0300006B
:102E2000A4030000FF0300005D040000BE040000D6
:102E30002105000086050000ED0500005506000094
:102E4000BF060000290700009407000000000000F2
:102E5000DE000000C8000000B5000000A700000070
:102E6000980000008F000000820000007D0000003C
:102E700000000000070000000C000000100000002F
:102E8000130000001A0000001F00000000000000F6
:102E9000070000000C0000001000000013000000FC
:102EA000180000001C0000000000000007000000E7
:102EB0000C000000100000001300000018000000CB
:102EC0001C00000000000000070000000C000000D3
:102ED00010000000130000001600000018000000A1
:102EE00000000000070000000C00000013000000BC
:102EF000180000001F000000240000000000000077
:102F00000C00000018000000240000003000000049
:102F10003C0000004800000000007805220B04106F
:102F2000B4143219B01DFC214826FE29822D3831F7
:102F300026344637663A223DFF3FFFFF0000D007A8
:102F4000100E88133219AA1E282374275C2B442FD5
:102F5000643284354038663A8C3C803EFF3FFFFF48
:102F60000000540BEC13FA1908201C253629EC2C10
:102F70000C302C33E8357238663AF63B863D163F06
:102F8000FF3FFFFF0000CC10581BFC21AC26C62AD7
:102F90007C2E3831F4334C36A438983A5A3C543DA0
:102FA000803E7A3FFF3FFFFF00005802460566085B
:102FB000540BD80E5C12E015FA19141E6022AC26D0
:102FC0005C2B0C30BC34023AFF3FFFFF0000900145
:102FD00020031405D0075A0AAC0DCC10B4146A189B
:102FE000E81C342180252A2B70301437FF3FFFFF67
:102FF0000000C800F4018403140508072E091C0C06
:10300000D80EF811AE159619401F1C25F22B583416
:10301000FF3FFFFF00006400C8009001BC021A04DB
:10302000DC059E07F609800CA00F2413A2174C1D87
:103030005424442FFF3FFFFF000058024605660856
:10304000540BD80E5C127017FC21F82A70305834DB
:10305000DC37663A8C3C803EFF3FFFFF00005802A1
:1030600046056608540BA00FD4172823F82A442FCE
:10307000643284354038663A8C3C803EFF3FFFFF27
:10308000000078053408540B800C3C0F5C12E015EE
:10309000FA19141E6022AC265C2B0C30BC34023AA8
:1030A000FF3FFFFF0000D007800CD80E0010C012B9
:1030B000EC130C17FA19141E6022AC265C2B0C3092
:1030C000BC34023AFF3FFFFFFDFFFFFFFBFFFFFFA6
:1030D000F8FFFFFFFDFFFFFFFBFFFFFFF8FFFFFF14
:1030E000FDFFFFFFFAFFFFFFF7FFFFFFFDFFFFFF01
:1030F000FBFFFFFFF7FFFFFFFCFFFFFFFBFFFFFFF3
:10310000F7FFFFFFFDFFFFFFFAFFFFFFF7FFFFFFE6
:10311000FDFFFFFFFBFFFFFFF8FFFFFFFDFFFFFFCE
:10312000FBFFFFFFF8FFFFFFFDFFFFFFFAFFFFFFC1
:10313000F7FFFFFFFCFFFFFFFBFFFFFFF7FFFFFFB6
:10314000FDFFFFFFFBFFFFFFF7FFFFFFFDFFFFFF9F
:10315000FAFFFFFFF7FFFFFFFDFFFFFFFBFFFFFF92
:10316000F7FFFFFFFDFFFFFFFBFFFFFFF7FFFFFF85
:10317000FDFFFFFFFAFFFFFFF7FFFFFFFDFFFFFF70
:10318000FAFFFFFFF8FFFFFFFDFFFFFFFAFFFFFF62
:10319000F7FFFFFFFDFFFFFFFAFFFFFFF7FFFFFF56
:1031A000FDFFFFFFFAFFFFFFF8FFFFFFFDFFFFFF3F
:1031B000FAFFFFFFF8FFFFFFFDFFFFFFFAFFFFFF32
:1031C000F7FFFFFFFCFFFFFFFBFFFFFFF7FFFFFF26
:1031D000FDFFFFFFFAFFFFFFF7FFFFFFFDFFFFFF10
:1031E000FAFFFFFFF7FFFFFFFEFFFFFFFBFFFFFF01
:1031F000F8FFFFFFFEFFFFFFFBFFFFFFF8FFFFFFF2
:10320000FDFFFFFFFAFFFFFFF7FFFFFFFCFFFFFFE0
:10321000FAFFFFFFF7FFFFFFFCFFFFFFFAFFFFFFD3
:10322000F7FFFFFFFDFFFFFFFAFFFFFFF7FFFFFFC5
:10323000FDFFFFFFF9FFFFFFF7FFFFFFFDFFFFFFB0
:10324000F9FFFFFFF7FFFFFFFDFFFFFFFAFFFFFFA3
:10325000F7FFFFFFFDFFFFFFFAFFFFFFF7FFFFFF95
:10326000FDFFFFFFFAFFFFFFF6FFFFFFFDFFFFFF80
:10327000FAFFFFFFF7FFFFFFFEFFFFFFFBFFFFFF70
:10328000F7FFFFFFFEFFFFFFFBFFFFFFF7FFFFFF63
:10329000FDFFFFFFFAFFFFFFF7FFFFFFFDFFFFFF4F
:1032A000FBFFFFFFF8FFFFFFFDFFFFFFFBFFFFFF3F
:1032B000F8FFFFFFFDFFFFFFFAFFFFFFF7FFFFFF34
:1032C000FCFFFFFFF9FFFFFFF7FFFFFFFCFFFFFF22
:1032D000F9FFFFFFF7FFFFFFFDFFFFFFFAFFFFFF13
:1032E000F7FFFFFFFDFFFFFFFAFFFFFFF7FFFFFF05
:1032F000FDFFFFFFF9FFFFFFF6FFFFFFFDFFFFFFF1
:10330000FAFFFFFFF7FFFFFF00000000CDCC4C3DB0
:10331000CDCCCC3D9A99193ECDCC4C3E0000803EA0
:103320009A99993E3333B33ECDCCCC3E6666E63EA9
:10333000FBFFFFFFF7FFFFFFF4FFFFFFFBFFFFFFB8
:10334000F7FFFFFFF4FFFFFFFDFFFFFFF7FFFFFFAA
:10335000F4FFFFFFFDFFFFFFF8FFFFFFF4FFFFFF9C
:10336000FAFFFFFFF7FFFFFFF4FFFFFFFBFFFFFF89
:10337000F7FFFFFFF4FFFFFFFBFFFFFFF7FFFFFF7C
:10338000F4FFFFFFFBFFFFFFF7FFFFFFF4FFFFFF6F
:10339000FDFFFFFFF8FFFFFFF4FFFFFFFDFFFFFF53
:1033A000F8FFFFFFF4FFFFFFFDFFFFFFF8FFFFFF48
:1033B000F4FFFFFFFAFFFFFFF8FFFFFFF4FFFFFF3F
:1033C000FBFFFFFFF7FFFFFFF4FFFFFFFBFFFFFF28
:1033D000F7FFFFFFF4FFFFFFFBFFFFFFF7FFFFFF1C
:1033E000F4FFFFFFFDFFFFFFF8FFFFFFF4FFFFFF0C
:1033F000FDFFFFFFF8FFFFFFF4FFFFFFFDFFFFFFF3
:10340000F8FFFFFFF4FFFFFFFBFFFFFFF7FFFFFFEA
:10341000F4FFFFFFFBFFFFFFF7FFFFFFF4FFFFFFDE
:10342000FBFFFFFFF8FFFFFFF4FFFFFFFCFFFFFFC5
:10343000F9FFFFFFF4FFFFFFFDFFFFFFF8FFFFFFB6
:10344000F4FFFFFFFCFFFFFFF7FFFFFFF4FFFFFFAD
:10345000FBFFFFFFF7FFFFFFF6FFFFFFFBFFFFFF95
:10346000F7FFFFFFF6FFFFFFFBFFFFFFF7FFFFFF89
:10347000F6FFFFFFFDFFFFFFFCFFFFFFF8FFFFFF71
:10348000FDFFFFFFFCFFFFFFF8FFFFFFFDFFFFFF5A
:10349000FCFFFFFFF8FFFFFFFBFFFFFFF7FFFFFF52
:1034A000F6FFFFFFFBFFFFFFF7FFFFFFF6FFFFFF4A
:1034B000FBFFFFFFFAFFFFFFF8FFFFFFFCFFFFFF2F
:1034C000F9FFFFFFF8FFFFFFFDFFFFFFFCFFFFFF1E
:1034D000F8FFFFFFFCFFFFFFFAFFFFFFF7FFFFFF13
:1034E0000000FF03FF07FF0BFF0FFF13FF17FF1B7A
:1034F000FF1FFF23FF27FF2BFF2FFF33FF37FF3B6C
:10350000FF3FFFFF842F0100602F01003C2F0100CF
:10351000182F0100E0340100A82F0100CC2F01007A
:10352000F02F010014300100383001005C30010040
:1035300080300100A430010054485200534E530023
:103540004D4158007C00FFFF4155544F43414C0012
:103550004C45564552000000544F5543480000006A
:103560004C49502F4543000042454E4400000000A6
:10357000424954450000000042524541544800FF72
:1035800050350100709AFF1F7805D007669AFF1F1B
:103590007805D007854D0000783501008E99FF1F12
:1035A0000000FF0F8C99FF1F0000FF0F014E00006D
:1035B00058350100A699FF1F32005E01000000008F
:1035C00000000000A14D000068350100CC9AFF1FEB
:1035D000F401A00FCA9AFF1FF401A00FC94D00000B
:1035E00070350100DE9AFF1FBC025C12DC9AFF1FDF
:1035F000BC025C12E54D000060350100E499FF1F3C
:10360000F401A00FE299FF1FF401A00FAD4D0000DF
:10361000360000006D360000370000006D3700FFF7
:10362000432300004423000046000000462300001E
:1036300047230000426200FF4F4E00004F46460005
:103640004D4752004D4744004D4139004D4E440016
:103650004D4E41004D4E48004657430052544100E4
:103660005254420052544300433E000043233E0064
:10367000443E000044233E00453E0000463E00001C
:1036800046233E00473E000047233E00413E0000E7
:1036900042623E00423E00003E433C003C43230069
:1036A0003C4400003C4423003C4500003C460000F4
:1036B0003C4623003C4700003C4723003C410000BF
:1036C0003C4262003C4200003C4300FF4241540047
:1036D0004C4F57200000000046554C4C00000000A5
:1036E0004348472000000000555342004D454E55C9
:1036F00020202020202020202058585820592E59A2
:103700005600FFFF4C4F0000484900FF4E45470060
:10371000504F53004E524D005245560042525448AD
:10372000000000005054434800FFFFFF5042440097
:1037300045434200454353004C564C004C56500004
:10374000474C44004543480051544E00415400FF4B
:1037500044594E006D7300FF312F00FF762E00009C
:10376000317737733300FFFF53455400434C520009
:103770005749444900FFFFFF444F4E2754000000C3
:1037800050414E494300FFFF4E7545564900000029
:103790006669726D7761726520762E0055534220FE
:1037A000706F7765720000004C69506F206368612C
:1037B00072676564000000004C69506F20636861A7
:1037C0007267696E67000000416C6B616C696E65C1
:1037D0002062617474657279000000003020252039
:1037E000617420004E694D4820626174746572797D
:1037F000000000004C69506F20626174746572793A
:1038000000FFFFFF56494200434300005649422B48
:1038100000000000474C442B000000005647000009
:1038200056472B00474C53005357000053454C005C
:103830005345450053574F004D5700004650000078
:103840004346000053500000484D3100484D3200BF
:10385000355448004F43540048315200483252001A
:10386000355452004F4352004556520054505400B4
:1038700048524E00585649005856520042520000D5
:10388000564C0000455800004D572B0042522B006B
:10389000564C2B0045582B00554E4F002D34000040
:1038A0002D3300002D3200002D3100004C494E0018
:1038B0002B3100002B3200002B3300002B34000092
:1038C00053310000533200005A3100005A320000D8
:1038D000414C4B004E4D48004C5031004C50320092
:1038E0005649425241544F00564942324252414D8C
:1038F00054000000414D4F554E540000564942328D
:103900004252444952000000444952454354494FF1
:103910004E000000535155454C43482042000000E2
:1039200053454E53452042544500000053515545E0
:103930004C4348204C00000053454E5345204C5604
:103940005200000052455455524E00004445505418
:10395000480000005345545550204354524C5300E6
:10396000524F4C4C524D4F444500000046494E4783
:103970004552494E470000004C4556454C204343B4
:103980000000000050494E4B59204B4559000000A3
:103990004445474C4954434800000000474C4953B4
:1039A00053000000474C4953532054494D450000F3
:1039B0004841524D2053454C0000000053455249A8
:1039C0004553000045584354204841524D000000E3
:1039D0004841524D2052414E4745000045584354FE
:1039E00020434320420000004558435420434320D5
:1039F00041000000504954434842454E44000000F5
:103A0000474C494445204D494E0000004D494E2049
:103A10004C4556454C000000474C494445204D411B
:103A2000580000004D4158204C4556454C000000C0
:103A3000474C494445204D4F44000000504F5254DC
:103A40002F474C44000000004C455645522043434C
:103A5000000000004343204E554D424552000000F7
:103A60004C455645522043544C0000004C455645A9
:103A700052204445535400004249544520434300DA
:103A8000424954452043544C0000000042495445EB
:103A90002044455354000000534554555020425291
:103AA0004541544800000000425220494E544552BE
:103AB00056000000434320494E5445525600000032
:103AC00056454C20424F4F535400000056454C2061
:103AD00044454C41590000004355525645000000F2
:103AE00056454C4F4349545900000000425245414D
:103AF000544820415400000043432042205249537F
:103B00004500000042525448204343204200000038
:103B100042525448204343204100000041424F5547
:103B2000540000004558545241530000504F4C5926
:103B300020504C41590000005345545550204354E7
:103B40004C000000534554555020425200000000E4
:103B500041444A55535400004D49444920434800CC
:103B60004D4944492043484E4C00000042415420F6
:103B70005459504500000000574C204348414E0026
:103B8000574C20504F5745520000000043562045E7
:103B900043204C464F0000005241544500000000B5
:103BA0004356205343414C45000000005343414CD1
:103BB000494E470043562054554E450054554E49F2
:103BC0004E470000464153545041544348000000C2
:103BD0004641535420424F4F54000000444143207B
:103BE0004F55540042434153204D4F44450000007F
:103BF000335244205452494C4C0000004741544534
:103C000020484F4C440000004C4547414359204256
:103C1000520000004C4547414359205042000000EB
:103C20004F435441564500005452414E53504F5358
:103C300045000000504F4C5920504C4159205345ED
:103C400054555000524F5441544F522043000000ED
:103C5000524F5441544F522042000000524F5441A1
:103C6000544F5220410000004F5446204B4559000C
:103C70004F5446204B45595357000000484D5A2099
:103C80004C494D4954000000564F494345530000EC
:103C9000504F4C59204D4F444500000053454C4572
:103CA00043540000484D5A204B4559004B4559207C
:103CB000504C4159454400004657432044524F5010
:103CC0003200000044524F5020320000465743203B
:103CD0004C4F434B480000004C48204D454C4F444E
:103CE0005900000046574320545950450000000039
:103CF00043484F52440000005052494F52495459D2
:103D0000000000004D4F4E4F205052494F00000020
:103D100052544320524F54203400000053454D4923
:103D2000544F4E455300000052544320524F5420EC
:103D30003300000052544320524F54203200000000
:103D400052544320524F542031000000525443201B
:103D5000504152414C00000052544220524F5420D6
:103D60003400000052544220524F542033000000CF
:103D700052544220524F54203200000052544220EC
:103D8000524F5420310000005254422050415241C1
:103D90004C00000052544120524F54203400000087
:103DA00052544120524F54203300000052544120BD
:103DB000524F54203200000052544120524F5420A0
:103DC0003100000052544120504152414C00FFFF4D
:103DD00050500100683801006C3801007038010053
:103DE0007438010078380100483801004C3801006F
:103DF0005038010054380100583801005C38010087
:103E000060380100643801003C3601003838010098
:103E10003C38010040380100443801003C360100C4
:103E200038360100283801002C38010030380100F4
:103E3000343801003C3601000438010040370100ED
:103E4000083801000C380100143801001C3801004A
:103E5000203801003C3601000438010040370100E1
:103E6000083801000C380100143801001C3801002A
:103E700020380100243801003C36010038380100A8
:103E80007C38010080380100843801008838010046
:103E90008C3801009038010094380100403801004E
:103EA00098380100D0380100D4380100D83801001A
:103EB000DC3801009C380100A0380100A438010062
:103EC000A8380100AC380100B0380100B438010056
:103ED000B8380100BC380100C0380100C438010006
:103EE000C8380100CC380100FC0800009808000028
:103EF000CA080000CA080000CC0B0000400B0000FC
:103F0000460A0000460A0000800C0000400B00003A
:103F1000460A0000460A000001000000503B010074
:103F20000300000000000000783A0100543A01004C
:103F30004899FF1F00007F00010000003D6E000057
:103F40005D5F00000000000001000000443B010034
:103F50000400000000000000B43B0100BC3B010075
:103F6000C099FF1F0100C70000000000E16B0000C6
:103F7000AD5D00000000000001000000243B0100D6
:103F80000900000000000000A43C0100AC3C01005E
:103F90003C9AFF1F00000B0001000000556000006C
:103FA0007D5D00000000000000000000203C0100DA
:103FB000203C0100869AFF1F000006000000000060
:103FC000056C0000ED5D0000000000000000000036
:103FD000683C0100703C0100AE9AFF1F0000010028
:103FE00001000000116600006D5D0000000000008F
:103FF000000000006039010060390100F49AFF1FE1
:1040000000000300010000005D7200008D5E0000F2
:104010000000000000000000F03B0100F03B010048
:10402000329BFF1F0300040000000000F56B00003E
:10403000CD5D000000000000000000000839010014
:1040400008390100409BFF1F000001000100000033
:10405000C9660000DD5F00000000000000000000F5
:10406000803A01008C3A01004A99FF1F00000800C5
:10407000010000004D6800006D5F000000000000BE
:1040800001000000383B01000500000000000000B6
:104090008C3B0100983B0100C299FF1F0000080003
:1040A00001000000A97400009969000000000000F0
:1040B00000000000A03B0100AC3B0100B499FF1FD1
:1040C0000100C70000000000CD6B00009D5D0000F6
:1040D0000000000000000000DC3B0100DC3B0100B0
:1040E000CC99FF1F0000010000000000016A0000E1
:1040F000BD5D00000000000000000000E43C010085
:10410000F03C01000A9AFF1F0000030001000000BC
:104110000D6000004D5D0000000000000000000088
:10412000483A0100543A0100629AFF1F00007F00E4
:10413000010000009D6F00003D5F000000000000D6
:10414000010000005C3C01000A00000001000000CA
:10415000503C01000B00000001000000443C010045
:104160000C000000010000002C3B010006000000D4
:1041700000000000C03A0100C03A0100349BFF1F5C
:104180000000090001000000117500001D5E000024
:10419000000000000000000044390100103A010056
:1041A000BE8DFF1F0000040000000000ED6E000047
:1041B000ED5F00000000000000000000803B0100F7
:1041C000803B0100749BFF1F000003000000000003
:1041D000B56B000045640000000000000000000016
:1041E000E43B0100E43B01004699FF1F0000010091
:1041F000000000005D610000356A00000000000062
:1042000000000000EC3A0100EC3A01005C99FF1F4D
:1042100000000100010000000D6200009168000034
:104220000000000000000000103B0100103B0100F6
:104230005E99FF1F00000A0001000000FD680000F9
:10424000D968000000000000000000009039010063
:1042500090390100CE99FF1F0000460000000000C9
:1042600025770000CD5E0000000000000000000087
:10427000DC390100DC390100DE99FF1F00007F00FE
:104280000100000049760000ED5E00000000000023
:1042900000000000D03B0100D03B0100E699FF1F69
:1042A000000001000000000031610000DD69000035
:1042B0000000000000000000B83C0100C43C010008
:1042C000069AFF1F0000010001000000896C000039
:1042D0002D5D00000000000000000000CC3C01004B
:1042E000D83C0100089AFF1F0000010001000000F7
:1042F000656C00003D5D0000000000000000000053
:10430000FC3B0100FC3B01000E9AFF1F0000010076
:104310000100000089610000596A000000000000EF
:10432000000000007C3C0100883C01003E9AFF1F19
:104330000200050001000000B97200005D5D000090
:10434000000000000000000001000000056D0000FA
:1043500000000000083C0100083C01005C9AFF1FBF
:104360000000010001000000B56100007D6A00004E
:104370000000000000000000143C0100143C01009B
:104380005A9AFF1F0000010001000000E1610000D7
:10439000A16A00000000000000000000603A010077
:1043A0006C3A0100649AFF1F000007000100000042
:1043B0000D6800004D5F00000000000000000000DC
:1043C000B83D01001C3D0100FA9AFF1F00003000BB
:1043D00000000000556C0000AD6C00000000000003
:1043E00000000000AC3D01001C3D0100FC9AFF1FD5
:1043F0000000300000000000556C0000AD6C0000B3
:104400000000000000000000A03D01001C3D010074
:10441000FE9AFF1F0000300000000000556C0000F5
:10442000AD6C00000000000000000000943D0100A1
:104430001C3D0100009BFF1F000030000000000039
:10444000556C0000AD6C0000000000000000000092
:10445000CC3A0100CC3A0100369BFF1F00001E0041
:1044600001000000B17600002D5E00000000000099
:1044700000000000E03A0100E03A0100389BFF1F15
:1044800000007F0001000000797500004D5E000013
:1044900000000000000000004C390100103A01004B
:1044A000609BFF1F00000900000000007173000006
:1044B000FD5F00000000000000000000383901002E
:1044C000103A0100C08DFF1F01000C000000000029
:1044D000FD700000CD5F0000000000000000000043
:1044E000010000005188000000000000043B0100B2
:1044F000043B01006099FF1F00007F0001000000E5
:1045000041740000B56800000000000000000000D9
:10451000C43B0100C43B0100F699FF1F00000100ED
:104520000000000005610000B96900000000000003
:10453000000000006C3901006C390100049AFF1F73
:104540000000050001000000ED6600009D5E000017
:1045500000000000000000009C390100A4390100A7
:10456000249AFF1F07007F000100000099770000D8
:104570006D5E00000000000000000000C439010072
:10458000D0390100349AFF1F00000600010000002E
:10459000E1750000DD5E000000000000000000008A
:1045A00078390100783901005E9AFF1F00007F0012
:1045B00001000000D9730000AD5E000000000000A3
:1045C0000000000001000000697F00000000000002
:1045D000F4390100F43901006298FF1F00000C005B
:1045E00000000000117800007D5E00000000000067
:1045F00000000000183A0100243A0100D89AFF1F79
:1046000000007F0001000000F56F00001D5F00004A
:1046100000000000000000007C3D01001C3D010086
:10462000069BFF1F0000300000000000556C0000DA
:10463000D96C00000000000000000000703D010087
:104640001C3D0100089BFF1F00003000000000001F
:10465000556C0000D96C0000000000000000000054
:10466000643D01001C3D01000A9BFF1F000030005B
:1046700000000000556C0000D96C00000000000034
:1046800000000000583D01001C3D01000C9BFF1F75
:104690000000300000000000556C0000D96C0000E4
:1046A0000000000000000000403D01001C3D010032
:1046B000129BFF1F0000300000000000556C00003E
:1046C000C15C00000000000000000000343D01005B
:1046D0001C3D0100149BFF1F000030000000000083
:1046E000556C0000C15C00000000000000000000EC
:1046F000283D01001C3D0100169BFF1F00003000FB
:1047000000000000556C0000C15C000000000000CB
:1047100000000000103D01001C3D0100189BFF1F20
:104720000000300000000000556C0000C15C00007B
:104730000000000000000000283C0100283C0100AF
:10474000309BFF1F0000180000000000DD62000029
:10475000FD5D00000000000000000000E8380100DE
:10476000F4380100BC8DFF1F00000A0000000000AB
:10477000456F00007D5F00000000000000000000A9
:10478000FC380100083901003C9BFF1F00000100BC
:1047900001000000A56600008D5F00000000000021
:1047A00000000000783B0100783B0100E68DFF1F10
:1047B0000400500000000000A570000039640000F3
:1047C000000000000000000001000000696500001A
:1047D000983A01000000010109000000E88DFF1F68
:1047E000243B0100000005010E000000588EFF1F51
:1047F00000000000B0390100BC390100329AFF1FEF
:1048000000000700010000004D6700002D67000058
:104810000000000000000000000000000000000098
:104820000000000000000000000000000000000088
:104830000000000000000000000000000000000078
:104840000000000000000000000000000000000068
:104850000000000000000000000000000000000058
:104860000000000000000000000000000000000048
:104870000000000000000000000000000000000038
:104880000000000000000000000000000000000028
:104890000000000000000000000000000000000018
:1048A0000000000000000000000000000000000008
:1048B00000000000000000000000000000000000F8
:1048C00000000000000000000000000000000000E8
:1048D00000000000000000000000000000000000D8
:1048E00000000000000000000000000000000000C8
:1048F00000000000000000000000000000000000B8
:1049000000000000000000000000000000000000A7
:104910000000000000000000000000000000000097
:104920000000000000000000000000000000000087
:1049300000000000000000000001FFFFFFE3600036
:1049400007736000000000000001FFFFFFE360004C
:104950000EE3600000000000000180000003600022
:104960001DC36000000000000001BFFFFFE3600006
:104970003B836000000000000001BFFFFFE3600018
:1049800077036000000000000001B0000003600039
:10499000EE036000000000000001B00000036001B1
:1049A000DC036000000000000001B00000036003B1
:1049B000B8036000000000200001B00000036007A1
:1049C00070036000000000600001BFFFFFE3600EA5
:1049D000E0036000000000600001BFFFFFE3601D16
:1049E000C003600000030060000180000003603B22
:1049F00080036000000300E00001BFFFFFE3607779
:104A000000036000000300C00001BFFFFFE360EE91
:104A100000036000000380C00001B000000361DCFF
:104A200000036000000780C00001B000000363B80D
:104A3000000360000007C0C00001B0000003677001
:104A4000000360000006C0C00001B00000036EE07B
:104A500000036000000660C10101B00000037DC0DA
:104A600000036000000630C30301BFFFFFE37B804B
:104A700000036000000C30C30701BFFFFFE37700B5
:104A800000036000000C1CC30601800000030E0040
:104A900000036000000C0CC20E01FFFFFFE3FC00EE
:104AA00000036000000C0EC61E01FFFFFFE3F800CC
:104AB00000036000000C07C61E000000000000009C
:104AC00000000000000C03C676000000000000009B
:104AD00000000000000C01C7E6000000000000001C
:104AE00000000000000C00C7C6000000000000002D
:104AF00000000000000C00030600000000000000A1
:104B000000000000000C0000000000000000000099
:104B100000000000000C0000000000000000000089
:104B20000000000000000000000000000000000085
:104B30000000000000000000000000000000000075
:104B40000000000000000000000000000000000065
:104B50000000000000000000000000000000000055
:104B60000000000000000000000000000000000045
:104B70000000000000000000000000000000000035
:104B80000000000000000000000000000000000025
:104B90000000000000000000000000000000000015
:104BA0000000000000000000000000000000000005
:104BB00000000000000000000000000000000000F5
:104BC00000000000000000000000000000000000E5
:104BD00000000000000000000000000000000000D5
:104BE00000000000000000000000000000000000C5
:104BF00000000000000000000000000000000000B5
:104C000000000000000000000000000000000000A4
:104C10000000000000000000903C01009C3C0100EE
:104C2000D49AFF1F00000A00010000003962000052
:104C30008D5D000000000000000000002C39010024
:104C4000103A0100C48DFF1F01001E00000000008B
:104C500055710000BD5F0000000000000100000071
:104C6000E038010007000000000000006C3B01007C
:104C70006C3B01004499FF1F00000300010000008D
:104C8000656900004569000000000000543901001A
:104C900000000201130000000C8EFF1F0000000046
:104CA000003A01000C3A0100DA9AFF1F00007F0071
:104CB00001000000956E00000D5F00000000000084
:104CC0005C3C01000000060605000000B48EFF1FDA
:104CD000503C01000000070605000000C88EFF1FC1
:104CE000443C01000000080605000000DC8EFF1FA8
:104CF000343C0100000003010B000000F08EFF1F98
:104D000000000000C43D01001C3D0100F89AFF1F97
:104D10000000300000000000416C0000ED5C00006D
:104D20000000000000000000F83C0100043D01000C
:104D3000E89AFF1F0000010001000000ED6500007F
:104D40001D5D000000000000E038010000000405C7
:104D5000090000001C8FFF1F00000000883D0100BB
:104D60001C3D0100049BFF1F0000300000000000FC
:104D70002D6C0000FD5C0000000000000000000041
:104D80004C3D01001C3D0100109BFF1F0000300046
:104D900000000000196C00000D5D00000000000024
:104DA0000000000020390100103A0100C28DFF1FF1
:104DB0000100110000000000AD710000AD5F0000B7
:104DC0000000000000000000F83A0100F83A01007D
:104DD0006299FF1F01000A00010000000D7300002E
:104DE0005D5E00000000000000000000A83A010025
:104DF000B43A01003A8DFF1F03000F0000000000CD
:104E00004D7000000D5E000000000000000000007A
:104E100014390100103A0100C68DFF1F01001E0069
:104E200000000000057200009D5F0000000000000F
:104E300000000000583B0100603B01006098FF1F2C
:104E40000100100006000000D57D0000DD5D0000BF
:104E50003566000000000000303A01003C3A0100D5
:104E6000E09AFF1F0000050001000000CD67000070
:104E70002D5F000000000000010000001C3B01004D
:104E80000800000000000000D83A0100D83A0100F4
:104E9000AC99FF1F00000C0003000000D57B000050
:104EA0003D5E00000000000000000000E839010045
:104EB000E8390100DC99FF1F000004000100000038
:104EC0008D670000FD5E0000000000000000000093
:104ED0008439010084390100C89AFF1F00001F00B7
:104EE00000000000256B0000BD5E00000000000017
:104EF0002C010000516400000600000009000000C1
:104F0000908EFF1F002111020200000000211102FB
:104F10000504FFFF4E7545564963303100FFFFFF22
:104F20007676764E75455649636363007676764E9F
:104F3000754556496330346565767676767676764D
:104F40007600FFFF496E76616C6964206368656373
:104F50006B73756D00000000496E76616C696420AA
:104F6000636F6E6669672073697A6500496E766162
:104F70006C696420636F6E66696720766572736919
:104F80006F6E00FF496E76616C696420636F6E66B8
:104F9000696720666F726D617400FFFF496E76610C
:104FA0006C6964206D6573736167652E0000000095
:104FB000653030006330300053656E64696E672081
:104FC000636F6E6669672E2E2E000000436F6E665B
:104FD00069672073656E742E000000006330330033
:104FE00053656E64696E672076657273696F6E2EA5
:104FF0000000000063303200526563656976696EB7
:105000006720636F6E6669672E2E2E004E657720CF
:10501000636F6E6669672073617665642E000000B9
:10502000556E6B6E6F776E206D6573736167652E5D
:105030000000000065303100436F6E666967206DC7
:10504000676D7400506F776572206F6666204E75CD
:1050500045564900746F2065786974005265616433
:10506000792E00FF003E7FFF348004408000000066
:105070001EFFFFFFFF02000000001DFFFFFFFF02F9
:1050800000000000190000003480044040000000CF
:105090001211FFFFFF02020000001310FFFFFF02CA
:1050A00002000000180000000000000000000000E6
:1050B000BDAB0000E5AB000071AB0000B9AB000078
:1050C00075AB000081AB0000A1AB00000000000048
:1050D00000018000000000000000000003800000CC
:1050E0000000000000000007C000000000000000F9
:1050F000000007C00000000000000000000FC0001A
:1051000000000000000000001FE0000000000000A0
:105110000000001FE00000000000000000003FE071
:105120000000000000000000003FF0000000000050
:10513000000000007FF0000000000000001FF87F6A
:10514000F0000000000000003FFE7FF000000000C3
:105150000000003FFF7FF0000000000000001FFF84
:10516000FBE0000000000000000FFFF9FFC000009E
:10517000000000000FFFF9FFF8000000000000072A
:10518000FFF1FFFF00000000000003FC73FFFF8041
:10519000000000000001FE3FFFFF80000000000053
:1051A00000FF1E0FFF000000000000007FFE1FFC3C
:1051B000000000000000003FFFFFF80000000000BA
:1051C00000000FDFFFE0000000000000001F19FFDB
:1051D000C0000000000000003F3CFF000000000095
:1051E0000000007E7CF800000000000000007FFE50
:1051F0007C0000000000000000FFFFFC0000000039
:1052000000000000FFFFFE0000000000000000FFA3
:10521000FFFE0000000000000001FFEFFE000000A4
:105220000000000001FFCFFE0000000000000003AE
:10523000FF07FE0000000000000003FC07FE000066
:10524000000000000003F003FE000000000000006A
:10525000018000FE000000000000000000007E0051
:105260000000000000000000003E00000000000000
:10527000000000000C000000000000078000FC009F
:105280000003C0000000078001FC000003C0000014
:1052900000078001FC000003C0000000078001E05F
:1052A0000000001E000000078001E00000001E005A
:1052B0007FE3F79FF9FDE7787BDFC0FFF7FFBFFDD6
:1052C000FDFF787BDFC0FFF7FFBFFDFDFF787BDFD1
:1052D000C0F0F787BC3DE1FF787BDE00F0F787BCCC
:1052E0003DE1F0787BDE0000F787803DE1E0787BF0
:1052F000DE007FF7879FFDE1E0787BDE00FFF78728
:10530000BFFDE1E0787BDE00F0F787BC3DE1E078AF
:105310007BDE00F0F787BC3DE1E0787BDE00F0F754
:1053200087BC3DE1E0787BDE00FFF7FFBFFDE1E0F9
:105330007FFBDFC0FFF7FFBFFDE1E07FFBDFC07C4D
:10534000F3F39F3DE1E03E7BCFC000000000000092
:105350000000000000FFFFFFFFFFFFFFFFFFFFC097
:10536000FFFFFFFFFD68DB111A31C0FFFFFFFFFDEC
:105370002B5AFB6AEFC0FFFFFFFFFD4B5B3B1A336D
:10538000C0FFFFFFFFFD6B5BDB6AFDC0000060003C
:1053900000000000000000000000000000E000002D
:1053A000000000000000000000000001E00000001C
:1053B0000000000000000000000001F000000000FC
:1053C00000000000000000000003F00000000000EA
:1053D000000000000000000007F0000000000000D6
:1053E0000000000000000007F800000000000000BE
:1053F0000000000000000FF800000003C0007E0065
:105400000001E0007F0FF800000003C000FE000074
:1054100001E000FFEFF800000003C000FE00000103
:10542000E000FFFFF800000003C000F00000000FE4
:10543000007FFE7FC0000003C000F00000000F00EE
:105440003FFE7FF83FF1FBCFFCFEF3BC3DEFE01FDA
:10545000FE7FFF7FFBFFDFFEFEFFBC3DEFE01FC6D0
:10546000FFFF7FFBFFDFFEFEFFBC3DEFE00FE3C76A
:10547000FE787BC3DE1EF0FFBC3DEF0007FF87FC1C
:10548000787BC3DE1EF0F83C3DEF0001FFFFF0002B
:105490007BC3C01EF0F03C3DEF0001F37FE03FFB1B
:1054A000C3CFFEF0F03C3DEF0003E33F807FFBC342
:1054B000DFFEF0F03C3DEF0007E73C00787BC3DE09
:1054C0001EF0F03C3DEF0007FFBE00787BC3DE1E00
:1054D000F0F03C3DEF0007FFFE00787BC3DE1EF0DE
:1054E000F03C3DEF000FFFFE007FFBFFDFFEF0F022
:1054F0003FFDEFE00FFFFF007FFBFFDFFEF0F03F1F
:10550000FDEFE00FF9FF003E79F9CF9EF0F01F3D6F
:10551000E7E01FF1FF0000000000000000000000B5
:10552000001F80FF007FFFFFFFFFFFFFFFFFFFE087
:105530001C007F007FFFFFFFFEB46D888D18E00028
:10554000001F007FFFFFFFFE95AD7DB577E00000F7
:105550000F007FFFFFFFFEA5AD9D8D19E000000647
:10556000007FFFFFFFFEB5ADEDB57EE0000000005F
:10557000000000003DD6000001DD000071AB00001E
:105580002DBF000031BF0000C5CC0000C9CC000019
:10559000FDCC0000D5CC0000E9CC000005D0000017
:1055A000C5CC000039CD0000D5C300006DC200009D
:1055B000FDC10000A5CE000015CD000001CE000009
:1055C00039CF00000080C0E0F0F8FCFE00010307C6
:1055D0000F1F3F7FAED580A8D300408D2000A1C80B
:1055E000DB40A4A62EAFFFFF2200FF2100FFFFFF3C
:1055F00000000000003E5B4F5B3E3E6B4F6B3E1C6D
:105600003E7C3E1C183C7E3C181C577D571C1C5E83
:105610007F5E1C00183C1800FFE7C3E7FF0018245A
:105620001800FFE7DBE7FF30483A060E2629792904
:1056300026407F050507407F05253F5A3CE73C5A39
:105640007F3E1C1C08081C1C3E7F14227F22145F16
:105650005F005F5F06097F017F006689956A606071
:1056600060606094A2FFA29408047E040810207E6B
:10567000201008082A1C08081C2A08081E101010F0
:10568000100C1E0C1E0C30383E3830060E3E0E0636
:10569000000000000000005F000000070007001489
:1056A0007F147F14242A7F2A122313086462364948
:1056B0005620500008070300001C22410000412230
:1056C0001C002A1C7F1C2A08083E08080080703035
:1056D00000080808080800006060002010080402A4
:1056E0003E5149453E00427F4000724949494621AA
:1056F00041494D331814127F1027454545393C4A1E
:105700004949314121110907364949493646494934
:10571000291E00001400000040340000000814227C
:1057200041141414141400412214080201590906EA
:105730003E415D594E7C1211127C7F494949363EEB
:10574000414141227F4141413E7F494949417F09D1
:105750000909013E414151737F0808087F00417FDC
:1057600041002040413F017F081422417F404040DA
:10577000407F021C027F7F0408107F3E4141413E72
:105780007F090909063E4151215E7F0919294626F4
:105790004949493203017F01033F4040403F1F20F8
:1057A00040201F3F4038403F6314081463030478CF
:1057B00004036159494D43007F41414102040810EF
:1057C00020004141417F040201020440404040402A
:1057D000000307080020545478407F284444383898
:1057E00044444428384444287F385454541800080A
:1057F0007E090218A4A49C787F0804047800447DE4
:1058000040002040403D007F1028440000417F4080
:10581000007C047804787C080404783844444438D4
:10582000FC1824241818242418FC7C0804040848B4
:105830005454542404043F44243C4040207C1C2005
:1058400040201C3C4030403C44281028444C909060
:10585000907C4464544C44000836410000007700BA
:1058600000004136080002010204023C2623263CC7
:105870001EA1A161123A4040207A38545455592152
:10588000555579412254547842215554784020543A
:105890005579400C1E527212395555555939545488
:1058A000545939555454580000457C410002457DF7
:1058B000420001457C407D1211127DF0282528F020
:1058C0007C545545002054547C547C0A097F49324D
:1058D000494949323A4444443A324A4848303A41C4
:1058E00041217A3A42402078009DA0A07D3D42426D
:1058F000423D3D4040403D3C24FF2424487E4943F6
:10590000662B2FFC2F2BFF0929F620C0887E090368
:1059100020545479410000447D413048484A32388F
:105920004040227A007A0A0A727D0D19317D2629BB
:10593000292F28262929292630484D4020380808B3
:10594000080808080808382F10C8ACBA2F102834E7
:10595000FA00007B000008142A142222142A1408DA
:105960005500550055AA55AA55AAFF55FF55FF00E9
:105970000000FF00101010FF00141414FF0010109E
:10598000FF00FF1010F010F0141414FC001414F7B2
:1059900000FF0000FF00FF1414F404FC141417109F
:1059A0001F10101F101F1414141F00101010F000EF
:1059B0000000001F101010101F10101010F0100029
:1059C0000000FF101010101010101010FF10000039
:1059D00000FF140000FF00FF00001F10170000FC74
:1059E00004F414141710171414F404F40000FF0046
:1059F000F714141414141414F700F71414141714CF
:105A000010101F101F141414F4141010F010F000D4
:105A1000001F101F0000001F14000000FC140000F5
:105A2000F010F01010FF10FF141414FF14101010D9
:105A30001F00000000F010FFFFFFFFFFF0F0F0F08C
:105A4000F0FFFFFF0000000000FFFF0F0F0F0F0F20
:105A50003844443844FC4A4A4A347E02020606026C
:105A60007E027E0263554941633844443C04407ED3
:105A7000201E2006027E020299A5E7A5991C2A494C
:105A80002A1C4C7201724C304A4D4D3030487848D7
:105A900030BC625A463D3E494949007E0101017EC3
:105AA0002A2A2A2A2A44445F444440514A44404016
:105AB000444A51400000FF0103E080FF0000080855
:105AC0006B6B083612362436060F090F06000018D5
:105AD000180000001010003040FF0101001F0101FC
:105AE0001E00191D1712003C3C3C3C000000000049
:105AF00000000000000000003DD6000001DD0000B5
:105B000071AB00002DBF000015E40000C5CC000003
:105B1000C9CC0000FDCC0000D5CC0000E9CC0000D1
:105B200005D00000C5CC000039CD000035CD000007
:105B300055CD0000ADCD0000A5CE000015CD000074
:105B400001CE000039CF000000FFFFFF0000000081
:105B50000000000009D800002DD80000BDD80000CA
:105B6000B9D80000B5D80000B1D80000ADD8000009
:105B7000D1D700008DD8000089D8000081D800005E
:105B800079D8000071D8000061D8000051D8000019
:105B90004DD8000045D800003DD80000E1D80000F5
:105BA00001D9000021D90000C1D8000015D800009B
:105BB000FDD70000000000000000000079D90000BF
:105BC0009DD900002DDA000029DA000025DA000056
:105BD00021DA00001DDA000041D90000FDD90000E3
:105BE000F9D90000F1D90000E9D90000E1D900009D
:105BF000D1D90000C1D90000BDD90000B5D900003D
:105C0000ADD9000051DA000071DA000091DA00002D
:105C100031DA000085D900006DD90000B5DA000046
:105C2000B9DA0000BDDA0000C1DA0000050E08098B
:105C30000D0C06070F0400130393050E08090D0C45
:105C400006070F04FFFFC585848687C4FFFF001386
:105C500003931A9217FFFFFF6FF07F03037003781F
:105C600013F0800FFBD07047080000000C0000000C
:105C70000A000000090000000B0000004008FE437D
:105C800040A004404408FE4344A004400018FE43E2
:105C900000C004403000FE43309004403400FE4316
:105CA000349004401C18FE431CC004401018FE43EE
:105CB00010C004400818FE4308C004400C18FE43FE
:105CC0000CC004400C10FE430CB004401010FE4306
:105CD00010B004401810FE4318B004401C10FE43DE
:105CE0001CB004401410FE4314B004400418FE43DA
:105CF00004C004400010FE4300B004400008FE430E
:105D000000A004400408FE4304A004400C08FE4325
:105D10000CA004400808FE4308A004401418FE43E9
:105D200014C004401818FE4318C004400410FE4379
:105D300004B004400810FE4308B004401400FE43C1
:105D4000149004404C08FE434CA004400420FE4341
:105D500004D004402410FE4324B004402010FE432D
:105D600020B004402810FE4328B004402C10FE430D
:105D70002CB004400020FE4300D004404808FE43FD
:105D800048A004401000FE4310900440090AFFFFA1
:105D9000FFFFFFFFFFFFFFFFFFFFFF0D00060807EC
:105DA000FFFF0E0FFF0CFFFFFFFFFFFF0B05FFFFC5
:105DB00000010000B092FF1F12000000000200006E
:105DC0001892FF1F9500000005030904E092FF1FD1
:105DD0000000000000030000C492FF1F000000004C
:105DE00001030904C892FF1F000000000203090418
:105DF000408FFF1F0000000003030904F092FF1F03
:105E00000000000000000000000000000000000092
:105E10001519151519FFFFFF0000003F000000BF16
:105E20008071313F807131BFD1F71737D1F717B784
:105E3000F8B500BFF8BC08BC9E4670476526010057
:105E400035040000414D00000D790000DDA7000081
:045E5000C9DC0000A9
:045E5400F8B500BFDE
:085E5800B8B3FF7F0100000058
:105E600038B50A4B0A4DD3F8A040C3F8A04005E06E
:105E700055F823309847631E1C4005D094FAA4F3CC
:105E8000B3FA83F3002CF3D138BD00BF00D0044037
:105E9000DC91FF1F38B50A4B0A4DD3F8A040C3F878
:105EA000A04005E055F823309847631E1C4005D0FC
:105EB00094FAA4F3B3FA83F3002CF3D138BD00BFF6
:105EC00000C00440BC91FF1F38B50A4B0A4DD3F8FF
:105ED000A040C3F8A04005E055F823309847631E62
:105EE0001C4005D094FAA4F3B3FA83F3002CF3D149
:105EF00038BD00BF00B004408C91FF1F38B50A4B7D
:105F00000A4DD3F8A040C3F8A04005E055F823306F
:105F10009847631E1C4005D094FAA4F3B3FA83F3A8
:105F2000002CF3D138BD00BF00A004403C91FF1FFE
:105F300038B50A4B0A4DD3F8A040C3F8A04005E09D
:105F400055F823309847631E1C4005D094FAA4F3FB
:105F5000B3FA83F3002CF3D138BD00BF00900440A6
:105F60000491FF1F0000000001000600000102076D
:105F70000B0102070B4A14030000F0411E00000051
:105F800000200000002000000020000000100000A1
:105F9000AB0A00000008000066060000550500007E
:105FA00092040000000400008E0300003303000090
:105FB000E8020000AB02000000200000002000000A
:105FC000FBFFFFFF000000000000000000000000D9
:105FD00000000000000000000000000000000000C1
:105FE000000000002400000014050000060002006C
:105FF000020002000C000C00FFFFFFFF98350100BB
:10600000E0350100C8350100F8350100B035010068
:10601000803501000100040024420100E844010031
:10602000C44D01000042010070440100844E010093
:106030004C44010070410100E84D01005C4001004A
:10604000243F0100984301001C410100544E01000F
:10605000F04501009C4C01005C4C0100A84E010081
:106060006C42010078450100F04701004842010000
:10607000CC4E01009C45010030450100F03F01007D
:10608000CC45010054450100744301005043010018
:10609000FC42010014400100DC410100D440010039
:1060A000684C0100904201000C450100543F010082
:1060B000B04001008C400100B8410100A047010040
:1060C00034470100A83F0100304E01006441010047
:1060D000483F010080400100183F0100783F010067
:1060E000784E0100004D0100BC430100E043010077
:1060F0000444010028440100584D010014460100E9
:10610000384601005C460100804601007C4D0100DC
:10611000A4460100C8460100EC46010010470100FA
:10612000144C0100843F0100CC3F010020430100DA
:10613000F8400100D8420100B4420100244D0100A2
:10614000404101004C4101005841010094440100CC
:106150009441010038400100B8440100384C01006E
:10616000A04D01000C4E01007C4701005847010082
:1061700016034E00750045005600490020004D00F2
:106180004900440049000000B05001000000000038
:10619000E803000000000000006006408850010095
:1061A00000000000000000000000000000000000EF
:1061B00000000000000000000000000000000000DF
:1061C00000000000000000000000000000000000CF
:1061D00000000000000000000000000000000000BF
:1061E00000000000000000000000000000000000AF
:1061F000000000000000000000000000000000009F
:10620000000000000000000000000000000000008E
:10621000000000000000000000000000000000007E
:10622000000000000000000000000000000000006E
:10623000000000000000000000000000000000005E
:1062400000000000B050010000000000E803000062
:1062500000000000007006406850010000000000CF
:10626000000000000000000000000000000000002E
:10627000000000000000000000000000000000001E
:10628000000000000000000000000000000000000E
:1062900000000000000000000000000000000000FE
:1062A00000000000000000000000000000000000EE
:1062B00000000000000000000000000000000000DE
:1062C00000000000000000000000000000000000CE
:1062D00000000000000000000000000000000000BE
:1062E00000000000000000000000000000000000AE
:1062F000000000000000000000000000000000009E
:10630000545B010000000000E803000000000000F2
:106310005DFC0000BC5B010000000000E803000021
:106320000000000061FC00000A0400008CA3FF1FB5
:1063300008000000C1E40000C1E40000C1E4000066
:10634000C1E40000C1E40000C1E40000C1E40000B9
:10635000C1E40000C1E40000C1E40000C1E40000A9
:10636000C1E40000C1E40000C1E40000C1E4000099
:10637000C1E40000C1E40000C1E40000C1E4000089
:10638000C1E40000C1E40000C1E40000C1E4000079
:10639000C1E40000C1E40000C1E40000C1E4000069
:1063A000C1E40000C1E40000C1E40000C1E4000059
:1063B000C1E40000C1E40000C1E40000C1E4000049
:1063C000C1E40000C1E40000C1E40000C1E4000039
:1063D000C1E40000C1E40000C1E40000C1E4000029
:1063E000C1E40000C1E40000C1E40000C1E4000019
:1063F000C1E40000C1E40000C1E40000C1E4000009
:10640000C1E40000C1E40000C1E40000C1E40000F8
:10641000C1E40000280000001A0000004000000055
:1064200009000000280000000A0000002800000009
:106430001A000000400000002800000008010100D0
:10644000FFFFFFFF0100000009029500030100C0EB
:1064500032080B00020202010009040000010202DE
:106460000100052400100105240101010424020695
:1064700005240600010705810310004009040100FE
:10648000020A00000007050202400000070583021F
:10649000400000090402000201030000072401007B
:1064A0000125000624020101050624020202050955
:1064B000240301030102010509240302040101016F
:1064C000050905050240000000000525010101093C
:1064D00005840240000000000525010103000000C2
:1064E0001201100100000040C0168904750201026B
:1064F000030100000403090418035400650065004B
:106500006E00730079006400750069006E006F0012
:106510000E0350006F007200740020003100000074
:106520000C0300000000000000000000000000005C
:10653000000000000000000000000000000000005B
:106540000893FF1F0893FF1F1093FF1F1093FF1F57
:106550001893FF1F1893FF1F2093FF1F2093FF1F07
:106560002893FF1F2893FF1F3093FF1F3093FF1FB7
:106570003893FF1F3893FF1F4093FF1F4093FF1F67
:106580004893FF1F4893FF1F5093FF1F5093FF1F17
:106590005893FF1F5893FF1F6093FF1F6093FF1FC7
:1065A0006893FF1F6893FF1F7093FF1F7093FF1F77
:1065B0007893FF1F7893FF1F8093FF1F8093FF1F27
:1065C0008893FF1F8893FF1F9093FF1F9093FF1FD7
:1065D0009893FF1F9893FF1FA093FF1FA093FF1F87
:1065E000A893FF1FA893FF1FB093FF1FB093FF1F37
:1065F000B893FF1FB893FF1FC093FF1FC093FF1FE7
:10660000C893FF1FC893FF1FD093FF1FD093FF1F96
:10661000D893FF1FD893FF1FE093FF1FE093FF1F46
:10662000E893FF1FE893FF1FF093FF1FF093FF1FF6
:10663000F893FF1FF893FF1F0094FF1F0094FF1FA4
:106640000894FF1F0894FF1F1094FF1F1094FF1F52
:106650001894FF1F1894FF1F2094FF1F2094FF1F02
:106660002894FF1F2894FF1F3094FF1F3094FF1FB2
:106670003894FF1F3894FF1F4094FF1F4094FF1F62
:106680004894FF1F4894FF1F5094FF1F5094FF1F12
:106690005894FF1F5894FF1F6094FF1F6094FF1FC2
:1066A0006894FF1F6894FF1F7094FF1F7094FF1F72
:1066B0007894FF1F7894FF1F8094FF1F8094FF1F22
:1066C0008894FF1F8894FF1F9094FF1F9094FF1FD2
:1066D0009894FF1F9894FF1FA094FF1FA094FF1F82
:1066E000A894FF1FA894FF1FB094FF1FB094FF1F32
:1066F000B894FF1FB894FF1FC094FF1FC094FF1FE2
:10670000C894FF1FC894FF1FD094FF1FD094FF1F91
:10671000D894FF1FD894FF1FE094FF1FE094FF1F41
:10672000E894FF1FE894FF1FF094FF1FF094FF1FF1
:10673000F894FF1FF894FF1F0095FF1F0095FF1F9F
:106740000895FF1F0895FF1F1095FF1F1095FF1F4D
:106750001895FF1F1895FF1F2095FF1F2095FF1FFD
:106760002895FF1F2895FF1F3095FF1F3095FF1FAD
:106770003895FF1F3895FF1F4095FF1F4095FF1F5D
:106780004895FF1F4895FF1F5095FF1F5095FF1F0D
:106790005895FF1F5895FF1F6095FF1F6095FF1FBD
:1067A0006895FF1F6895FF1F7095FF1F7095FF1F6D
:1067B0007895FF1F7895FF1F8095FF1F8095FF1F1D
:1067C0008895FF1F8895FF1F9095FF1F9095FF1FCD
:1067D0009895FF1F9895FF1FA095FF1FA095FF1F7D
:1067E000A895FF1FA895FF1FB095FF1FB095FF1F2D
:1067F000B895FF1FB895FF1FC095FF1FC095FF1FDD
:10680000C895FF1FC895FF1FD095FF1FD095FF1F8C
:10681000D895FF1FD895FF1FE095FF1FE095FF1F3C
:10682000E895FF1FE895FF1FF095FF1FF095FF1FEC
:10683000F895FF1FF895FF1F0096FF1F0096FF1F9A
:106840000896FF1F0896FF1F1096FF1F1096FF1F48
:106850001896FF1F1896FF1F2096FF1F2096FF1FF8
:106860002896FF1F2896FF1F3096FF1F3096FF1FA8
:106870003896FF1F3896FF1F4096FF1F4096FF1F58
:106880004896FF1F4896FF1F5096FF1F5096FF1F08
:106890005896FF1F5896FF1F6096FF1F6096FF1FB8
:1068A0006896FF1F6896FF1F7096FF1F7096FF1F68
:1068B0007896FF1F7896FF1F8096FF1F8096FF1F18
:1068C0008896FF1F8896FF1F9096FF1F9096FF1FC8
:1068D0009896FF1F9896FF1FA096FF1FA096FF1F78
:1068E000A896FF1FA896FF1FB096FF1FB096FF1F28
:1068F000B896FF1FB896FF1FC096FF1FC096FF1FD8
:10690000C896FF1FC896FF1FD096FF1FD096FF1F87
:10691000D896FF1FD896FF1FE096FF1FE096FF1F37
:10692000E896FF1FE896FF1FF096FF1FF096FF1FE7
:10693000F896FF1FF896FF1F0097FF1F0097FF1F95
:10694000FFFFFFFF0000020000000000B4A0FF1FD7
:106950001CA1FF1F84A1FF1F000000000000000019
:106960000000000000000000000000000000000027
:106970000000000000000000000000000000000017
:106980000000000000000000000000000000000007
:1069900000000000000000000000000000000000F7
:1069A00000000000000000000000000000000000E7
:1069B00000000000000000000000000000000000D7
:1069C00000000000000000000000000000000000C7
:1069D00000000000000000000000000000000000B7
:1069E00001000000000000000E33CDAB34126DE654
:1069F000ECDE05000B0000000000000000000000BD
:106A00000000000000000000000000000000000086
:106A10000000000000000000000000000000000076
:106A20000000000000000000000000000000000066
:106A30000000000000000000000000000000000056
:106A40000000000000000000000000000000000046
:106A50000000000000000000000000000000000036
:106A600000000000000000001897FF1FF0A1FF1FAA
:00000001FF
