:1000000000800020BD01000019EA0000D5E90000D1
:10001000D5E90000D5E90000D5E90000D5E90000E8
:10002000D5E90000D5E90000D5E9000019EA000093
:1000300019EA0000D5E9000005DE000009DE000035
:1000400019EA000019EA000019EA000019EA0000A4
:1000500019EA000019EA000019EA000019EA000094
:1000600019EA000019EA000019EA000019EA000084
:1000700019EA000019EA000019EA000019EA000074
:1000800019EA000019EA000019EA000019EA000064
:1000900019EA000019EA000019EA000019EA000054
:1000A000DDB80000E9B8000019EA000019EA000014
:1000B00019EA000019EA000019EA000019EA000034
:1000C00019EA000019EA000019EA000019EA000024
:1000D00019EA000019EA000019EA000019EA000014
:1000E00019EA000019EA000019EA000019EA000004
:1000F00019EA000019EA000019EA0000DDF9000021
:1001000019EA00002501010019EA000019EA0000BF
:1001100019EA000019EA000019EA000019EA0000D3
:1001200019EA000019EA000019EA000019EA0000C3
:1001300019EA000019EA000019EA000019EA0000B3
:1001400019EA000019EA000019EA000019EA0000A3
:10015000A1E20000BDE20000D9E20000F5E20000EB
:1001600019EA0000A104010019EA000019EA0000E0
:1001700019EA000019EA000019EA000019EA000073
:1001800019EA000019EA000019EA000019EA000063
:1001900019EA000019EA000019EA000019EA000053
:1001A00019EA000019EA000019EA000019EA000043
:1001B00019EA000019EA000019EA0000574B4CF256
:1001C000205210B5DA814DF62812DA8100BF00BF47
:1001D0000EF026FC524B4FF010621A63514A9A639C
:1001E000514ADA63514A136913F4807303D153619E
:1001F0004FF4A85313614E4B9A78110703D59A78A0
:1002000042F008029A704B4B4B482A221A704B4B13
:10021000DA1C121AC11E22F00302994288BF002282
:1002200047490EF003FB474B4748DA1C121AC11E20
:1002300022F00302994288BF0022002112F072FBD3
:10024000424943484FF4DE720EF0F0FA414B424A05
:10025000802103F8011B9342FBD14FF0E0233C4A7D
:10026000C3F8082D3D4B8A221A70A3F5805324222F
:100270005A70A0221A709A799207FCD59A79D406FE
:10028000FCD4374B9A7902F00C02082AFAD10322E7
:100290001A7140225A719A799006FCD5304A9379A6
:1002A0005906FCD51E4B2F4959640221996420211F
:1002B0001170917901F00C010C29FAD12A4A5A6087
:1002C0004FF0E023294A5A6100229A6107221A61FD
:1002D000274AC3F8202D62B60EF0FEFC134B5B6973
:1002E000DA0705D523480EF0EBFC234B234ADA61ED
:1002F000234B1B785B0609D51F4C204BE2699A42C1
:1003000004D11C480EF0DCFC0023E3610EF08EFBF0
:1003100012F0EAFB0EF082FAFEE700BF0020054073
:1003200000800440823F04000100002B00D0034005
:1003300000D0074000E00740308CFF1FF898FF1FF7
:10034000BC6401006CA4FF1FF898FF1F00000000B0
:100350000082FF1F00E400E05FE400E00050064080
:100360000040064000000301C0100500FF760100B8
:10037000000020206114CE6700E00340A5C3945A1A
:1003800000F00740FFFFFFFFFFFFFFFFFFFFFFFF42
:10039000FFFFFFFFFFFFFFFFFFFFFFFFFFFFFFFF6D
:1003A000FFFFFFFFFFFFFFFFFFFFFFFFFFFFFFFF5D
:1003B000FFFFFFFFFFFFFFFFFFFFFFFFFFFFFFFF4D
:1003C000FFFFFFFFFFFFFFFFFFFFFFFFFFFFFFFF3D
:1003D000FFFFFFFFFFFFFFFFFFFFFFFFFFFFFFFF2D
:1003E000FFFFFFFFFFFFFFFFFFFFFFFFFFFFFFFF1D
:1003F000FFFFFFFFFFFFFFFFFFFFFFFFFFFFFFFF0D
:10040000FFFFFFFFFFFFFFFFFFFFFFFFDEF9FFFF23
:100410000548064B1B1AD90F01EBA301491002D066
:10042000034B03B118477047F898FF1FF898FF1F58
:100430000000000008B5054B1BB105490548AFF3A6
:100440000080BDE80840FFF7E3BF00BF00000000E8
:10045000F898FF1FB464010038B5044608462070C0
:100460000A4910461D4611F00BFB01464FF07E5025
:1004700011F0BAFB064911F003FBE56060602561ED
:1004800065610EF075FEE061204638BDDB0FC940A6
:100490000024744938B50446084620700A491046BD
:1004A0001D4611F0EDFA01464FF07E5011F09CFB15
:1004B000064911F0E5FAE5606060256165610EF0BE
:1004C00057FEE06138BD00BFDB0FC940002474490E
:1004D000037810B50446032B21D8DFE803F0191E7A
:1004E0001102C168406911F0C1F90E490346606804
:1004F0001C4611F079FB0146204611F075FB10BD3A
:100500000849406811F070FBE16811F0B9FA10BDBC
:10051000C168406911F0AAF910BDC06810BD002083
:1005200010BD00BF00247449F8B504460E460EF015
:100530001FFEE3690546C01A11F04EFAE768A06194
:100540000146E56160686661276111F04DFB014677
:10055000A0600E4811F048FB11F006F80546014670
:100560004FF07E5011F082F9314611F089FA294698
:100570000646384611F084FA0146304611F078F903
:10058000E0602046BDE8F840FFF7A2BF000080BF52
:10059000036818470B680360704700BF0B6803606F
:1005A000704700BF704700BF10B504460DF02CFE29
:1005B000204610BDF8B5044606981D460F46561A4B
:1005C00011F024FC401BF6B1A4EB070C002800FB43
:1005D0000CFC06EBD6730ADB0CEB630C0CFB06F38E
:1005E000002B9CFBF6FC0CEB050011DBF8BDACEB23
:1005F000630C0CFB06F3002B9CFBF6FC0CEB0500DC
:10060000F4DB0130F8BD00EBD07005EB6000F8BD05
:100610000138F8BDBDF800C0521AACEB030C1CD079
:10062000401ABCF1000F0CFB00F002EBD27109DBA9
:1006300000EB610000FB02F1002990FBF2F018448E
:1006400010DB7047A0EB610000FB02F1002990FB7A
:10065000F2F01844F5DB013070470CEBDC7C03EB67
:100660006C00704701387047DDF800C0521AACEBDF
:10067000030C1CD0401ABCF1000F0CFB00F002EB85
:10068000D27109DB00EB610000FB02F1002990FB55
:10069000F2F0184410DB7047A0EB610000FB02F1A0
:1006A000002990FBF2F01844F5DB013070470CEBA9
:1006B000DC7C03EB6C0070470138704738B50B8861
:1006C000182B0D46044607D1294B1B7805EB430533
:1006D0006B88182B14D138BD0344A3F118007F2870
:1006E00023DD244A973BA2FB0312D20802EB42020D
:1006F000A3EB820303F17300C0B208F0A7FDE3E7A8
:100700001C44A4F118007F281EDD1A4B973CA3FB64
:100710000423DB0803EB4303A4EB830404F173001D
:10072000BDE83840C0B208F091BD0028E4DA114AB3
:10073000C3F11803A2FB0312D20802EB4202A3EB9F
:100740008203C3F10C00D7E70028E9DA094BC4F1B2
:100750001804A3FB0423DB0803EB4303A4EB83048B
:10076000C4F10C00C0B2BDE8384008F06FBD00BF56
:10077000BF8DFF1FABAAAAAA38B50C46054634F8B0
:10078000023B182B1DD134480378013303F00302D8
:100790000270134634F81220182A28D14FF0040CA6
:1007A000591C032BCAB215BF1346224604EB420262
:1007B000002303701288182A19D1BCF1010CEFD163
:1007C00038BD0344A3F118007F2827DD234A973B57
:1007D000A2FB0312D20802EB4202A3EB820303F155
:1007E00073001F4BC0B2197808F0F2FCCBE7154438
:1007F000A5F118007F2820DD184B973DA3FB0523AA
:10080000DB0803EB4303A5EB830505F17300144BF1
:10081000C0B21978BDE8384008F0DABC0028E0DA48
:100820000E4AC3F11803A2FB0312D20802EB4202E4
:10083000A3EB8203C3F10C00D3E70028E7DA074BF0
:10084000C5F11805A3FB0523DB0803EB4303A5EB68
:100850008305C5F10C00DAE7BF8DFF1FABAAAAAA7A
:100860001A9CFF1F38B50E202B4D0DF0D1FE2988A4
:100870002A4B81421B88044633DD5B1A0A4636D078
:10088000521AC2EB023203EBD37102EB610292FB0C
:10089000F3F102FB03F3002B3ADB14200EF06EFAA7
:1008A0001F4B1B889BBB2A88A24223DC40F6FF73A8
:1008B0009C42A8BF1C46C2F57F630F3303B3A11A45
:1008C000C1EB013103EBD37201EB620101FB03F2D7
:1008D000002A91FBF3F11DDBBDE8384028200EF023
:1008E0004DBA83421A46A8BF02465B1AC8D140F2ED
:1008F000FF71D2E7C2F57F630F331446002BDED1C0
:10090000BDE8384040F2FF7128200EF037BA38BDFC
:100910000139C2E70139DFE7569AFF1F549AFF1FDA
:10092000949AFF1FF8B5724B724C1B88C31A054688
:1009300084FB0304D817C0EB640000EB4000A3EB7A
:10094000800303EB4303980001EB83040858284419
:10095000AAB17F285CDD684B7F38A3FB0023DB084E
:1009600003EB4303A0EB83007330644F644E39788C
:10097000C0B208F02DFC3388022B57D8F8BD7F2871
:1009800038DD5D4B7F38A3FB0023DB0803EB43031B
:10099000A0EB830073305A4EC0B208F057FC338886
:1009A000022BEBD9606828447F2840F39280524B99
:1009B0007F38A3FB0023DB0803EB4303A0EB83009A
:1009C0007330C0B208F042FC3388032BD6D9A0683C
:1009D00028447F286FDD484B7F38A3FB0023DB08CA
:1009E00003EB4303A0EB83007330BDE8F840C0B2D3
:1009F00008F02CBC0028CEDA3F4B4042A3FB00237A
:100A0000DB0803EB4303A0EB8300C0F10C00C2E75B
:100A10000028AADA384B4042A3FB0023DB0803EB93
:100A20004303A0EB8300C0F10C009EE760682844FC
:100A30007F2832DD304B7F38A3FB0023DB0803EB3C
:100A40004303A0EB830073303978C0B208F0C0FBD9
:100A50003388032B92D9A06828447F280FDD264BCA
:100A60007F38A3FB0023DB0803EB4303A0EB8300E9
:100A700073303978C0B2BDE8F84008F0A9BB00284F
:100A8000F7DA1D4B4042A3FB0023DB0803EB4303D3
:100A9000A0EB8300C0F10C00EBE70028D4DA164B82
:100AA0004042A3FB0023DB0803EB4303A0EB8300DE
:100AB000C0F10C00C8E7002897DA0F4B4042A3FBB7
:100AC0000023DB0803EB4303A0EB8300C0F10C0021
:100AD0008BE70028BFF675AF074B4042A3FB00230E
:100AE000DB0803EB4303A0EB8300C0F10C0068E7D5
:100AF000049BFF1FABAAAA2AABAAAAAA1A9CFF1F93
:100B0000069BFF1F08B51A4B1B7833B315200DF059
:100B10007FFD184B184A1B781060DBB1174B1B8800
:100B200083421EDC164A1288D11A1ED08242D4BFDC
:100B3000C3EB0203C3EB0003A3EB830301EBD1720E
:100B4000A3EB620303FB01F2002A93FBF1F3B4BFB2
:100B5000043305330B4A136008BD11200FF0A6FBC8
:100B6000D7E7084A0023136008BD0323F2E700BF5C
:100B7000149AFF1FE49AFF1F189AFF1FAA9BFF1FDA
:100B8000A89BFF1FE89AFF1F2DE9F843974B1B888E
:100B9000013B0446092B3CD8DFE803F00A10161C81
:100BA00022282E3D4205BDE8F8439149FFF786BD56
:100BB000BDE8F8438F490022FFF7B4BEBDE8F84313
:100BC0008D490022FFF7AEBEBDE8F8438B490022F5
:100BD000FFF7A8BEBDE8F84389490022FFF7A2BE8F
:100BE000BDE8F84387490022FFF79CBEBDE8F84303
:100BF00085490022FFF796BE844D854E2B88A3B110
:100C000084493288098803318A420EDC1344022B5E
:100C100048DCBDE8F883BDE8F8437F49FFF74EBDE7
:100C2000BDE8F8437D49FFF749BD7D4A7D491288FB
:100C30007D4FA21A81FB021C7C49D0170988C0EBAA
:100C40006C0000EB4000A2EB800201EBC101090146
:100C500002EB420201EB8202A3EB8303B85820446B
:100C600000EB83007F2812DC00280ADA704B404238
:100C7000A3FB0023DB0803EB4303A0EB8300C0F1DD
:100C80000C00C0B208F0E2FA32882B88BEE7684B4D
:100C90007F38A3FB0023DB0803EB4303A0EB8300B7
:100CA0007330EEE7DFF878915E49B9F80030DFF88D
:100CB0007C815D4FE31A81FB0321DA17C2EB6102ED
:100CC00002EB4202A3EB820303EB4302B8F80030CD
:100CD00003EBC3031B0103EB82033B44586820442E
:100CE0007F2858DD524B7F38A3FB0023DB0803EB42
:100CF0004303A0EB83007330C0B208F0A7FA338837
:100D00002A881344032B84DDB9F800304548B8F82D
:100D10000020E31A80FB0310D917C1EB600101EB3F
:100D2000410102EBC202A3EB8103120103EB430377
:100D300002EB83031F44B86820447F2839DD3C4B15
:100D40007F38A3FB0023DB0803EB4303A0EB830006
:100D50007330C0B208F07AFA33882A881344042B1F
:100D60007FF757AF2B4B1B88012B7FF452AFA4F1B9
:100D70000C037F2B2BDD2E4AA4F18B03A2FB031265
:100D8000D20802EB4202A3EB82037333D8B2BDE870
:100D9000F84308F05BBA0028AEDA254B4042A3FBCB
:100DA0000023DB0803EB4303A0EB8300C0F10C003E
:100DB000A2E70028CDDA1E4B4042A3FB0023DB084C
:100DC00003EB4303A0EB8300C0F10C00C1E7002B51
:100DD000DCDA174AC4F10C03A2FB0312D20802EBBF
:100DE0004202A3EB8203C3F10C03CFE7A09BFF1FDA
:100DF000DC9BFF1FE030010050300100A82F0100F4
:100E0000303A0100A0390100C03A0100CE9AFF1F1C
:100E1000069BFF1FD09AFF1FC49BFF1FD09BFF1F85
:100E2000049BFF1FABAAAA2A38370100D29AFF1FE2
:100E3000ABAAAAAA2DE9F843964B1B88013B0446AE
:100E4000092B3CD8DFE803F00A10161C22282E3D9F
:100E50004205BDE8F8439049FFF78EBCBDE8F84372
:100E60008E490122FFF75EBDBDE8F8438C4901229F
:100E7000FFF758BDBDE8F8438A490122FFF752BD8C
:100E8000BDE8F84388490122FFF74CBDBDE8F843AF
:100E900086490122FFF746BDBDE8F8438449012297
:100EA000FFF740BD834A844B12881988551891B1C9
:100EB000824B1B8803339A420DDC022D48DCBDE8CF
:100EC000F883BDE8F8437E49FFF756BCBDE8F84318
:100ED0007C49FFF751BC7C4B7C4F1B887C4EE31A4E
:100EE00087FB03277B4AD8171288C0EB670000EB0B
:100EF0004000A3EB800302EBC202120103EB4303A9
:100F000002EB8303A1EB8101F058204400EB810048
:100F10007F2812DC00280ADA6F4B4042A3FB002333
:100F2000DB0803EB4303A0EB8300C0F10C006B4B29
:100F3000C0B2197808F04CF9BFE7674B7F38A3FBC4
:100F40000023DB0803EB4303A0EB83007330EEE7E1
:100F5000DFF874915D49B9F80030DFF878815C4EB4
:100F6000E31A81FB0321DA17C2EB610202EB4202B2
:100F7000A3EB820303EB4302B8F8003003EBC30397
:100F80001B0103EB82033344586820447F2856DD5D
:100F9000514B7F38A3FB0023DB0803EB4303A0EB9B
:100FA000830073304D4FC0B2397808F011F9032D2A
:100FB00085D0B9F800304548B8F80020E31A80FB26
:100FC0000310D917C1EB600101EB410102EBC20232
:100FD000A3EB8103120103EB430302EB83031E44E3
:100FE000B06820447F2838DD3B4B7F38A3FB0023CB
:100FF000DB0803EB4303A0EB830073303978C0B206
:1010000008F0E6F8042D3FF45AAF2C4B1B88012B57
:101010007FF455AFA4F10C037F2B2CDD2E4AA4F1F5
:101020008B03A2FB0312D20802EB4202A3EB820362
:1010300073333978D8B2BDE8F84308F0C9B800284E
:10104000B0DA254B4042A3FB0023DB0803EB43034C
:10105000A0EB8300C0F10C00A4E70028CEDA1E4B01
:101060004042A3FB0023DB0803EB4303A0EB830018
:10107000C0F10C00C2E7002BDBDA174AC4F10C0305
:10108000A2FB0312D20802EB4202A3EB8203C3F1DC
:101090000C03CEE7A09BFF1FDC9BFF1FE03001008D
:1010A00050300100A82F0100303A0100A0390100A2
:1010B000C03A0100069BFF1FCE9AFF1FD09AFF1F68
:1010C000C49BFF1FD09BFF1F049BFF1FABAAAA2A34
:1010D00038370100D29AFF1FABAAAAAA1A9CFF1F99
:1010E00010B50C8884422DD203F10043013B31F846
:1010F0001340844223D9B1F802C0844538BF01238C
:1011000024D20133DBB29E4631F813C060454FEA6A
:101110004304F6D8604517D00EF1004E0EF1FF3EA5
:10112000135B31F81E1032F81E20401A9B1A03FB85
:1011300000F0ACEB010C90FBFCF0104410BD32F859
:10114000130010BD108810BD105B10BD02244FF0BD
:10115000010EDFE7204B1B880C2B30D81F4982B2D1
:1011600030B551F8235042B343F6FE739A4227D864
:10117000B2F5806F29D31A4C01230133DBB2194633
:1011800034F813E072454FEA430CF6D8724519D093
:1011900001F100410139124B35F8114033F811309B
:1011A00035F80C2080B2C01A121B00FB02F2AEEB25
:1011B000030392FBF3F3181930BD288830BD704744
:1011C000288C30BD35F80C0030BD40F2FF3E4FF0AA
:1011D000020C0121DAE700BF749AFF1F743B010083
:1011E000503B01002DE9F0435C4B83B0186810F0D0
:1011F000F3FB5B4B0446188810F0EAFB01462046DF
:1012000010F03EFC574910F0EFFC10F0FFFD564B7C
:101210001A88002A73D04042544B55491B680C88E9
:10122000544A9C42168825465CDCB342A8BF33462C
:101230001844A0425ADA504B1C60B542A8BF35464C
:10124000331B6BD0281B03EBD372C0EB803000EB59
:10125000620000FB03F2002A90FBF3F07BDBFFF758
:1012600079FF464B1F88464BC0F3C61909FB07F7A9
:101270001B887F2F8046A8BF7F273BB10093324653
:10128000002321462846FFF7C5F903463D4A3E4C58
:10129000136023684B4509D03C4B1B88002B4DD174
:1012A0003B4B1B88002B45D1C4F80090394C236878
:1012B000434506D0354B1B885A1F032A31D9C4F841
:1012C0000080354C23689F4209D0344B188828B1E0
:1012D0002E4B334A1B88D35C834237D1276003B03F
:1012E000BDE8F08323461844A042A4DBB042A8BF67
:1012F0003046214BA0421860A2DB05469DE7294BF2
:101300001B68032B88D0194B19481B68048819499E
:10131000A3420E88254617DA2046E7E741F6FF701C
:101320009DE71F4AD05C203008F07F01C0B207F073
:1013300011FFC4E7484607F0C1FFB5E7184A494620
:10134000D05C07F007FFABE710466EE7F9B2C0B21A
:1013500007F000FFC2E7013881E700BF249CFF1FB0
:10136000748EFF1F000020421C9CFF1FB09BFF1FBC
:10137000569AFF1F549AFF1F509AFF1F2A9AFF1F69
:101380001E9AFF1F209AFF1F5C9BFF1F269AFF1FBC
:10139000249AFF1F649BFF1F609BFF1F289AFF1F5B
:1013A000B48DFF1F4C9BFF1F2DE9F04F01208DB026
:1013B0000EF07CFFAB4A0346002013600EF076FF70
:1013C000A94BAA4A1B8810600C2B00F08B80A84AFE
:1013D00000211F2B117040F08C80A64BA6491B7872
:1013E000A648A74A0891003B18BF012303700B8849
:1013F000069052F82380A34BA3491A88A34BA44814
:101400001B880988013A013B30F912200992A14A50
:10141000072932F9134000F243826FF0D2030B41E7
:10142000DB0700F13D829C4B1B78002B00F07182A2
:1014300015200DF0EDF80546984B04931E68AE425A
:1014400040F33B82964B974A1B88DFF85C920792E9
:10145000012B964B1F8813684046A3EB040400F051
:101460000C8310F0B9FA59F8271010F009FB014667
:10147000002010F0FBF9A5428D4F00904FF00003C3
:1014800028463146B8BF20462246FFF793F83B680E
:10149000184400EBD070874B059340103860864BA2
:1014A0001B88072B07D86FF0D20A4AFA03FA1AF002
:1014B000010A00F08F81DFF80492814BD7F800A079
:1014C000D9F80040DFF8FCB1039300267E4B1B885F
:1014D000013B032B00F22C83DFE813F058013401A9
:1014E00010011700634B1B78002B40F04B82604AC1
:1014F0001370624B604A06931946002308920B70E2
:1015000012885F4B53F8228075E7204610F064FA8A
:101510006E4910F0B5FA0446304610F05DFA6C4999
:1015200010F0AEFA0146204610F0A2F910F06EFC61
:10153000079EC9F800000446306810F04DFA634970
:1015400010F09EFA034628461D4610F045FA604901
:1015500010F096FA0146284610F08AF910F056FC71
:101560003060404B5B4D19685B4B2D881A885B4B94
:101570005B4E1B88DDF80CC03688A71A2244049CF9
:10158000CBF80020C21A2260059ACCF80070034400
:101590008D42136000F38F818E423046A8BF08460B
:1015A000324B1B689D4200F384819E423446A8BFA3
:1015B0001C468D42C0F257819D42C0F25481494D74
:1015C000286810F009FA414910F05AFA464910F01B
:1015D0004FF910F01BFCA0F5FF531C3B082B2860B3
:1015E00001D84FF4005043F6FF768244B24550468E
:1015F000A8BF304620EAE070286010F0EDF9069BA5
:101600000546187808FB00F010F0E6F94FF07A5123
:1016100010F036FA0146284610F028F910F0F6FBD3
:10162000324B334D1B78B042A8BF304620EAE07001
:101630002860002B00F00C81BAF5005F00F00881F3
:1016400004F0B8FD2B4B286801221A702A4C23683D
:10165000834204D080B207F063FE2B6823600DB094
:10166000BDE8F08F8C9BFF1F949BFF1F889BFF1F83
:10167000F89AFF1F929BFF1F2299FF1FB79BFF1F26
:10168000CC8DFF1F788EFF1F129AFF1F7A8EFF1FCF
:1016900038300100F0320100149AFF1F2C9CFF1F0C
:1016A000209CFF1F3C9CFF1F78390100409CFF1FBE
:1016B000249CFF1F309CFF1F309BFF1F389CFF1F87
:1016C000289CFF1F349CFF1F768EFF1F9A99193F9D
:1016D000CDCCCC3E989BFF1F7C8EFF1F7E8EFF1FC4
:1016E000969BFF1F048EFF1FCDCC4C45009DFF1F16
:1016F000008EFF1F229CFF1FC88DFF1F204610F089
:101700006BF9B64910F0BCF90446304610F064F9A4
:10171000B34910F0B5F90146204610F0A9F810F0D1
:1017200075FB079EC9F800000446306810F054F9B4
:10173000AA4910F0A5F9034628461D4610F04CF9B9
:10174000A74905E7204610F047F9A64910F098F997
:101750000446304610F040F9A34910F091F90146D3
:10176000204610F085F810F051FB079EC9F80000E4
:101770000446306810F030F99A4910F081F90346B8
:1017800028461D4610F028F99749E1E6204610F05A
:1017900023F9964910F074F90446304610F01CF90C
:1017A000934910F06DF90146204610F061F810F0F1
:1017B0002DFB079EC9F800000446306810F00CF9B4
:1017C0008A4910F05DF9034628461D4610F004F9D9
:1017D0008749BDE6874C03940F200EF067FD226811
:1017E0008242064640F39A80834B0B921B88012B62
:1017F00000F04A81814BDFF808921988D9F800403F
:10180000099B0A914046A4EB030B10F0E5F87D4BD1
:101810000A9953F8211010F033F90146002010F016
:1018200025F80B9A00905E455346114630465A46BD
:10183000B8BF5846FEF7BEFE3B68DFF8CCB100EB00
:10184000030A0AEBDA7A4FEA6A0AC7F800A03DE613
:101850006E4C2378002B3FF4F9AE04F0A7FC002374
:1018600028682370F2E6089B1B88002B3FF4A7AE84
:10187000002332462946CDF80080FEF7F5FECDF86C
:1018800000800746324629462046FEF7EDFE3B1A09
:10189000002BB8BF5B42092B00F3CC805C4DA0E667
:1018A0005C4B04935C4B07935C4B5D4F05930025A9
:1018B000F5E52C467DE6284672E6584B05931E68F2
:1018C000AE4276DA4C4B544A1B88DFF838910792C7
:1018D000012B4A4B1F88136840461C4400F0C2800D
:1018E00010F07AF859F8271010F0CAF8A5424C4FBA
:1018F00000904FF0000328463146A8BF20462246FC
:10190000FEF758FE3B68184400EBD070401038607A
:10191000C5E511200EF0CAFC05468DE5DFF8E8B0FC
:10192000DBF8002082424DDA334B0B921B88012BEF
:1019300000F0D380DFF8C890304BD9F80040099A06
:1019400019880A9122444046099210F045F82D4B1F
:101950000A9953F8211010F093F80B9A0090114651
:10196000099AB24253461046A8BF3046FEF722FEFF
:101970003B6800EB030A0AEBDA7A4FEA6A0AC7F817
:1019800000A0A3E5274B284A19880893274B52F853
:1019900021002749069101221A7000230B7010F0D4
:1019A0001BF84FF07C5110F06BF810F02FFA8046C6
:1019B00021E51B4F184B07933B6803EBD3735B1078
:1019C0003B606CE53B68DFF8389003EBD3734FEA7C
:1019D000630AD9F80040C7F800A077E5CDCC4C3FAA
:1019E000CDCC4C3E6666663FCDCCCC3D3333733FA9
:1019F000CDCC4C3D289CFF1F209CFF1F409CFF1F0F
:101A0000389CFF1F78390100349CFF1F229CFF1F68
:101A1000048EFF1F2C9CFF1F3C9CFF1F309CFF1F50
:101A2000249CFF1F2299FF1FCC8DFF1FF89AFF1FD8
:101A3000B79BFF1F07F500540134201A0FF0CCFFAD
:101A40003D493E4D10F01CF8044628680FF0C4FFD5
:101A50003B4910F015F8014620460FF009FF10F041
:101A6000D5F9C0E50FF0B8FF59F8271010F008F8C5
:101A7000014600200FF0FAFE38E70FF0ADFF59F8ED
:101A800027100FF0FDFFF6E42E4BDFF8BC9019880D
:101A9000D9F80040099B0A914046A4EB030B0FF0D4
:101AA0009BFF2A4B0A9953F821100FF0E9FF0B9A7C
:101AB00000905E455346114630465A46B8BF5846D8
:101AC000FEF778FD3B68DFF888B0184400EBD07073
:101AD0004FEA600AC7F800A0F8E4DFF86C90194BF1
:101AE000D9F80040099A19880A912244404609927F
:101AF0000FF072FF154B0A9953F821100FF0C0FF39
:101B0000014600200FF0B2FE0B9A00901146099A90
:101B1000B24253461046A8BF3046FEF74BFD3B6825
:101B2000184400EBD0704FEA600AC7F800A0CDE47B
:101B3000079B186815E500BFCDCCCC3E048EFF1F77
:101B40009A99193F409CFF1F389CFF1F783901006C
:101B5000349CFF1F08B5244B1B885BB3234B1B78B9
:101B60005BB3234B1B7843B3224B1B782BB3224B25
:101B70001B7813B3214B1A782AB3214A21482249F2
:101B80001288008809680244B1EB520F15DD00226B
:101B90001A7007F071FC642004F020FB642004F04C
:101BA0001DFB642004F01AFBBDE808404FF41670DA
:101BB0000DF0FEBA114A117801B908BD1370BDE8E5
:101BC000084007F059BC0E4A0E4810491288008898
:101BD00009680244B1EB520FEFDD01221A70BDE833
:101BE0000840642004F0FABAD69AFF1F2599FF1F17
:101BF0002699FF1F2799FF1F2899FF1FD49AFF1FBF
:101C0000969BFF1F989BFF1F889BFF1F8C9BFF1FAE
:101C100038B5114C232025780CF0FAFC0F4900222E
:101C200041F825000B1F01F1C40053F8041F834243
:101C30000A44FAD123780A490A480133DBB281FB0E
:101C40000251322B4FEAE272C2EB211208BF00238D
:101C50000260237038BD00BF4099FF1F4499FF1FE9
:101C60001F85EB513C99FF1F2DE9F04F9F4CA04D74
:101C70002068DFF8808285B00FF0AEFE9E490FF03D
:101C8000FFFE064610200EF011FB0FF0A5FE9B494B
:101C90000FF0F6FE31460FF0EBFD10F0B7F82B8891
:101CA000206002469A42B8F80010184680F2D080B0
:101CB000CF1A1E4600F0D380F61A07EBD77CC6EB8E
:101CC000C61606EB6C0606FB07FCBCF1000F96FB84
:101CD000F7F6C0F267818A4FDFF828C2CCF80060BF
:101CE0003E88192E00F0EA801A2E2ED01E2E00F00B
:101CF000A4810127844EB946DFF810C2BCF800C0A9
:101D0000BCF1000F13D0DFF808E2BEF800E0BEF12E
:101D1000030F00F23C819A4280F246810A46CDF8D8
:101D200000C019460023FEF775FC7A4B18607A4A0A
:101D30003388108850EA030114D1784B1A78002AAE
:101D400040F01D8205B0BDE8F08F754E3678002E4C
:101D500008BF01276C4E16BF00274FF000094FF057
:101D60000109C9E72988D4F800C0614579DCDFF8AA
:101D7000ACE19EF800A0BAF1000F34D14FF0010A97
:101D800004288EF800A02ED1002F40F0C6813388A1
:101D9000002BD7D0B9F1000FD4D022682888B8F82A
:101DA0000010904200F3AC818A42A8BF0A46091A8B
:101DB00000F0C681121A01EBD174C2EB82126410DA
:101DC00004EB420404FB01F2002A94FBF1F400DB73
:101DD0000134544D2A68A24203D0E1B2D8B207F0D0
:101DE000B9F92C60AEE7012800F04181022800F02B
:101DF000F4800328CBD14C4B1B88092BC7D0002F74
:101E0000C5D023682988B8F80020994240F3A881FA
:101E10000B46521A00F0A8815B1A02EBD277C3EB93
:101E200083137F1007EB430707FB02F3002B97FB9D
:101E3000F2F700DB0137DFF8F4B0DBF80030BB422B
:101E400003D0F9B24A2007F085F9CBF800709EE77D
:101E50008A421646A8BF0E46CF1A7FF42DAF3F2602
:101E600039E72E4A117800293FF46CAF002401288D
:101E7000147000F0EE80022800F0A080032840F0EB
:101E80003381294A1288092A09D047B1274D2A6887
:101E90002AB121464A2007F05DF933882C60002BD7
:101EA0003FF450AFB9F1000F3FF44CAFD8B200216E
:101EB00007F050F91B4B00221A6043E7DFF86090EF
:101EC000114E99F800C0BCF1000F33D0B6F800E015
:101ED000BEF1000F2ED0DFF858A09AF800B0E3450D
:101EE00040F0108101274FF0000905E79C9AFF1F81
:101EF000AC9AFF1FAA9AFF1F9A99193FCDCCCC3EEE
:101F0000949BFF1FA09AFF1FA69AFF1FFC9AFF1F1A
:101F1000FA9AFF1F009BFF1FA49AFF1FA89AFF1F9A
:101F2000929BFF1F6C9BFF1F269AFF1F689BFF1F42
:101F3000219BFF1FDFF84CA29AF800E0E645D1D0C4
:101F40003078002107F006F999F800303A888AF8CD
:101F500000308D4BB3F800C0BCF1000F00F0BE8024
:101F60001E2A40F00381012799F80030002B60D031
:101F7000DFF818E22B88BEF800E02268B8F80010FD
:101F8000BEF1030F18464FF000097FF6C4AE9A4227
:101F90000FDA1A46CDF800C00023FEF73BFB7C4B5E
:101FA0001860C4E6013E96E68A42A8BF0A4610467B
:101FB000B4E68A42A8BF0A461046EAE7002F3FF47B
:101FC0006EAF744D2A68002A3FF469AF21460420A1
:101FD00007F0C0F833882C6061E7002F3FF4D8AEDB
:101FE000DFF8B0B1B8F80000DBF800A08445634624
:101FF000A8BF0346401A00F0AE805B1A00EBD07118
:102000004910C3EB831301EB430303FB00F10029E9
:1020100093FBF0F300DB0133534506D0D9B2042023
:10202000039307F097F85C4A039B1088CBF80030C5
:10203000DFE6574A9946136079E6DFF86091524B24
:1020400099F80070B3F800C0554EB7FA87F77F09CA
:102050008AE7002F3FF423AF4E4D2A68002A3FF451
:102060001EAF214607F076F833882C6017E7002F63
:102070003FF48DAEB8F800309C456046A8BF1846C6
:102080005B1A6AD0401A03EBD37AC0EB80104FEA98
:102090006A0A0AEB400A0AFB03F100299AFBF3FAE9
:1020A00001DB0AF1010ADFF8ECB0DBF80030534540
:1020B00005D05FFA8AF1012007F04CF8364A108803
:1020C000CBF800A002287FF494AE2B88D4F800C08F
:1020D000B8F80000634519468CDC87E71E2A3FF4F8
:1020E00042AFE146012722E604287FF4D8AE002F54
:1020F0003FF4D5AE2146402007F02CF83388CEE6D9
:10210000024654E65FFA8EF07F2107F023F899F833
:1021100000303A888AF800301BE740207F2107F022
:1021200019F81D4A108850450CD002287FF461AE82
:10213000DFF860B02B88DBF800A0D4F800C0C7E758
:10214000402446E62888D4F800C0B8F8003060453E
:10215000014695DC90E740235EE74FF0400AA2E796
:102160009342A8BF134654E6402764E62B882268B2
:10217000B8F80010184601274FF00009C3E51970A0
:10218000E0E500BF219BFF1FFC9AFF1FFA9AFF1F8B
:10219000009BFF1F689BFF1FA49AFF1F929BFF1FBE
:1021A000A69AFF1F08B5114B1B88022B09D0052BDF
:1021B00007D0032B0DD0042B13D00D4B01221A7026
:1021C00008BD7F21412006F0C5FF094B01221A708E
:1021D00008BD4021092006F0BDFF054B01221A7001
:1021E00008BD7F21092006F0B5FFE6E7AC9BFF1F85
:1021F000A29BFF1F70B5134E134D3388134C052B54
:1022000016D029882268914209D1022B10D0033BB5
:10221000012B11D80021092006F09CFF0CE0C9B267
:10222000052006F097FF3388022B01D0052BEED155
:102230000021412006F08EFF054A2B8823600021F3
:10224000117070BDAC9BFF1FA69BFF1F749BFF1FEF
:10225000A29BFF1F714B1B881D2B70B500F0A78040
:102260006F4B1C78002C40F09B806E4B1B88022B20
:1022700038D0053B032B35D96B4B1B88022B5DD027
:10228000053B022B5AD9694A694B11881A88521AA0
:1022900084F30703002A02FB03F3664AC0F2998025
:1022A0003F3382FB03021A44DD17C5EBA215002B56
:1022B0000D44C0F2A580604E604B3560002C1B7849
:1022C00064DD002B00F092805D4B5E4C1B88052B7B
:1022D00006D023689D4203D0E9B2052006F03AFFFC
:1022E000256070BD584B1B78002B55D111200DF087
:1022F000DDFF534B554A1B881060002BBCD0544B5C
:102300001B888342B8DC534A1288D11A7AD08242A1
:10231000D4BFC3EB0203C3EB0003C3EBC31301EB56
:10232000D17203EB620303FB01F2002A93FBF1F38A
:102330006EDB1C443C4B1B88022BA1D10F200DF0FF
:10234000B5FF3F4B444A1B881060002B9BD0434B8A
:10235000C0F53B601B880830984294DB404A1288E5
:10236000D11A52D09042D4BFC3EB0003C3EB020397
:10237000C3EBC31301EBD17203EB620303FB01F266
:10238000002A93FBF1F346DB1C447CE7002B9BD037
:10239000BDE87040FFF72EBF15200CF039F9A8E713
:1023A000274B1B88002B0CBF00247F245DE7244BA8
:1023B0001C88002C3FF459AF2A4A194B12781B781D
:1023C000002A0CBF00247F24002B3FF44EAF7F3443
:1023D0004BE73F3B82FB03021A44DD17C5EBA21516
:1023E000002B0D44FFF667AF013564E7FFF7DAFE17
:1023F000134B35681B88134C052B7FF46AAF6FE7CE
:10240000013D58E73F231C4494E73F231C443AE72F
:10241000013B1C448EE7013B1C4434E7949BFF1FA7
:10242000DC9AFF1F129AFF1F309BFF1FA69BFF1F06
:10243000A49BFF1F09040281C09AFF1FA29BFF1FDC
:10244000AC9BFF1F749BFF1F149AFF1F189AFF1F5E
:10245000AA9BFF1FA89BFF1F349BFF1F3C9BFF1FD6
:10246000329BFF1F929BFF1F38B51F4B1B88DA1E44
:10247000022A02D9072B00D038BD1C4B1B784BBB5E
:1024800011200DF013FF1A4B1A4A1B88106083426B
:1024900024DC194A1288D11A22D08242D4BFC3EB5D
:1024A0000203C3EB0003C3EBC31301EBD17203EBD5
:1024B000620404FB01F3002B94FBF1F412DB0F4DDB
:1024C0002B68A342D8D00E4BE1B2187806F042FE3A
:1024D0002C6038BD15200CF09BF8D4E70024EEE703
:1024E0003F24ECE7013CEAE7129AFF1F149AFF1F12
:1024F000AA9BFF1F189AFF1FA89BFF1F589BFF1F37
:10250000109AFF1F38B51D4B1B88DA1E022A02D90C
:10251000072B00D038BD0F200DF0C8FE184B19490D
:102520001B880860C0F53B6208329A420BDA00242F
:10253000154D2B68A342EDD0144BE1B2187806F08C
:1025400009FE2C6038BD12490988C81A13D08A4286
:10255000D4BFC3EB0203C3EB0103C3EBC31300EB14
:10256000D07203EB620404FB00F3002B94FBF0F445
:10257000DEDA013CDCE73F24DAE700BF309BFF1FD7
:102580003C9BFF1F349BFF1F709BFF1F2E9BFF1F59
:10259000329BFF1F2DE9F04110200DF087FEC8305F
:1025A000B0F57A6FA8BF4FF47A60B0F5FA7FB8BF84
:1025B0004FF4FA7000F51673B3F57A6F844A854CC0
:1025C000DFF81482854E864DA8BF4FF47A6381B23E
:1025D00022201180238007F031F82188814C2420AB
:1025E00007F02CF80E200CF013F840F6FF72C830FC
:1025F0009042A8BF104620EAE07000F2DC5381B29E
:1026000079489342A8BF134601800220238007F037
:1026100015F82188042007F011F801200DF046FE7E
:10262000044600200DF042FE8442B8BF044604F187
:10263000C800B0F57A6FA8BF4FF47A60B0F5FA7FA2
:10264000B8BF4FF4FA7000F54873B3F57A6F674A74
:10265000674CA8BF4FF47A6381B20A2011802380AF
:1026600006F0ECFF2188634C0C2006F0E7FF0F20FA
:102670000DF01CFEC0F53F610431B1F5FA6FA8BF43
:102680004FF4FA61C0F54363B1F5AF6FB8BF4FF4D3
:10269000AF61B3F5FA6FA8BF4FF4FA63B3F5AF6F4C
:1026A000554AB8BF4FF4AF6389B2A420118023808C
:1026B00006F0C4FF2188514CA62006F0BFFF15206C
:1026C0000BF0A6FF41F25C2200F548709042A8BFD3
:1026D0001046B0F52F7FB8BF4FF42F7000F596630A
:1026E00081B247489342A8BF134601800620238049
:1026F00006F0A4FF2188082006F0A0FF00274FF471
:10270000AF74F9B2304609F0F9F858F8043BC3F554
:10271000967303FB00F085FB0023C017C0EB63102A
:10272000844207F10107A8BF0446062FE9D1DFF86C
:10273000D480354E2A4D0027F9B2304609F0DEF834
:1027400058F8043BC3F5967303FB00F085FB0023A8
:10275000C017C0EB6310844207F10107A8BF04460D
:102760000C2FE9D1DFF8A480294E1D4D0027F9B2C6
:10277000304609F0C3F858F8043BC3F5967303FBE1
:1027800000F085FB0023C017C0EB6310844207F103
:102790000107A8BF04460C2FE9D1143C322CB8BF66
:1027A000322440F23A72A4F5AF7302FB03F3963B76
:1027B00085FB03251748184ADB17A1B2A3EB651365
:1027C00032330180BDE8F0412A20136006F036BFA5
:1027D000AC9AFF1FAA9AFF1F9C8DFF1F0C9CFF1F26
:1027E000B5814E1B549AFF1F569AFF1F989BFF1FDF
:1027F000969BFF1F329BFF1F3C9BFF1FA89BFF1F49
:10280000AA9BFF1F6C8DFF1F089CFF1F3C8DFF1FA5
:10281000049CFF1F6E9AFF1F708EFF1F2DE9F04F63
:102820000C2095B00BF0C0FE0C200CF0B9FB394920
:10283000DFF8E4A014200CF0C1FB3849384808F058
:10284000B9FD022103200CF057FC022104200CF0FA
:1028500053FC022105200CF04FFC022106200CF055
:102860004BFC01210A200CF047FC012109200CF04F
:1028700043FC01210D200CF03FFC012128200CF02D
:102880003BFC012114200CF037FC012116200CF038
:1028900033FC012117200CF02FFC012121200CF02A
:1028A0002BFC02211C200CF027FC01211B200CF02A
:1028B00023FC00211B200CF0EBFB1C200CF00EFC79
:1028C000B0FA80F35B091A208AF800300CF04AFE57
:1028D0001F2000210CF008FE04200CF0FFFB002854
:1028E00000F0038205200CF0F9FBE8B903200CF09E
:1028F000F5FBC8B904200CF0F1FB002800F05C8265
:1029000006200CF0EBFB074D031E18BF01232B70B4
:102910000DE000BF001B3746429CFF1F40420F00E6
:102920000C90FF1F6C9AFF1FB54D00232B700620E3
:102930000CF0D4FBB0FA80F35B094FF0000BB14A06
:10294000137005F0D1FA2B78002B40F0C98158465E
:1029500006F08EFEAC4BAD491B8840F23A72A3F5EF
:10296000AF7302FB03F3963B81FB0321DA17002BC5
:10297000A2EB6112A649D4BF02F1320302F1310386
:10298000A44A0B60A44B12881A7001210D200CF090
:102990007FFB64200CF00CFC06244FF416710A2017
:1029A0000CF0ECF99D4A9E4800940C235D2109F03F
:1029B00009F8002800F0188164200CF0F9FB0021D0
:1029C0000A200CF0DBF94FF4967109200CF0D6F9CF
:1029D000924A944800940C235C2108F0F3FF0028ED
:1029E00000F06D8164200CF0E3FB002109200CF065
:1029F000C5F94FF4967116200CF0C0F9874A8A4841
:102A000000940C235B2108F0DDFF002800F04781D3
:102A100064200CF0CDFB002116200CF0AFF94FF430
:102A2000967117200CF0AAF964200CF0C1FB00216C
:102A300017200CF0A3F964200CF0BAFB00210D2044
:102A40000CF026FB794A7A481268DFF8E8917A4E52
:102A50007A4D7B4FDFF8EC8100230121FDF71AFD51
:102A60000124002333602B603B6089F800400F2075
:102A70000DF01CFC3B6803440E203B600BF0C8FDCE
:102A800033680344336099F80030002B00F0228152
:102A900015200BF0BDFD2B681844286004F00100E0
:102AA00003F08CFBB8F80030002B14BF4B20DC2067
:102AB00001340CF07DFB052CD9D13B6832686249AA
:102AC000624C08886249002BB8BF0333002AB8BFA4
:102AD0000332921032602A6809885E4E002AB8BF1D
:102AE00003329B109210A3EB000C3B602A60236022
:102AF000594F5A4D5A4CC7F800C003443360202048
:102B0000531A0A442B6022600DF0D0FB554B00F5A0
:102B1000FA70186019200DF0C9FB534B00F5FA70DC
:102B20001860BBF1000F40F00881B8F80030002BAE
:102B300000F00A814D4B012404201C600CF0CEFAF9
:102B400018B94B4B344A1C7010704A4B1B881C2B15
:102B500000F0E880484C04F1C80523200BF058FD34
:102B600044F8040F01200CF023FBA542F5D19AF89C
:102B7000003023B1414B1B78002B40F0F280002144
:102B800021200CF085FA3E4A3E4B10783E4C1870DE
:102B900006F01CFD03F00AFB3C4B049304A90AA8B1
:102BA00002940894FDF7F6FC0AA910A80E94FDF70C
:102BB000F1FC45F6BF520EA935480BF0B7FA0E9B53
:102BC00010A8DB689847089B0AA8DB689847029B17
:102BD00004A8DB68984715B0BDE8F08F04200CF01E
:102BE0007DFA002800F0C28003200CF077FA00285C
:102BF000F4D003200CF072FA0028F5D1EEE700BF04
:102C00006C9AFF1F089BFF1F6E9AFF1FB5814E1B1A
:102C1000708EFF1F7E9BFF1F3A99FF1F0C90FF1FB6
:102C20000C9CFF1F049CFF1F089CFF1FC08DFF1FF3
:102C3000309AFF1F149AFF1F2C9AFF1F3C9CFF1F06
:102C4000389CFF1FAE9AFF1F7C8EFF1F389BFF1F13
:102C50007E8EFF1F349CFF1F289CFF1F2C9CFF1F94
:102C6000309CFF1F849BFF1F409BFF1F4C9BFF1F3F
:102C70009A9AFF1F949BFF1F4099FF1F439CFF1FC1
:102C80002099FF1F3899FF1F982F01006508000049
:102C9000809AFF1F04200CF021FA00287FD0032027
:102CA0000CF01CFA0028F5D003200CF017FA0028CD
:102CB000F5D1EFE704200CF011FA002864D00320CE
:102CC0000CF00CFA0028F5D003200CF007FA0028CD
:102CD000F5D1EFE711200DF0E9FA2B681844DCE696
:102CE00015B0BDE8F04F08F01FBA06200CF0F6F959
:102CF00000287FF4F7AD03200CF0F0F900283FF432
:102D0000F1AD05200CF0EAF900283FF4EBAD052009
:102D10000CF0E4F9002852D0374D00232B704FF00F
:102D2000010B0CE6354B188800283FF413AF344BE9
:102D3000C0B2197806F00EFA0CE7FFF72BFCB8F8D2
:102D40000030002B7FF4F6AE4FF4FA7003F046FA31
:102D500003F030FA05F042FA4FF4AF600CF028FAB5
:102D6000E8E6012121200CF093F90CE705200CF096
:102D7000B5F900287FF438AF06200CF0AFF9002831
:102D80007FF432AF0DF08AFB05200CF0A7F9002884
:102D900095D106200CF0A2F9002890D1F2E7052089
:102DA0000CF09CF900287FF47AAF06200CF096F91D
:102DB00000287FF474AFE5E70F4D2870B7E50320D6
:102DC0000CF08CF904460028A6D104200CF086F9FA
:102DD000034620B9084D4FF0010B2B70AFE50620DC
:102DE0000CF07CF9044D031E18BF01232B704FF02B
:102DF000010B2346A3E500BF6C9AFF1F2A9BFF1F10
:102E00002C9BFF1F2DE9F04FA14D2C78012C97B082
:102E100000F03582022C00F0B581002C00F0EA822F
:102E20009C4C9D4926789D4C9D4F94F800809D4C6C
:102E30009D48247801949D4C3F7891F800A094F827
:102E400000B09B499B4C04979B4F9C4B9C4A90F82D
:102E500000C094F800E008789A4C9B493F780397AB
:102E60001B789A4F127809782478029700272F70E0
:102E7000974D85F800C0974D85F800A0964D2B70B2
:102E8000964D2A70964D2870964D85F800C0964D47
:102E90002970002E00F0D080944D2D8805952E4687
:102EA000934D0127182E2F7000F2D080059D012729
:102EB000A5F10C0623B18F4B1D88002D40F0318306
:102EC0008D4B1B88002B40F0C3808C4B8C4D1B78A6
:102ED0002D780133A3EB4E03002D00F0C480BEF12A
:102EE000000F00F03083002C40F0F184013B854C52
:102EF000049D2478A3EB44031344A3EB0A0315B108
:102F0000002A00F04583A3EB0803B8F1000F02D0BC
:102F1000002C40F03983019A9B1AA3EB4B03039AD0
:102F20000344A3EB0C03A3EB410302EB420203EBCC
:102F30008201754B75481960754B764C1A8800688C
:102F40002488033A02EB4203734A1288C2EBC2029E
:102F5000104401EB8303714A2344714C12882468A6
:102F6000C2EBC20222446F4C0C3B54F820003344A5
:102F700003446D4850F8222013440FB16B4A11608E
:102F80006B496C4A098807298CBF0120002010700A
:102F900040F2EC80684A694812680180032A00F018
:102FA0006C840025664A674C157022689A4200F0CE
:102FB000E3806548654F02680692069E644A3E605B
:102FC0000127177002680792624A1788079A921BB6
:102FD000BA4251D9604E614F326833609A1A3A60F2
:102FE000002D00F0CD805A4A1578002D40F0A282C5
:102FF00023605B4D2A689A4245D00468594F099472
:10300000099C3E68A41B8C42C0F08E82991A00F184
:103010004384554C266886EAE674A4EBE6748C4239
:1030200040F380844D4909680029B8BF49428C4269
:10303000B8BF531C00F041BC2E4D2D880D2D00F063
:1030400060822B4D00272F703E4633E7002631E784
:10305000013B042B00F2F884DFE813F005036A0358
:10306000E702C7029C021B1B002C3FF440AFBEF1DD
:10307000000F18BF013B3AE72360374B1B68002D58
:10308000B7D1374A1360029A136017B0BDE8F08FCA
:10309000109BFF1F1E99FF1F1C99FF1F2A99FF1FDE
:1030A0003099FF1F2B99FF1F2E99FF1F2C99FF1F8F
:1030B0002D99FF1F1799FF1F549BFF1F1D99FF1F7D
:1030C0001B99FF1F1899FF1F2F99FF1FC49AFF1FFD
:1030D0001099FF1F1199FF1F1299FF1F1399FF1FCE
:1030E0001499FF1F1599FF1F1699FF1F949BFF1F2F
:1030F000929BFF1F449BFF1FCC9AFF1F6C8EFF1FEC
:103100001A99FF1F1999FF1FC89AFF1F009BFF1FE5
:10311000529BFF1F109CFF1FFA9AFF1F1C9AFF1F54
:10312000209AFF1F70310100183501009C9BFF1F82
:10313000EC9AFF1FE49AFF1F4C9BFF1FC48DFF1FDB
:10314000DE9AFF1F189BFF1F909DFF1F149BFF1F00
:10315000509BFF1F969AFF1FF49AFF1FF09AFF1FC4
:10316000E09AFF1F1C9BFF1FE89AFF1F8548002263
:1031700011460280154615E7834A8448166821E700
:1031800023607EE7DFF80892824F834E0DF1280816
:103190000024E1B2384608F0B1FB59F8043BC3F50E
:1031A000967303FB00F086FB00230134C017C0EBCD
:1031B00063100C2C48F8040BEBD1784B129E1B8843
:1031C0000B9F119A139C149875499E42ACBF002620
:1031D0000126BB42D4BF002701279342D8BF4FF03E
:1031E000000E159A0E70C8BF4FF0010EA3420D9944
:1031F000D4BF002401248342D4BF00200120934285
:10320000D4BF002201228B420E99D4BF4FF0000A96
:103210004FF0010A8B4263490F706349634F81F895
:1032200000E0634997F800800C706249624F0870B3
:1032300062493F780A7001976149624F81F800A0A6
:1032400097F800B06049614FD4BF002301230B7091
:103250003F785F4904975F4F91F800C05E493F781F
:10326000087803975D492F780978B9465C4F029733
:103270004F46012F9ABF0137FFB20027F7E5DFF86D
:103280006491594F444E0DF128080024E1B23846AC
:1032900008F034FB59F8043BC3F5967303FB00F0C8
:1032A00086FB00230134C017C0EB63100C2C48F8D8
:1032B000040BEBD1394B0D991C88444B0E9A0A989C
:1032C000A142ACBF0021012119700C9B04919442D2
:1032D000D4BF4FF000084FF001089C42D4BF002338
:1032E000012301930B9B019A11999C42129BD4BF1D
:1032F0004FF0000B4FF0010B8442D4BF002001209F
:103300009C422A4B83F800802B4B1A702D4B83F87C
:1033100000B0314B18702E4BD4BF4FF0000C4FF063
:10332000010C83F800C08C422C4BD4BF002101213A
:103330001970149B9C4240F32981139B9C42D4BF7B
:10334000002301230F9A9442284A1370284BD4BFBC
:10335000002401241C701F4B1B780393204B029305
:103360000F4C174B2678104C93F800A0134A164BBD
:1033700094F800E02F780E4C1B7812782478B94628
:1033800076E700BFC48DFF1F149BFF1F909DFF1F9A
:103390003C8DFF1F049CFF1FB5814E1B6E9AFF1FC3
:1033A0001E99FF1F1A99FF1F1799FF1F2A99FF1FC8
:1033B0001899FF1F1999FF1F2B99FF1F1B99FF1FBA
:1033C0001C99FF1F2C99FF1F1D99FF1F3099FF1F8C
:1033D0002E99FF1F549BFF1F2D99FF1F2F99FF1F31
:1033E000C49AFF1F6C8DFF1F089CFF1FFA9BFF1FD5
:1033F000809BFF1FDFF8E092B84FB94E0DF128080F
:10340000E1B2384608F07AFA59F8043BC3F59673EE
:1034100003FB00F086FB00230134C017C0EB6310F0
:10342000062C48F8040BEBD1AE4B0A9A1B88049289
:103430009A420B9A0C99DDF834B00392ACBF4FF06E
:10344000000A4FF0010A9342A74A0E9E0F9802917C
:10345000D4BF4FF000094FF001098B42D4BF4FF0A9
:1034600000084FF0010811885B450AEB0902D4BF40
:10347000002701274244B342D4BF4FF0000E4FF063
:10348000010E3A448342D4BF4FF0000C4FF0010CC0
:10349000724462440192954A82F800A0DFF850A27B
:1034A000019A8AF80090DFF84C9289F80080DFF8E2
:1034B000488288F80070914F87F800E0904F87F8B5
:1034C00000C0904FDFF840C23A70904F4FF0000EAE
:1034D000012987F800E08CBF4FF0000E4FF0010E7D
:1034E00083428CF800E031DDB34200F3F38101291F
:1034F00000F27881864A039423463C700292854C00
:103500005BE1002B3FF49DAD834F3F880597834FD0
:103510004FF0010987F80090059F182F7FF6C6AC81
:1035200001270D3D2E44CBE41346029A136017B0D9
:10353000BDE8F08F05680895089D794E0D4435600B
:103540000025157054E5013B1B1BD0E4B34240F34A
:1035500049815B4500F32A81012940F22781029AC3
:10356000934240F34981039A934200F31282012966
:1035700040F20F82049A9A4280F2498101223A7005
:10358000634A644C02926BE1013BC4E40023D9E638
:103590000133B8E4634B019D1B78A3EB48035B1B2D
:1035A000614DABEB8B0995F80080CEEB8E75B4FACC
:1035B00084F44B44CEEB850564092B4403EB840370
:1035C000B8F1000F00F0AA81049C03EB440303EB65
:1035D000810313440344A3EB0A03A3EB4C03039AB4
:1035E00002EB420203EB8201A3E44E4B01981B78ED
:1035F000A3EB4803ABEB8B021B1A1344CEEB8E728A
:10360000CEEB82021344049A03EB420303EB8103E3
:10361000002C40F0798101221344039AC2F1060282
:1036200002EB420203EB820183E43E4B01981B78DC
:10363000A3EB4803ABEB8B021B1A1344CEEB8E7249
:10364000CEEB82021344049A03EB420303EB8103A3
:10365000002C40F04F8101221344039A02EB4202F6
:1036600003EB820165E42F4B1B780133A3EB4E057E
:103670002E4B1B78002B40F036812B1B002C40F08A
:103680008381294D2D78A3EB45031344A3EB0A0A4C
:10369000049B13B10AB90AF1010AAAEB0803B8F1B5
:1036A000000F02D0002D18BF013B019A9B1AA3EB1B
:1036B0004B030344A3EB0C03A3EB4103BEF1000F48
:1036C00002D10CB105B10933BBF1000F87D100293C
:1036D00085D00A3B83E700BF9C8DFF1F0C9CFF1F1A
:1036E000B5814E1B6E9AFF1FC09BFF1F2499FF1FC1
:1036F0002599FF1F2699FF1F2799FF1F2899FF1F54
:103700002999FF1FB89BFF1F789BFF1F549BFF1F2A
:10371000C49AFF1F209BFF1F949BFF1F929BFF1FBC
:103720001C9BFF1F6C8EFF1F1999FF1F1A99FF1F0B
:10373000A74D019BAB71A74B2A711B786B70A64BF1
:1037400085F805801B78AC7085F807B0287285F87D
:1037500000E0EB704FF0010805F8091FDFF87C92DC
:10376000CDF804C042469A4B5FFA88FC08F1FF3B53
:103770004C467046002107E0022A07D0AB4209D030
:1037800013F8010F14F8012F9042F5D10131AB422B
:10379000C9B2F5D1092900F2D68008F10108B8F1C3
:1037A000110F00F0C58019F80A2FDCE78C4A8D4C08
:1037B000029205233B703B78039323708A4B8B4A1C
:1037C00018788B4B92F800C019788A4B1B780493B9
:1037D000894B93F80080894B1B780193884B93F8B1
:1037E00000B0BDE55B457FF7BAAE029A934200F3A5
:1037F000C480012940F2C180039A93427FF7BAAE98
:10380000049A9A42C0F2CE80012940F2CB80754CD6
:1038100094F800C0BCF1010F40F2D78009B187F8DD
:1038200000C0DFF8E0C1BCF800C0BCF1000F00F040
:10383000BF80019A002A40F0BB80734A1288013A87
:1038400092B2062A00F2B480704A1278002A00F080
:10385000AF806F4A1268012A614A029200F0E88044
:103860000329A8D18342A6DDB342A4DC2378062B2A
:10387000A1D107233B7003939FE7664A1268002A91
:103880007FF78FAB644A65481278007802430CBF1B
:1038900001250025FFF786BB5E490E6886EAE674BF
:1038A000D11AA4EBE674A1423ADA5D49096800290D
:1038B000B8BF49428C4200DA531E02680A920A9A43
:1038C0003A60029A2B60136017B0BDE8F08F1B1BA3
:1038D000FFF7CDBB03293C7026D0414A0394234611
:1038E0000292404C69E7BEF1000F58D0002C4AD13B
:1038F0006B1EC6E6384A1278002A3FF4ACAEBAF125
:10390000000218BF0122A7E6334A1278002A3FF4CA
:1039100082AEBAF1000218BF01227DE6033353E6FE
:10392000931BCAE79319C8E72D4B2E4C029342E72D
:103930003C4B3D4A1B78D26B01331344049AA3EBF2
:103940000A0313444BE6374B374A1B7852F82B20B7
:103950000499013360461344DDF804C0A3EB0A0365
:103960000B44BCF1000F3FF43AAE01287FF437AEB0
:10397000BAF1000F18BF013B31E604223A70184A31
:10398000184C02926CE72B1BBEF1000F18BF013BD5
:1039900077E603223A70124A124C029260E76B1EDD
:1039A0001B1B6EE602223A700D4A0E4C029257E73C
:1039B000174A1268012A0A4A02927FF451AF1B4A41
:1039C0004FF0030C82F800C04AE7054A029247E72D
:1039D000E89BFF1F1A99FF1F1999FF1F5032010022
:1039E000C49AFF1F209BFF1F2D99FF1F2E99FF1FB9
:1039F0002F99FF1F3099FF1F2A99FF1F2B99FF1F37
:103A00002C99FF1F7A9BFF1FA09BFF1FE69BFF1FA8
:103A10004C9BFF1FE89AFF1FF99BFF1FF89BFF1F9E
:103A2000F09AFF1F6C8EFF1F088EFF1FBF8DFF1FB8
:103A30001268DFF86CE04FF00C0C92FBFCF80CFB0A
:103A40001822AEF80020BAE7164B1B78ABEB8B05BB
:103A5000B4FA84FB019CA3EB48031B1B124C2B44C0
:103A60002578CEEB8E74CEEB84044FEA5B1B2344A7
:103A700003EB8B0305B90333049C03EB440303EB13
:103A800081031344039A0344A3EB0A03C2F1060221
:103A9000A3EB4C0302EB420203EB8201FFF749BAAE
:103AA000049BFF1F6C8EFF1F1999FF1FA34B1B78F0
:103AB000002B40F036812DE9F04F0E2091B00AF036
:103AC000A7FD0DF089FF01469D489E4C9E4DFCF7D9
:103AD0002BFD9B48FCF7FCFC0EF098F980F30C00E2
:103AE0002060FFF78FF92B68012B5DD0022B00F0CF
:103AF000FD84032B00F07C81944C954E2368954CFB
:103B00000F930F9B22683360991A934A1288013AE7
:103B1000914200F28383914C22689A1A092A00F29A
:103B200087838F4C22689A1A0D2A00F297838D4C56
:103B300022689A1A252A1CD98B4B1B8813B98B4BE8
:103B40001B780BB1FEF706F8FEF762F8884B1B886E
:103B50001B3B9BB2022B08D8864B1B782BB1864BA4
:103B60001B7813B12B68012B01D002F04BFB33689B
:103B70002360824C22689A1A502A00F235838049C9
:103B80000A689A1A052A03D97E4A0B600120107030
:103B90007D4A1288012A00F0958205F009FC11B0D7
:103BA000BDE8F04F05F0A0B8DFF8E081784BB8F839
:103BB00000001A78824240F0BC80764F764B3888FD
:103BC0001A78824204D0754E3278002A40F002867C
:103BD000734A236812885D4C9A4280F2A48021685F
:103BE0000A917049704A0B600A9B136002232B6094
:103BF000DFF8B891DFF8B8A1B9F80030BAF80020C2
:103C000013439BB2002B40F061836A4B1E680E2069
:103C10000AF0FEFC6FF454731E44864202DC664BCD
:103C200000221A70654B1B88002B00F08485644BC2
:103C300064491A780B78934262D0002A60D0624BB4
:103C40001E78002E00F0488760480778002F40F06B
:103C50004187DFF87CC15F4B8CF80070DFF878A1FA
:103C6000DFF878C11B788AF800708CF800700127A3
:103C7000CDF804C0077033B10027077001980770B2
:103C800001208AF80000564890F800E0BEF1000FCD
:103C900001F0348053480778002F41F06B81DFF842
:103CA0003CC18CF80070012707704F48007800284D
:103CB00000F08886464F97F800C0BCF1000F41F035
:103CC0005381DFF8088188F800C04FF0010C87F8B5
:103CD00000C0BEF1000F40F075863343184340F03A
:103CE0007186244B1B78002B40F071863748037097
:103CF000394803703B4803703848037034480370F8
:103D00000A701B4B1B88A3F11B02012A40F21F857E
:103D10001D2B7FF4F2AE174A344B12780C4E1A70FA
:103D2000ECE607F07BB8114A1278002A7FF457AF0F
:103D30005EE7C0B2187005F0CBF93EE76C9AFF1F42
:103D4000309AFF1FB09BFF1F4C9BFF1F909DFF1FD2
:103D5000709AFF1F5C9AFF1F3A8DFF1F609AFF1F2A
:103D6000649AFF1F689AFF1FD69AFF1FD49AFF1FFD
:103D7000949BFF1F929BFF1F1699FF1F3499FF1FF3
:103D8000909AFF1F8C9AFF1F949AFF1F2099FF1F84
:103D90003899FF1F7E9BFF1F3A99FF1F9A9AFF1FBA
:103DA000569AFF1F0C9BFF1F589AFF1F269BFF1F51
:103DB000289BFF1F2C9AFF1FB69BFF1FA09BFF1F76
:103DC000FA9BFF1F229BFF1F1399FF1FF99BFF1FE9
:103DD000F89BFF1F1499FF1F7C9BFF1FE69BFF1F93
:103DE0001099FF1FFE9BFF1F1199FF1F219BFF1FB3
:103DF000A24B21681A888A4258DDA14B1B78002B00
:103E000054D1DFF8809299F800007F280BDD7F38CD
:103E1000A3F15533A3FB0023DB0803EB4303A0EB23
:103E200083007330C0B2984B00931B8889F8000060
:103E3000002B41F00F81DFF854A29AF80030002BDC
:103E400000F05B86924F3B78002B00F05686914E37
:103E5000DFF844B24FF0000811E0ABFB0213DB08BF
:103E600003EB4303A2EB830202F17300C0B205F03F
:103E7000EDF93B7808F10108434540F33E8699F897
:103E8000000056F8043F18447F28A0F17F02E4DCCC
:103E90000028C0F10002E9DAABFB0213DB0803EBF8
:103EA0004303A2EB8302C2F10C00DFE77B4E3368D1
:103EB0007F2B00F3BE84002B0ADA77485B42A0FB1D
:103EC0000370C00800EB4000A3EB8003C3F10C03B8
:103ED000DFF8B09199F800709F4200F03585704B83
:103EE0001B88002B46D16F4B6F491B6809889A428B
:103EF00040F3F4871346891A01F044809B1AC3EB00
:103F0000833301EBD17203EB620303FB01F2002A5E
:103F100093FBF1F0C1F2FD80FDF71CF9C0F3C61070
:103F20000DF05AFD614B804618880DF055FD604933
:103F3000824640460DF0A4FD014650460DF0A0FD1E
:103F400041460DF095FC4FF07E5180460DF036FF56
:103F5000002841F00680574940460DF04DFF0028EB
:103F600041F0A18040460DF077FFC3B2DFF84881F1
:103F700088F800307F2F0ADD474B7F3FA3FB0723E4
:103F8000DB0803EB4303A7EB83077337FFB2DFF8CC
:103F9000FCA089F800709AF80030002B40F0CF8523
:103FA000464B474A029301921B7812781A4340F01D
:103FB000AC86354B0093019B1B78002B40F0CC86E0
:103FC0009AF80030002B00F08E86009B1B88002B97
:103FD00000F0748730687F2840F370862E4A7F385F
:103FE000A2FB0012D20802EB4202A0EB8200733067
:103FF0003060002B40F029879AF80030002B00F049
:104000007284234F3B78002B00F06D84214ACDF859
:104010000C900023B146DFF8A0809B46164614E0C2
:104020001D4BA3FB0102D20802EB4202A1EB82016D
:1040300001F1730098F80010C0B205F0C9F83A78A1
:104040000BF1010B5A4540F34B8456F8040FD9F895
:10405000002010447F28A0F17F01E1DC0028C0F19E
:104060000001E7DA0C4BA3FB0102D20802EB42028B
:10407000A1EB8201C1F10C00DCE700BF569AFF1FE3
:10408000D49AFF1F3999FF1FB49BFF1F7C9BFF1F12
:10409000388DFF1F448EFF1FABAAAAAAC49AFF1F28
:1040A000189CFF1F509AFF1F549AFF1F149CFF1F5C
:1040B000CDCCCC3D0000FE421A9CFF1FFE9BFF1F93
:1040C000E69BFF1F6849694A08681268A82441F600
:1040D000FF7104FB0011664C183A84FB01042A208E
:1040E0000C4400FB02F2C817C0EB64300029ACBFDF
:1040F000A0F15401A0F155015E4804785E480A44DD
:104100006FF014055D49006805FB04220A60002871
:1041100000F00E835A4D2978002940F04483594914
:104120000A6859480088002839D0584C54F82000B3
:10413000002800F04284B3FBF0F400FB1433C3EB1F
:10414000C30300EBD07403EB031303EB640393FB93
:10415000F0F403FB00F000284D4BB8BF04F1FF342E
:1041600053F82430A3F2FF734A4C246804FB03F392
:1041700003F57D33162003F5607300FB03F3464C13
:1041800003F57D3303F5607384FB0304D817C0EB9C
:104190006440002BACBF0B380C3802440A603F4B24
:1041A0003F491B883F4803F27C7302FB03F35B002B
:1041B00003F5FC630A8880FB0310643A1844D9179E
:1041C000002B4FEA4202C1EBE021C0F28785114487
:1041D00081F30C0128200AF0D1FD05F0E9F811B0B7
:1041E000BDE8F04F04F080BD03F0B4FE2E4B2F4924
:1041F0002F4A09781B7812780B432E4913432E4A15
:10420000097812780B4313432C4A1278134300F0B9
:104210007C8701F0D7FF33682360B0E4FCF7E2FF4E
:1042200033682360264C22689A1A092A7FF679ACF3
:10423000FDF7BAF8FDF718FDFEF716F9214B1B88BC
:10424000082B01D1FCF75EFCFEF75CF933682360B4
:104250001D4C22689A1A0D2A7FF669ACFDF7FAFF09
:104260003368236063E400BF048EFF1FC49AFF1FFE
:1042700009000280B79BFF1FC09AFF1F009CFF1F11
:104280008C9AFF1F789AFF1F8A9AFF1FF43401004F
:1042900014330100A09AFF1F491B89407C9AFF1F1D
:1042A000889AFF1F83200882E69BFF1FF99BFF1F50
:1042B0007C9BFF1FFE9BFF1FF89BFF1FD49AFF1FD5
:1042C000609AFF1F129AFF1F649AFF1F20200BF0B5
:1042D000EDFF9B4B02901B68039319200BF0E6FF48
:1042E000984B994A1B8812881344984A1168984A37
:1042F000834610688B45D4BF002201225E10B0EBCC
:10430000530F944B1B6840F332829E424FF00003E0
:10431000B4BF012018460490ACBF01201846089392
:10432000079009930E20CDE900120AF071F98A4B2B
:104330008A4A1B68DFF828C205930133802B166870
:104340000690019A9CF800000099A8BF8023012BD9
:10435000B8BF0123904200F0398220680B90814859
:10436000DDF82CE0C0F800E020680C900C98A0EB81
:104370000E00282812D97C4890F800E0BEF1000F0A
:1043800040F04B828B4540F34B8278494FF0010E51
:1043900080F800E0087880EA0E0008708CF80020B1
:1043A000734ADFF8D0B11278002A64D09BF800106D
:1043B000914260D03988994200F0B6846E493B80C2
:1043C0006E4B09784FF0010C83F800C0DFF8B0C1E4
:1043D0006C4B8BF800201B788CF80010002B67D1F9
:1043E000029B039A934263DC049B1BB1B9F8003033
:1043F000002B5DD1069AA6F252339A42BFF607AC63
:10440000BAF80030002B3FF402AC079B002B4FD1D1
:104410005D4B1B8813B1099B002B49D1089B002BD6
:104420003FF4F5AB594A1378002B7FF4F0ABDFF87B
:1044300060810123137098F80020002A40F08286E2
:10444000544A1278002A40F0B386534A1278002A60
:1044500000F03787514A1278002A7FF4D8AB504ACF
:104460001278002A3FF4D3AB3A880A323A80434AA2
:104470001370FFF7CCBB4049DFF804C1097800296D
:10448000A6D09CF800E07145A2D005984B2840F3D7
:1044900054841833802BB7F800E0A8BF80239E45D2
:1044A00096D03B80354B4FF0010E83F800E08FE74C
:1044B0003C4B18683C4B1A883C4B1B881A443C4BBD
:1044C0001968431C802BA8BF8023012BB8BF012390
:1044D000B1EB520FC0F25981A3F149020F2A3FF606
:1044E00096AB483BA8F80030FFF791BB314A2068F3
:1044F0001288824204DB304B1B78002B00F0938142
:104500002E4C21680D912E490D9B09685B1A2D498F
:1045100009888B4260D800295ED02B4B198800296E
:104520003FF4EBAA294B1B688342B8BF03462848D7
:104530009A42008840F3C185264B1A60C9B29EE0BA
:10454000849BFF1F969BFF1F989BFF1F409BFF1F95
:104550008C9BFF1F889BFF1F9C9BFF1F2C9AFF1F9C
:10456000239BFF1FD89AFF1FDD9AFF1FDC9AFF1FB6
:10457000909BFF1F249BFF1F919BFF1F9A9AFF1F79
:10458000259BFF1F809BFF1F0E9AFF1FB69BFF1FDF
:10459000549BFF1F1099FF1F1199FF1F1299FF1FB6
:1045A0001399FF1FC89AFF1FAC9AFF1FAA9AFF1FFB
:1045B0009C9AFF1F569AFF1FD49AFF1F909DFF1FC2
:1045C000589AFF1F169CFF1F189CFF1F0C9BFF1F74
:1045D000549AFF1F509AFF1FA74BA8491B6883429C
:1045E000B8BF03469A42088800F30B81A449A54E40
:1045F00009888342A8BF0346336000299ED19A42AE
:10460000C8BF134640F30581811A00F093839B1ABB
:10461000C3EB833301EBD17203EB620393FBF1F045
:1046200003FB01F10029C0F24F85FCF793FDC0F3B5
:10463000C6100DF0D1F9944B064618880DF0CCF950
:104640009249074630460DF01BFA014638460DF0F8
:1046500017FA31460DF00CF94FF07E5106460DF079
:10466000ADFB002840F03D83894930460DF0C4FB86
:10467000002840F0208430460DF0EEFBC1B2DFF898
:104680001482854E88F80010FCF7ACFD30687F2856
:1046900040F38481814B7F38A3FB0023DB0803EBCD
:1046A0004303A0EB830073307D4B00931B88306085
:1046B000002B40F09E81DFF8ECA19AF80030002B2F
:1046C00000F04E81784F3B78002B00F04981DFF8F5
:1046D000DCB14FF0000914E0704BA3FB0213DB08C0
:1046E00003EB4303A2EB830202F1730098F800107E
:1046F000C0B204F06DFD3B7809F101094B4540F370
:104700002F815BF8040F336818447F28A0F17F02E3
:10471000E2DC0028C0F10002E8DA604BA3FB0213E0
:10472000DB0803EB4303A2EB8302C2F10C00DDE7DD
:104730005F490A60F5E45F4A5F4913705F4A0B7096
:10474000137058495E4A0B701370FFF7DABADFF83E
:10475000748198F80030002B4AD05B4A1278002A06
:1047600040F08183594F5A4E3B70FFF7C7B99E42C4
:104770004FF00003B4BF012018460890ACBF0120E1
:104780001846079309900493CCE54E4A1278002A04
:104790005BD13A889A423FF43AAA3B804D4B0122C2
:1047A0001A70FFF734BA42490C68A24259DC61DA48
:1047B000D0F17F0048BF033080100130241AA2429C
:1047C00058DC0C60224600202870AAE44248D0F849
:1047D00000E0C9E5C0B2187004F088FC35483149E2
:1047E000364A002303700B7013703370FFF7F0B973
:1047F000364F3B78002B40F06683354E3B70FFF719
:104800007DB9204B1A601E4B198800297FF496AEA3
:1048100013468342A8BF0346F6E68B453FF7BEAD7D
:1048200000210170BAE501232C4C294E2B60FFF7C3
:1048300065B91A487F3BA0FB0370C00800EB40003D
:10484000A3EB80037333FFF743BB4A2840F306838F
:104850001833802B3A88A8BF80239A429DD1FFF756
:10486000D6B9D0F17F0048BF033004EBA004013477
:10487000A242A6DA0A60A6E70C9BFF1F549AFF1F0C
:10488000189CFF1F509AFF1F149CFF1FCDCCCC3DDE
:104890000000FE421A9CFF1FC49AFF1FABAAAAAADF
:1048A000B49BFF1F7C9BFF1F388DFF1F448EFF1F93
:1048B000789AFF1FF99BFF1FE69BFF1FFE9BFF1FC0
:1048C000F89BFF1F929BFF1F1699FF1F219BFF1F45
:1048D000709AFF1F9A9AFF1FD89AFF1F909DFF1F83
:1048E0004E46DDF80C90029B1B78002B40F0448272
:1048F000019B1B78002B40F03B82009B1B88002B08
:1049000000F03082029A9AF8003012781343019A2C
:104910001278134300F0E083A84B1B78002B4FD094
:10492000A74A1378082B4BD80133DBB21370A54A82
:1049300030681268A449013B821A41F82320A34B36
:1049400021681A8889F800008A42A14CBFF6D5A8D0
:104950002268A04B0E920E9A9F4E1A60FFF7CEB8B7
:10496000964B1B78002B40F0A5809C4B1B78002BAE
:104970004FD19B4B1B78002B47D1009B1B88002BF2
:104980003DD0984B1B78002B40F09F80964A3168B1
:1049900011700323904E2B60FFF7B0B80028BFF6CC
:1049A00083AE924B4042A3FB0023DB0803EB43039F
:1049B000A0EB8300C0F10C0076E66B23FFF7D4BBBD
:1049C0003068BCE78A4B1B78002B3FF499A98448D8
:1049D0000378002B40F0D282784F864E3B70864F92
:1049E0003B707E4F3B700123037003233370FFF74E
:1049F00087B998F80010C0B204F0EAFB5BE698F8BB
:104A00000010307804F0E4FBBBE73078FCF712FAD2
:104A1000B3E73368A3F10C007F2840F30682734AA2
:104A20008B3BA2FB0312D20802EB4202A3EB8203F0
:104A300003F1730098F80010C0B204F0C9FB9AF8B3
:104A40000030002B95D05E4F3B78002B91D0DFF8E3
:104A5000AC91DFF898B14FF0000A13E0ABFB021302
:104A6000DB0803EB4303A2EB830202F1730098F827
:104A70000010C0B204F0ACFB3B780AF1010A5345C8
:104A80007FF777AF326859F8043F1344A3F10C0065
:104A90007F28A3F18B02E1DC0028C3F10C03E6DAE6
:104AA000ABFB0312D20802EB4202A3EB8203C3F179
:104AB0000C00DCE77F21402004F04CFB414A404BD6
:104AC0003168116000221A704FE77F21422004F004
:104AD00041FB5BE700230370494B1B78002B3FF43D
:104AE000D2A8DFF814A19AF80000002800F0EF82A5
:104AF00000208AF80000FFF7C6B8384B1B78002B5F
:104B000040F05382364B1B78002B40F04982009BCB
:104B10001B88002B00F03F82284B1B78002B40F0B5
:104B20003582304B1B78002B40F08F82354B274A63
:104B3000216812880020186001232B6004E7324BA3
:104B400000931B88002B40F09982244B0293244B46
:104B500001931B4F3B78002B59D0284A0396DFF86E
:104B60008CB04FF00008164610E0ABFB0103DB08E9
:104B700003EB4303A1EB830101F17300C0B204F026
:104B800065FB3B7808F1010843453FDD99F80000DB
:104B900056F8043F18447F28A0F17F01E5DC002887
:104BA000C0F10001EADAABFB0103DB0803EB4303CE
:104BB000A1EB8301C1F10C00E0E700BFF99BFF1FEF
:104BC000388DFF1FF49BFF1F488EFF1F569AFF1F53
:104BD000909DFF1F909CFF1F709AFF1FFE9BFF1F61
:104BE000E69BFF1FF89BFF1F3999FF1FABAAAAAADC
:104BF000929BFF1FBF8DFF1F7C9BFF1F448EFF1FDB
:104C00001499FF1F509AFF1FB49BFF1F039E029B26
:104C10001B78002B3FF4CFA999F80030A3F10C00CA
:104C20007F2840F31B82B34A8B3BA2FB0312D208BE
:104C300002EB4202A3EB820303F17300C0B204F063
:104C400005FB9AF80030002B00F08280AA4F3B78D9
:104C5000002B00F06182A9490396DFF898B24FF06B
:104C600000080E4611E0ABFB0203DB0803EB430335
:104C7000A2EB830202F17300C0B204F0E7FA3B78C2
:104C800008F10108434540F3118256F8042F99F8C2
:104C900000301344A3F10C007F28A3F18B02E2DC67
:104CA0000028C3F10C03E7DAABFB0302D20802EBE6
:104CB0004202A3EB8203C3F10C00DDE70028BFF63C
:104CC00097A98C4A4042A2FB0012D20802EB420292
:104CD000A0EB8200C0F10C00FFF78AB90139FFF7A1
:104CE00076BA0121CBE4019B1B78029A1278134318
:104CF0007FF46BA9009B1B88FFF76CB98048007894
:104D000000283EF4EAAFFEF7D5BF7E4A0092128833
:104D1000002A3FF47EAF384604F098FA9AF8003043
:104D2000002B7FF416AF72E7774BDFF8E0C11978FC
:104D3000FFF74EBB41F6FF7077E4243B012BB7F839
:104D400000E0B8BF01239E457FF4ABABFFF740BB4B
:104D5000019B1B78002BC8D099F80000FBF714FFCB
:104D6000FFF72EB96A4B3078197804F031FAC9E5AB
:104D70003078FCF75FF8C0E53368A3F10C007F28BA
:104D800040F381815B4A8B3BA2FB0312D20802EB0A
:104D90004202A3EB820303F17300DFF87481C0B217
:104DA00098F8001004F014FA9AF80030002B3FF441
:104DB0009FAD514F3B78002B3FF49AAD4F4ACDF851
:104DC0000C900023B1469B46164614E0494BA3FBCA
:104DD0000C12D20802EB4202ACEB820C0CF1730015
:104DE00098F80010C0B204F0F3F93A780BF1010B17
:104DF0005A4540F35E8156F8041FD9F8002011444B
:104E0000A1F10C007F28A1F18B0CDFDC0028C1F19F
:104E10000C01E5DA374BA3FB0102D20802EB420298
:104E2000A1EB8201C1F10C00DAE70028BFF602AE67
:104E3000304AC3F10C03A2FB0312D20802EB420278
:104E4000A3EB8203C3F10C00F4E5DFF8C480C0B229
:104E500098F8001004F0BCF9FFF7CEB8243B012B02
:104E6000B8BF012395E42B4F387801F03DFA2A4B67
:104E70001B78002B5AD03B887E2B57D8274EDFF863
:104E8000A0903268D9F80010521A0F2A2CD9013399
:104E900099B2244B3980188800285ED0C9B2C0B2BC
:104EA00004F058F9204F98F800303268C9F8002013
:104EB0003B70FEF723BE7F21FFF7E1BB99F80000AE
:104EC00004F0C4F916E7134B144E19886A2004F055
:104ED000B5FB98F800303B70FEF710BE8B42A8BFC0
:104EE0000B46FFF708B80D4E0F4F98F800303B7097
:104EF000FEF704BEABAAAAAA388DFF1F448EFF1F7F
:104F00001199FF1FB49BFF1F919BFF1F259BFF1F44
:104F10001A9CFF1F2C9BFF1F1599FF1F709AFF1FE4
:104F2000489BFF1F2A9BFF1F219BFF1FB94B1B782C
:104F3000002BD8D039880029D5D0B74EDFF8DC92C5
:104F40003368D9F800209B1A0F2BCDD9B44B013907
:104F5000188889B239800028A0D1C8B204F0AEF90F
:104F6000A0E70123FFF702B84FF0000C87F800C05C
:104F7000FEF7AFBE00270770FEF797BE0023037051
:104F8000FEF7BEBE41F6FF70FEF7C6BF002140200F
:104F900004F0E0F8C5E599F8000004F057F9BBE526
:104FA00099F80000FBF7F0FDB1E599F80030A3F1A6
:104FB0000C007F2840F399809A4A8B3BA2FB031296
:104FC000D20802EB4202A3EB820303F17300C0B2EA
:104FD00004F03CF99AF80030002B3FF493AD924F67
:104FE0003B78002B3FF48EADDFF840A28D4E4FF0A2
:104FF000000811E0A6FB0213DB0803EB4303A2EB5E
:10500000830202F17300C0B204F020F93B7808F18A
:10501000010843457FF776AD5AF8042F99F8003020
:105020001344A3F10C007F28A3F18B02E2DC0028DB
:10503000C3F10C03E7DAA6FB0312D20802EB42022B
:10504000A3EB8203C3F10C00DDE70021422004F052
:1050500081F86BE504F0FAF8FEF7EDBE0028BFF624
:10506000EDAD704AC3F10C03A2FB0312D20802EBB0
:105070004202A3EB8203C3F10C00DFE56C4B029309
:105080006C4B019347E60028BFF687AE654AC3F133
:105090000C03A2FB0312D20802EB4202A3EB820331
:1050A000C3F10C0079E67F23FEF760BF039EFEF795
:1050B00082BF4E46DDF80C901AE49842A8BF18460D
:1050C0005D4B1860FFF73ABA0138FFF7AEBA594F97
:1050D0005A480197FEF7D0BD4FF47A43013BFDD10A
:1050E00099F8000004F0B2F816E40028BFF66FAF9C
:1050F0004C4AC3F10C03A2FB0312D20802EB42029A
:10510000A3EB8203C3F10C0061E701F04FF8FFF756
:1051100082B80138FEF700BF019B1B78002B3EF4DC
:1051200054AF19E6464B1B78002B7EF470AD059BFF
:10513000A3F12401434B81F3470119605B20C9B2FD
:1051400004F008F898F80030032B7EF45EADDFF829
:10515000F88098F80020002A40F0A8803B4F3B7868
:10516000002B40F09780364E3378002B40F086803D
:10517000374B1B78002B75D1364A1380254B1B7893
:1051800053BB354B7F221A803A7898F8003013438E
:10519000327813437EF439AD304A7F2107201380E3
:1051A00003F0D8FF7F210B2003F0D4FFFEF72DBDC5
:1051B000274A1278E2B1254A1278002A7EF427ADF8
:1051C0001F4A1278002A3EF422AD3A880A3A3A8001
:1051D000234A1370FEF71BBD1F4B00227F210720BF
:1051E0001A8003F0B7FF7F210B2003F0B3FFCBE75A
:1051F000164A1278002A7EF40AAD114A1278002A63
:105200003EF405AD3A88013A3A80154A1370FEF72C
:10521000FEBC00BF1499FF1F709AFF1F489BFF1F21
:105220002A9BFF1FABAAAAAA388DFF1F448EFF1F1F
:10523000FE9BFF1FE69BFF1F509AFF1FF99BFF1F5E
:105240001399FF1FBC9BFF1F1099FF1F1299FF1F8F
:105250001199FF1F249AFF1F189CFF1F269AFF1FFA
:105260009A9AFF1F1F4B01227F2107201A8003F00B
:1052700071FF7F210B2003F06DFF7FE71A4B0422A3
:105280007F2107201A8003F065FF00210B2003F027
:1052900061FF6DE7144B02227F2107201A8003F083
:1052A00059FF7F210B2003F055FF5CE70E4A0021D8
:1052B0000720138003F04EFF7F210B2003F04AFFED
:1052C0004CE70A4A1278002A7FF42CAF084A127879
:1052D000002A3EF49CAC3A8801323A80054A1370A9
:1052E000FEF795BC249AFF1F269AFF1F1299FF1FF5
:1052F0001399FF1F9A9AFF1F10B509F019FA0D486C
:1053000006F0F8FA0C4806F0F5FA0C4806F0F2FA46
:105310004FF07E52012100230948FBF79DF8094810
:10532000094A0A498023002403710460BDE8104043
:105330000CF092BA0C9CFF1F089CFF1F049CFF1FDF
:10534000309AFF1F809AFF1F348DFF1FA9050000B0
:1053500010B50446A4206368198804F06FF9E36867
:10536000A620BDE81040198804F068B903462A2039
:105370005B68198804F062B910B50446222063689E
:10538000198804F05BF9E3682420BDE8104019880F
:1053900004F054B910B504460A206368198804F073
:1053A0004DF9E3680C20BDE81040198804F046B9B7
:1053B00010B5044606206368198804F03FF9E368D5
:1053C0000820BDE81040198804F038B910B504462B
:1053D00002206368198804F031F9E3680420BDE80D
:1053E0001040198804F02AB970B50E4D84B0122609
:1053F00004220123CDE900260446039002932846A7
:105400001423102108F0B8F9062209230293CDE9EC
:105410000026039414231021284608F0ADF904B0A7
:1054200070BD00BF989CFF1F2DE9F041A14DB5F95B
:105430000030032B0CD083B3022B4ED0052B79D038
:10544000012B00F0A480042B00F0C680BDE8F081A1
:1054500010200AF02BFFC830B0F57A6FA8BF4FF4C8
:105460007A60B0F5FA7FB8BF4FF4FA7000F51673A2
:10547000B3F57A6F904A914C81B2A8BF4FF47A632A
:1054800022201180238004F0D9F82188242004F000
:10549000D5F8B5F90030002BCED10E2009F0B8F8C0
:1054A00040F6FF73C8309842A8BF184620EAE07063
:1054B00081B200F2DC509842814CA8BF1846814B63
:1054C00020800220198004F0B9F82188042004F01B
:1054D000B5F8B5F90030022BB0D101200AF0E6FE94
:1054E000044600200AF0E2FE8442B8BF044604F1FC
:1054F000C800B0F57A6FA8BF4FF47A60B0F5FA7FB4
:10550000B8BF4FF4FA7000F54873B3F57A6F6E4A7E
:105510006E4CA8BF4FF47A6381B20A2011802380B9
:1055200004F08CF821880C2004F088F8B5F90030DC
:10553000052B85D10F200AF0B9FEC0F53F6104317B
:10554000B1F5FA6FA8BF4FF4FA61C0F54363B1F546
:10555000AF6FB8BF4FF4AF61B3F5FA6FA8BF4FF4A8
:10556000FA63B3F5AF6F5A4A5A4CB8BF4FF4AF6302
:1055700089B2A4201180238004F060F82188A6203D
:1055800004F05CF8B5F90030012B7FF45CAF152016
:1055900009F03EF841F25C2300F548709842A8BF3C
:1055A0001846B0F52F7FB8BF4FF42F7081B200F5C9
:1055B00096609842484CA8BF1846484B2080062069
:1055C000198004F03BF82188082004F037F8B5F979
:1055D0000030042B7FF43AAFDFF80481414E424D96
:1055E00000274FF4AF74F9B2304606F087F958F847
:1055F000043BC3F5967303FB00F085FB0023C01743
:10560000C0EB6310844207F10107A8BF0446062FD0
:10561000E9D1DFF8D880364E334D0027F9B2304655
:1056200006F06CF958F8043BC3F5967303FB00F0E1
:1056300085FB0023C017C0EB6310844207F101070C
:10564000A8BF04460C2FE9D1DFF8A8802A4E264DCA
:105650000027F9B2304606F051F958F8043BC3F57B
:10566000967303FB00F085FB0023C017C0EB6310AB
:10567000844207F10107A8BF04460C2FE9D1143C6E
:10568000322CB8BF322440F23A72A4F5AF7302FB59
:1056900003F3963B85FB03251848194ADB17A1B293
:1056A000A3EB651332330180BDE8F0412A2013607B
:1056B00003F0C4BF449CFF1FAC9AFF1FAA9AFF1FB0
:1056C000549AFF1F569AFF1F989BFF1F969BFF1F20
:1056D0003C9BFF1F329BFF1FA89BFF1FAA9BFF1F26
:1056E0009C8DFF1F0C9CFF1FB5814E1B6C8DFF1FF7
:1056F000089CFF1F3C8DFF1F049CFF1F6E9AFF1F1D
:10570000708EFF1F2DE9F041214D82B0012602B2BB
:1057100084B2CDE9002628467823192107F094FEAB
:1057200004F10C0212B2CDE90026284604EB06086B
:1057300078231921A71C07F087FE0FFA88F83FB2DB
:1057400019230097194642462846019607F07CFE29
:1057500078234246009719462846019604F10A0725
:105760000B3407F071FE3FB224B2782319463A4653
:105770002846CDE9004607F067FE1923CDE900462B
:105780003A461946284607F05FFE02B0BDE8F081B0
:10579000989CFF1FF0B5164E164FB6F900308342A5
:1057A00083B00D4603D1B7F900308B421DD00023E2
:1057B000009304B25B23104826221C2107F042F814
:1057C00001230D482622214606F0D6FE6B1C04D18B
:1057D000012034803D8003B0F0BD2DB20648012386
:1057E0002622294606F0C8FEF2E7002003B0F0BDED
:1057F000808EFF1F828EFF1F989CFF1F2DE9F043B4
:10580000C64D2B7883B01BB1C54B4FF6FF721A8083
:10581000C44BB3F900303BB1013B042B1AD8DFE88D
:1058200003F04972A6C62600BF4BC0481B685A2227
:1058300083F30C0302FB03F303F2FF73A0FB0320CB
:105840001B1A00EB5300C00A4FF0FF311C30FFF76A
:10585000A1FF20B900232B7003B0BDE8F083B4484A
:1058600007F048FC00232B7003B0BDE8F0830F2045
:105870000AF01CFDC0F53B600830B0F5FA6FA8BF18
:105880004FF4FA60B0F5AF6FB8BF4FF4AF605A2372
:10589000A0F5AF6003FB00F0A64B00F59670A3FBEC
:1058A000003080094FF0FF311C30FFF773FF0028F4
:1058B000D0D0D4E7A04B1B78002B00F02A81152014
:1058C00008F0A6FE024641F25C239342A8BF1346AD
:1058D000B3F52F7FB8BF4FF42F735A21A3F52F7361
:1058E00001FB03F39549964C03F5FA63A1FB0313FF
:1058F0001B0A4FF0FF3103F11C002260FFF74AFF43
:105900000028A7D0ABE78F4B8F4A1B681268B3F50E
:105910007A6FA8BF4FF47A63B2F57A6FA8BF4FF4DD
:105920007A62B3F5FA7FB8BF4FF4FA73B2F5FA7F33
:10593000B8BF4FF4FA72A3F5FA70A2F5FA715A23C0
:1059400003FB00F003FB01F1804B01F2D66100F292
:10595000D660A3FB0121A3FB0030C90AC00A1C3199
:105960001C30FFF717FF00283FF474AF77E7784B40
:10597000764A1B68B3F57A6FA8BF4FF47A63B3F524
:10598000FA7FB8BF4FF4FA735A21A3F5FA7001FBFE
:1059900000F000F2D660A2FB0020C00A4FF0FF31F9
:1059A0001C30FFF7F7FE00283FF454AF57E72522DD
:1059B0000024CDE900245E48664E674FDFF89C91D5
:1059C000DFF8708176231C2107F03EFD18E0484582
:1059D00026DC88FB0023C117C1EB631132395A233F
:1059E00003FB01F19631A8FB013149091C3109B2D1
:1059F00001231C444E48252206F0BEFD0C2C11D07C
:105A0000E1B2384605F07AFF56F8043BC3F59673C9
:105A100043F6972203FB00F09042D8DC1C21E7E715
:105A20007621E5E726220024CDE9002440484C4EAB
:105A30004C4FDFF82891DFF8FC8076231C2107F01B
:105A400003FD18E0484526DC88FB0023C117C1EBA5
:105A5000631132395A2303FB01F19631A8FB01315E
:105A600049091C3109B201231C443148262206F0A1
:105A700083FD0C2C11D0E1B2384605F03FFF56F8FB
:105A8000043BC3F5967343F6972203FB00F0904264
:105A9000D8DC1C21E7E77621E5E727220024CDE9C1
:105AA00000242348304E314FDFF8B090DFF8848077
:105AB00076231C2107F0C8FC17E088FB0023C117E0
:105AC000C1EB631132395A2303FB01F19631A8FB74
:105AD000013149091C3109B215480134012327223B
:105AE00006F04AFD062C3FF4BAAEE1B2384605F0A6
:105AF00005FF56F8043BC3F5967303FB00F043F62D
:105B0000972398424FF01C01E6DD4845D5DD76210C
:105B1000E2E711200AF0CAFB0246D4E64E9CFF1FC2
:105B2000808EFF1F449CFF1FB09BFF1F01011000D0
:105B3000989CFF1FB5814E1B149AFF1FD34D621016
:105B4000189AFF1F8C9BFF1F889BFF1F1BECCB9598
:105B50009C9AFF1F6C8DFF1F089CFF1F539B010029
:105B60003C8DFF1F049CFF1F9C8DFF1F0C9CFF1F83
:105B70002DE9F043834D044683B02846E668D4F807
:105B8000008007F0A7FA1120FFF7BCFD01271923B9
:105B90004FF028091946242228460197CDF8009095
:105BA00007F052FC7823194624222846CDF80090AD
:105BB000019707F049FC3946284608F0FBF8724B7C
:105BC0002B61B8F1000F07D040460CF0B9FF4146F9
:105BD0000246284608F0B8FB6A4808F017FC4FF464
:105BE000A0136A4967482B61032208F0ADFB6548A2
:105BF00008F00CFC4FF40C13654962482B6103223A
:105C000008F0A2FB5F4808F001FC002E40F09080F5
:105C1000604B012738461F70FFF7E6FB6368628917
:105C200019882389D21A61D0C91A02EBD2735C2079
:105C30005B1000FB013303FB02F1002993FBF2F33D
:105C4000554AACBF1B331A3399B211801A20012276
:105C50001BB2CDE9000219464A48142207F0F4FBB2
:105C6000002E4ED0238A628AE168D21A098800F099
:105C70008680CB1A02EBD2715C20491000FB031125
:105C800091FBF2F301FB02F2002AACBF1B331A3383
:105C900099B21BB2414A3B48118001263822CDE916
:105CA00000261946322207F0CFFB09230022009379
:105CB000402301921946334807F018FC3146314819
:105CC00008F078F86368364A2A6119882D4808F088
:105CD00095FB34492B48324608F036FBE3682948E7
:105CE000198803B0BDE8F04308F088BB2A4A019741
:105CF00049231A210091234813801946142207F0E2
:105D0000A3FB402300220921CDE900121D481946BA
:105D100007F0ECFB1B48012108F04CF86368224AAD
:105D20002A611988174803B0BDE8F04308F066BB44
:105D30002F20FFF7E7FC1D49124803224FF44813B8
:105D40002B6108F001FB0F4808F060FB0127114BA5
:105D500038461F70FFF748FB6368628919882389FA
:105D6000D21A7FF461AF0C4A019749231A2100919E
:105D7000044813801946142207F066FB72E7492392
:105D8000194687E7989CFF1F19000200A83B0100F5
:105D9000AC3B0100949CFF1F4A9CFF1F4C9CFF1FC3
:105DA00044000200B43B010068000200B03B010067
:105DB0002DE9F047D0F80C8082B01E461446002A28
:105DC0004AD0052A054654D00B9B864A00EBC307F0
:105DD000012C78893989D7F804C0A0EB010382FB34
:105DE00003E21A444FEAE373C3EBA213BCF80020AA
:105DF00000F0F280042C77D07B4F7B4800224023B8
:105E0000092100910192194607F070FB76480121A3
:105E100007F0D0FFB8F1000F00F0D480734B3B6166
:105E20006B687148198808F0E9FA71496E480122D7
:105E300008F08AFAEB686C48198808F0DFFA6D4BB5
:105E4000022CB3F9001000F09080082C00F0C28002
:105E5000012002B0BDE8F087674D684A2B681268E0
:105E6000CB1A93420F4600F29880204602B0BDE85C
:105E7000F0875D4F4FF007094FF0000A5A232322A5
:105E80003846CDE9009A1A2107F030FB3846012147
:105E900007F090FF5A4B3B614FF001134A467B617C
:105EA0005849384608F050FA384608F0AFFA3846F4
:105EB00007F020F94FF4FA6009F07AF9FFF7B4FA25
:105EC0005A2323221A213846CDE9009A07F00EFB07
:105ED000384607F00FF92846FFF74AFE4A4B0122E1
:105EE0001A70FFF78BFC88E712FA83F2914203DC09
:105EF0009042A8BF104681B20A9AACF80010B6F9D9
:105F00000030394802F106090FFA82FA0FFA89F9CE
:105F1000002219460192CDF80090524607F094FAFB
:105F20007B687A8919883B89D21A58D0C91A02EB42
:105F3000D2735B105C2000FB013303FB02F10029EC
:105F400093FBF2F3ACBF1B331A339AB21BB201219D
:105F500032802548019152461946CDF8009007F04D
:105F600073FA2A4B00221A7046E74A1C12B2914279
:105F70001A803FF46DAF0A9AB6F900301A4806321B
:105F8000012412B2CDE900240A9A194612B207F090
:105F90005BFA204602B0BDE8F0871C4933880A78D6
:105FA0001148013A18BF012201920A700A9A06327A
:105FB00012B200920A9A1BB212B2194607F044FAC2
:105FC0002F6045E76B68124A3A611988064808F065
:105FD00015FA34E70022CAE79BB2D21A86E74923B2
:105FE0001A46B4E7C94216B2989CFF1F440002004B
:105FF000B43B0100469CFF1F909CFF1F44550100CD
:1060000035002300B83B01004E9CFF1F949CFF1FEE
:10601000680002002DE9F04F594F5A4D91F801A048
:106020009846B7F9003083B055F823900646BAF188
:10603000000F01D091F800A0DFF84CB11AB99BF81D
:106040000030002B38D0514D002348462B808BF870
:106050000030FFF78DFD4E4A4E4BB5F9004001214F
:1060600011704FF6FF721A805CB3012C5246314614
:1060700047D032230124CDE900344846464BFFF790
:1060800097FE00260446B5F90030022B46DD0023BA
:106090002B80B7F90030002B49DB052BC4BF002350
:1060A0003B80B8F1000F47D1002E0CBF20464FF0C7
:1060B000FF3003B0BDE8F08F344DB5F90040002C3F
:1060C000D3D1364B364A19681368F31A8B420AD972
:1060D000344B18780124001B18BF01201870FFF7FB
:1060E00083F92F4A1660BAF1010F36D0BAF1040FC6
:1060F00025D0BAF1020F36D0BAF1080F37D00026FA
:10610000C1E71423002600930196274B4846FFF76A
:106110004FFEB5F90030022B0446B8DCB9D1D9F8EE
:106120000C30002BB3D0B7F90030002BB5DA0523C3
:106130003B80B8F1000FB7D0FFF760FBB4E73B88B6
:10614000013B1BB23B80D9F8143001228BF80020B0
:106150003BB100264846984795E73B8801331BB280
:10616000F0E71E468FE701232B80002691E7D9F840
:10617000143000222A804FF0FF36002BEAD188E746
:10618000449CFF1F848EFF1F489CFF1F469CFF1FDF
:106190004E9CFF1F808EFF1F4C9CFF1F445501002B
:1061A000909CFF1F949CFF1F4A9CFF1F01210D2004
:1061B00008F06EBF00210D2008F06ABF01460D20D7
:1061C00008F066BF08B50D2008F088FFB0FA80F12E
:1061D000BDE8084049090D2008F05ABF10B5044633
:1061E000002164080D2008F053FF204608F0E0FF6E
:1061F0000D20012108F04CFF2046BDE8104008F0BA
:10620000D7BF00BF08B5314A314B12681B88934293
:106210001ADA30490888B0EB030C54D00CEBDC716F
:106220008242D4BFC3EB0203C3EB0003491040F228
:10623000532202FB031101FB0CF3002B91FBFCF139
:10624000ACBF0531043100E000210A2008F096FDC2
:10625000214B197859B3214B21491B6840F2271271
:1062600083F3070302FB03F33F33A1FB03215B1A14
:1062700001EB530189090531092008F07FFD194B15
:106280001968D9B181F30701C1EB011101EB41118B
:10629000134A01F13F03A2FB03215B1A01EB5301F7
:1062A0008909BDE808400531162008F067BD0920BE
:1062B00008F064FD0B4B19680029E3D1BDE80840E4
:1062C000162008F05BBD4FF49771BEE7509AFF1F90
:1062D000569AFF1F549AFF1FA29BFF1F749BFF1F1C
:1062E00011080402A09AFF1F7F28A8BF7F204FF447
:1062F000167300FB03F310493F33A1FB03215B1A24
:1063000001EB530110B5890904460A2008F036FD57
:10631000A4F17F034FF4967202FB03F307493F3B5E
:1063200081FB03211944DB17BDE81040A3EBA11149
:10633000092008F023BD00BF1108040209040281EE
:1063400038B5094D7824204604F0C2FC35F8021F08
:1063500000B28842204601D003F070F90234A4B2A2
:10636000802CF0D138BD00BFD09BFF1F024B4420D2
:10637000198803F063B900BFC49BFF1F024B76204E
:10638000198803F05BB900BFD09BFF1F024B802030
:10639000198803F053B900BFDC9BFF1F024B4E204E
:1063A000198803F04BB900BFB49BFF1F024B9A2022
:1063B000198803F043B900BFCE9AFF1F024B982003
:1063C000198803F03BB900BFD09AFF1F024B8C2005
:1063D000198803F033B900BFD29AFF1F024B9C20EB
:1063E000198803F02BB900BF069BFF1F024BA020AA
:1063F000198803F023B900BF7A9BFF1F024B962038
:10640000198803F01BB900BF049BFF1F024B8A20B1
:10641000198803F013B900BFA09BFF1F024BB620E1
:10642000198803F00BB900BF7C9AFF1F024BB42000
:10643000198803F003B900BF889AFF1F024B64203C
:10644000198803F0FBB800BF949AFF1F024B10207D
:10645000198803F0F3B800BF2099FF1F024B2820D2
:10646000198803F0EBB800BF529BFF1F024B0E20B0
:10647000198803F0E3B800BF109CFF1F024B9E2059
:10648000198803F0DBB800BF3A8DFF1F024B3020A4
:10649000198803F0D3B800BF149CFF1F024B2E20B5
:1064A000198803F0CBB800BF169CFF1F024B2C20AD
:1064B000198803F0C3B800BF749AFF1F024B16205F
:1064C000198803F0BBB800BF189CFF1F024B5A206D
:1064D000198803F0B3B800BF2A9AFF1F024BBE20F1
:1064E000198803F0ABB800BFEC9AFF1F024B1A20CB
:1064F000198803F0A3B800BF2299FF1F024BBA20EE
:10650000198803F09BB800BFC09BFF1F024B6C2093
:10651000198803F093B800BFCC9AFF1F024B6E207E
:10652000198803F08BB800BF449BFF1F024B682003
:10653000198803F083B800BF2A9BFF1F024B32204B
:10654000198803F07BB800BF949BFF1F024B2020EB
:10655000198803F073B800BF969AFF1F024B722090
:10656000198803F06BB800BFFC9AFF1F024B66202E
:10657000198803F063B800BFA69AFF1F024B1C20C6
:10658000198803F05BB800BFA49AFF1F024BBC2020
:10659000198803F053B800BFA69BFF1F024BA2202F
:1065A000198803F04BB800BFA49BFF1F024B1820B3
:1065B000198803F043B800BFAC9BFF1F024BB22009
:1065C000198803F03BB800BF2E9BFF1F024BB02081
:1065D000198803F033B800BF309BFF1F024BAE2079
:1065E000198803F02BB800BF109AFF1F024BAC2094
:1065F000198803F023B800BF129AFF1F024BC22074
:10660000198803F01BB800BF748EFF1F024BC02017
:10661000198803F013B800BF1C9CFF1F024B5E20BB
:10662000198803F00BB800BF7E8EFF1F024B5C2061
:10663000198803F003B800BF7A8EFF1F024B542065
:10664000198802F0FBBF00BF7C8EFF1F024B502059
:10665000198802F0F3BF00BF788EFF1F024B56204F
:10666000198802F0EBBF00BF209CFF1F024B522095
:10667000198802F0E3BF00BF768EFF1F024B1E2079
:10668000198802F0DBBF00BF409CFF1F0C4B1B882A
:106690000846032B13D8DFE803F00E0A0602094967
:1066A00004220CF0D7B9084904220CF0D3B90749E9
:1066B00004220CF0CFB9064904220CF0CBB9704784
:1066C000D29AFF1F8C3C0100883C0100843C0100F1
:1066D000803C01001E4B1B8808460B2B37D8DFE897
:1066E00003F00A0E12161A1E22262A2E3206194905
:1066F00004220CF0AFB9184904220CF0ABB91749C9
:1067000004220CF0A7B9164904220CF0A3B91549CC
:1067100004220CF09FB9144904220CF09BB91349D0
:1067200004220CF097B9124904220CF093B91149D4
:1067300004220CF08FB9104904220CF08BB90F49D8
:1067400004220CF087B90E4904220CF083B970477B
:10675000049BFF1F98410100C0420100903C0100D2
:10676000003E0100943C01000C430100983C0100F4
:106770009C3C010004400100A03C0100A441010038
:10678000A43C0100074B10B4B3F800C0064C074B03
:1067900008460422BCF1000F14BF2146194610BC64
:1067A0000CF058B9BE9AFF1FA83C0100AC3C010098
:1067B000074B10B4B3F800C0064C074B0846042240
:1067C000BCF1000F14BF2146194610BC0CF042B9B1
:1067D000AE9AFF1FA83C0100AC3C0100074B10B46F
:1067E000B3F800C0064C074B08460422BCF1000F6A
:1067F00014BF2146194610BC0CF02CB9D69AFF1FC5
:10680000A83C0100AC3C0100074B10B4B3F800C039
:10681000064C074B08460422BCF1000F14BF21466A
:10682000194610BC0CF016B9289BFF1FA83C0100AC
:10683000AC3C0100074B10B4B3F800C0064C074B4A
:1068400008460422BCF1000F14BF2146194610BCB3
:106850000CF000B9269BFF1FA83C0100AC3C0100D6
:10686000074B10B4B3F800C0064C074B084604228F
:10687000BCF1000F14BF2146194610BC0CF0EAB859
:10688000249AFF1FA83C0100AC3C01001C4B1B8854
:1068900008460A2B33D8DFE803F00A0E12161A1E38
:1068A00022262A2E06001749042207F0BFBF1649E8
:1068B000042207F0BBBF1549042207F0B7BF1449F3
:1068C000042207F0B3BF1349042207F0AFBF1249F7
:1068D000042207F0ABBF1149042207F0A7BF1049FB
:1068E000042207F0A3BF0F49042207F09FBF0E49FF
:1068F000042207F09BBF0D49042207F097BF7047A1
:10690000A09BFF1FD43C0100AC3C0100B03C010047
:10691000B43C0100B83C0100BC3C0100C03C01009B
:10692000C43C0100C83C0100CC3C0100D03C01004B
:106930003C4B1B880846182B72D8DFE803F06D69C2
:1069400065615D5955514D4945413D3935312D29D7
:1069500025211D1915110D00334904220CF07AB8B8
:10696000324904220CF076B83149042207F05EBFA8
:10697000304904220CF06EB82F49042207F056BFAC
:106980002E4904220CF066B82D49042207F04EBFB0
:106990002C4904220CF05EB82B4904220CF05AB8A2
:1069A0002A49042207F042BF294904220CF052B8B8
:1069B0002849042207F03ABF2749042207F036BFCE
:1069C000264904220CF046B82549042207F02EBFC0
:1069D000244904220CF03EB82349042207F026BFC4
:1069E000224904220CF036B82149042207F01EBFC8
:1069F000204904220CF02EB81F4904220CF02AB8BA
:106A00001E49042207F012BF1D4904220CF022B8CF
:106A10001C49042207F00ABF1B4904220CF01AB8D3
:106A2000704700BF109CFF1F383D0100343D01003E
:106A3000303D01002C3D0100283D0100243D0100B6
:106A4000203D01001C3D0100183D0100143D0100E6
:106A5000103D01000C3D0100083D0100043D010016
:106A6000003D0100FC3C0100F83C0100F43C010049
:106A7000F03C0100EC3C0100E83C0100E43C01007A
:106A8000E03C0100DC3C0100D83C0100014B1878DF
:106A900002F054BD9E8EFF1F014B187802F028BDF6
:106AA000549CFF1F394BF0B5B3F800E0384D394B1B
:106AB00006461C680FCD87B0EC46ACE80F0095E8A1
:106AC00003004CF8040BBEF1030FACF8001016D90C
:106AD0004FF4346540F698072F4903220DF10D005D
:106AE00007F0A4FE40F69A339C4248DCAC4215DD28
:106AF0002A4904220DF1110007F098FE16E0284BF8
:106B000053F82E70274B53F82E50E5D0AC4214DCCE
:106B1000214903220DF10D0007F088FEBC4212DC72
:106B2000214904220DF1110007F080FE162269466A
:106B300030460BF08FFF07B0F0BD1C4903220DF16A
:106B40000D0007F073FEA4F69804C4EBC404184AC1
:106B5000630003F5D773A2FB03231B0A154A2433F2
:106B6000A2FB0312D20802F1300102EB8202A3EB76
:106B7000420330338DF811108DF81330D6E70E49EB
:106B800004220DF1110007F051FECFE70C9AFF1F10
:106B90005C3D01003C99FF1F3C3D0100503D010060
:106BA0006045010070450100403D0100583D010075
:106BB0000564344CCDCCCCCC483D0100F8B51A4C22
:106BC0001A4E22781A4D0B46003A18BF0122014690
:106BD000184633782F88FFF71DFA00239842337048
:106BE00023701BDB14BF012000202B889F4214D090
:106BF00040F23A72A3F5AF7302FB03F30D49963BE3
:106C000081FB0321DA17A2EB6112002BD4BF02F142
:106C1000320302F13103084A1360F8BD074A1846EF
:106C2000012313702370E0E79C8EFF1F569CFF1F0B
:106C30006E9AFF1FB5814E1B708EFF1F7D9CFF1F3C
:106C4000054B1B8808461BB1044904220BF002BF08
:106C5000034904220BF0FEBEB49BFF1F743D0100EC
:106C6000783D0100054B1B8808461BB104490422EE
:106C70000BF0F0BE0349042207F0D8BDCE9AFF1FE7
:106C8000A83C0100AC3C010038B5FCF7BBF8154B43
:106C90001B7813B1144C237833B9144B1020198886
:106CA00002F0CCFC012038BD114D124A2B7811881E
:106CB000B3FA83F35B0981F0080142202B70118045
:106CC00002F0BCFC23783BB12B782BB101212120B1
:106CD00008F0DEF9002038BD0021212008F0D8F9A5
:106CE000002038BD929BFF1F429CFF1F2099FF1F71
:106CF000439CFF1F989AFF1F054B1B8808461BB932
:106D00000449042207F092BD0349042207F08EBD16
:106D10001C9CFF1F7C3D0100803D0100054B1B8832
:106D200008461BB90449042207F080BD0349042228
:106D300007F07CBD209CFF1F843D0100883D0100C1
:106D400030B50D4B0D4CB3F800E089B008AB0D46E3
:106D500003EB8E0E0FCC0DF1040CACE80F0094E8A1
:106D600007008CE807005EF81C1C0422284609B0C6
:106D7000BDE830400BF06EBECC9AFF1F44440100CA
:106D800008B5742003F0A4FF044B1988884200D191
:106D900008BDBDE80840742002F050BCFA9AFF1FFD
:106DA00030B50D4B0D4CB3F800E089B008AB0D4683
:106DB00003EB8E0E0FCCEC46ACE80F0094E80F000E
:106DC0008CE80F005EF8201C0422284609B0BDE8BC
:106DD00030400BF03FBE00BFFA9AFF1F6044010035
:106DE00030B50D4B0D4CB3F800E087B006AB0D4647
:106DF00003EB8E0E0FCC0DF1040CACE80F002368F2
:106E0000CCF800305EF8141C0C22284607B0BDE810
:106E100030400BF01FBE00BFA49AFF1F804401004A
:106E200030B50D4B0D4CB3F800E087B006AB0D4606
:106E300003EB8E0E0FCCEC46ACE80F0094E8030099
:106E40008CE803005EF8181C0422284607B0BDE851
:106E500030400BF0FFBD00BFAC9BFF1F944401000E
:106E600030B50D4B0D4CB3F800E089B008AB0D46C2
:106E700003EB8E0E0FCCEC46ACE80F0094E80F004D
:106E80008CE80F005EF8201C0522284609B0BDE8FA
:106E900030400BF0DFBD00BF309BFF1FAC44010052
:106EA00030B50E4B0E4CB3F800E08BB00AAB0D467C
:106EB00003EB8E0E0FCC0DF1040CACE80F000FCCE1
:106EC000ACE80F002368CCF800305EF8241C0522E3
:106ED00028460BB0BDE830400BF0BCBD129AFF1F36
:106EE000CC44010008B5142003F0F2FE054B1988CC
:106EF000884200D108BD142002F0A0FBBDE8084084
:106F000002F05EBA249AFF1F08B5582003F0E0FE95
:106F1000054B1988884200D108BD582002F08EFB2D
:106F2000BDE8084002F04CBA289AFF1F08B51220AD
:106F300003F0CEFE054B1988884200D108BD12200F
:106F400002F07CFBBDE8084002F03ABA269AFF1F27
:106F500030B50F4B0F4CB3F800E08DB00CAB0D46C5
:106F600003EB8E0E0FCC0DF1040CACE80F000FCC30
:106F7000ACE80F0094E807008CE807005EF82C1CD2
:106F8000042228460DB0BDE830400BF063BD00BFC1
:106F9000269AFF1FF044010008B5702003F098FE08
:106FA000044B1988884200D108BDBDE80840702014
:106FB00002F044BB0C9AFF1F00B50A4B8C460FCB66
:106FC00085B00DF1100E0EE90F00074B1B880EEB7C
:106FD0008303042253F8101C604605B05DF804EBEF
:106FE0000BF038BD1C4501000C9AFF1F08B5B820F6
:106FF00003F06EFE044B1988884200D108BDBDE83D
:107000000840B82002F01ABB8A9AFF1F10B5064B41
:10701000064C1A882046072102F000FB21884220F6
:10702000BDE8104002F00ABBBE9AFF1F989AFF1FEE
:1070300010B5064B064C1A882046002102F0EEFAE5
:1070400021884220BDE8104002F0F8BAAE9AFF1F36
:10705000989AFF1F10B4094B094C0A4A1B8883B049
:10706000CDE9004202A800EB8303084653F8081C50
:10707000052203B010BC0BF0EDBC00BF949AFF1FBB
:107080008C3D0100943D010010B5064B064C1A885A
:107090002046042102F0C2FA21884220BDE81040B7
:1070A00002F0CCBAD69AFF1F989AFF1F10B5064B74
:1070B000064C1A882046022102F0B0FA21884220AC
:1070C000BDE8104002F0BABA289BFF1F989AFF1F34
:1070D00010B5064B064C1A882046012102F09EFA94
:1070E00021884220BDE8104002F0A8BA269BFF1F6D
:1070F000989AFF1F80EAE07CACEBE07C002810B59A
:107100001FFA8CFC20DBCAB9012000EB8002BCEB2B
:10711000420F03464FEA4200F7DA0D4CBCFBF3F294
:10712000A4FB03E002F1300E03FB12C2C30801F816
:1071300001EB1FFA82FCF1D10B7010BD0028E3D0E7
:107140002B2301F8013BDFE72D2301F8013BDBE7AF
:10715000CDCCCCCC1A4B1B880C2B084609D0A3F104
:107160001902062A25D8DFE802F00C1014181C209A
:1071700008001449042207F059BB1349042207F000
:1071800055BB1249042207F051BB1149042207F0F4
:107190004DBB1049042207F049BB0F49042207F0F8
:1071A00045BB0E49042207F041BB0D49042207F0FC
:1071B0003DBB0C3B0146012218B2FFF79BBF00BF4D
:1071C000949BFF1F9C3D0100B83D0100A03D0100C4
:1071D000A43D0100A83D0100AC3D0100B03D01000F
:1071E000B43D0100094B1B8808465BB10D2B05D04F
:1071F000A3F10D00012200B2FFF77CBF0449042275
:1072000007F014BB0349042207F010BB449BFF1F87
:10721000BC3D0100AC3C0100044B18880122A0EBEE
:107220008000904000B2FFF765BF00BF549CFF1F75
:10723000034B18886438012200B2FFF75BBF00BF20
:107240007C9AFF1F034B18886438012200B2FFF7B5
:1072500051BF00BF889AFF1F034B188803380122D3
:1072600000B2FFF747BF00BF529BFF1F034B1888B8
:107270001838012200B2FFF73DBF00BFDC9BFF1FA3
:10728000034B18881838012200B2FFF733BF00BF44
:10729000D09BFF1F034B18881838012200B2FFF75C
:1072A00029BF00BFC49BFF1FC3681888183801227C
:1072B00000B2FFF71FBF00BF054B1B8808461BB17C
:1072C000044904220BF0C6BB0349042207F0AEBAFE
:1072D0007A9BFF1FA83C0100AC3C0100054B1B88BA
:1072E00008461BB1044904220BF0B4BB0349042235
:1072F00007F09CBAD09AFF1FA83C0100AC3C0100EB
:1073000038B5094D8224204603F0E2FC35F8021F0F
:1073100000B28842204601D002F090F90234A4B2B3
:107320008A2CF0D138BD00BFDC9BFF1F38B5094D5A
:107330004624204603F0CCFC35F8021F00B28842F8
:10734000204601D002F07AF90234A4B24E2CF0D1DA
:1073500038BD00BFC49BFF1F70B5414E3578044651
:107360001DB9637873B9284670BD3E48AE2105F05B
:1073700053FC3C4805F0AEFE0023337063780125D2
:10738000002BF0D0FBF73EFD3749384B0978384ADF
:107390001B78127803EB4103217803EB82034A1E2A
:1073A0000E2AE0D801A050F822F000BFE9730000D7
:1073B0001B74000067730000E9730000677300002E
:1073C0006773000067730000497400006773000072
:1073D0006773000067730000677300006773000045
:1073E000677300005B740000CBB9224B1B886BB144
:1073F0002148028804294FF6FF7302F1FF3208BFCB
:107400000123134403F07F03013303801B4A02214D
:10741000012311703370284670BD002BF6D0154A39
:107420001288002AF2D0164A013B32F81330002BA2
:10743000ECD0114A134813801349144A01230370F6
:10744000002008701370E1E70648AF2105F0E4FB67
:107450000A4A01231370337085E709F01FF800BF53
:107460009C8EFF1F989CFF1F1899FF1F1799FF1FE5
:107470001999FF1FBE9AFF1F7E9BFF1F7D9CFF1F58
:10748000B09AFF1F9A9AFF1F3A99FF1F579CFF1F40
:10749000134BB3F9003010B583EAE372002BA2EB73
:1074A000E372BCBF2D2301F8013B92B24FF0010CF7
:1074B0000CEB8C00B2EB400F63464FEA400CF7DA5E
:1074C000084CB2FBF3FCA4FB03E003FB1C220CF111
:1074D000300EC30801F801EB92B2F2D10B7010BD6F
:1074E0002E9BFF1FCDCCCCCC134BB3F9003010B585
:1074F00083EAE372002BA2EBE372BCBF2D2301F8F9
:10750000013B92B24FF0010C0CEB8C00B2EB400F40
:1075100063464FEA400CF7DA084CB2FBF3FCA4FBDD
:1075200003E003FB1C220CF1300EC30801F801EB51
:1075300092B2F2D10B7010BDA49BFF1FCDCCCCCC6E
:10754000134BB3F9003010B583EAE372002BA2EBC2
:10755000E372BCBF2D2301F8013B92B24FF0010C46
:107560000CEB8C00B2EB400F63464FEA400CF7DAAD
:10757000084CB2FBF3FCA4FB03E003FB1C220CF160
:10758000300EC30801F801EB92B2F2D10B7010BDBE
:10759000A69BFF1FCDCCCCCC134BB3F9003010B55C
:1075A00083EAE372002BA2EBE372BCBF2D2301F848
:1075B000013B92B24FF0010C0CEB8C00B2EB400F90
:1075C00063464FEA400CF7DA084CB2FBF3FCA4FB2D
:1075D00003E003FB1C220CF1300EC30801F801EBA1
:1075E00092B2F2D10B7010BD9E8EFF1FCDCCCCCCD1
:1075F000134BB3F9003010B583EAE372002BA2EB12
:10760000E372BCBF2D2301F8013B92B24FF0010C95
:107610000CEB8C00B2EB400F63464FEA400CF7DAFC
:10762000084CB2FBF3FCA4FB03E003FB1C220CF1AF
:10763000300EC30801F801EB92B2F2D10B7010BD0D
:107640007E8EFF1FCDCCCCCC134BB3F9003010B5E0
:1076500083EAE372002BA2EBE372BCBF2D2301F897
:10766000013B92B24FF0010C0CEB8C00B2EB400FDF
:1076700063464FEA400CF7DA084CB2FBF3FCA4FB7C
:1076800003E003FB1C220CF1300EC30801F801EBF0
:1076900092B2F2D10B7010BD748EFF1FCDCCCCCC4A
:1076A000134BB3F9003010B583EAE372002BA2EB61
:1076B000E372BCBF2D2301F8013B92B24FF0010CE5
:1076C0000CEB8C00B2EB400F63464FEA400CF7DA4C
:1076D000084CB2FBF3FCA4FB03E003FB1C220CF1FF
:1076E000300EC30801F801EB92B2F2D10B7010BD5D
:1076F000768EFF1FCDCCCCCC134BB3F9003010B538
:1077000083EAE372002BA2EBE372BCBF2D2301F8E6
:10771000013B92B24FF0010C0CEB8C00B2EB400F2E
:1077200063464FEA400CF7DA084CB2FBF3FCA4FBCB
:1077300003E003FB1C220CF1300EC30801F801EB3F
:1077400092B2F2D10B7010BD788EFF1FCDCCCCCC95
:10775000134BB3F9003010B583EAE372002BA2EBB0
:10776000E372BCBF2D2301F8013B92B24FF0010C34
:107770000CEB8C00B2EB400F63464FEA400CF7DA9B
:10778000084CB2FBF3FCA4FB03E003FB1C220CF14E
:10779000300EC30801F801EB92B2F2D10B7010BDAC
:1077A0007C8EFF1FCDCCCCCC134BB3F9003010B581
:1077B00083EAE372002BA2EBE372BCBF2D2301F836
:1077C000013B92B24FF0010C0CEB8C00B2EB400F7E
:1077D00063464FEA400CF7DA084CB2FBF3FCA4FB1B
:1077E00003E003FB1C220CF1300EC30801F801EB8F
:1077F00092B2F2D10B7010BD7A8EFF1FCDCCCCCCE3
:10780000134BB3F9003010B583EAE372002BA2EBFF
:10781000E372BCBF2D2301F8013B92B24FF0010C83
:107820000CEB8C00B2EB400F63464FEA400CF7DAEA
:10783000084CB2FBF3FCA4FB03E003FB1C220CF19D
:10784000300EC30801F801EB92B2F2D10B7010BDFB
:107850003A8DFF1FCDCCCCCC134BB3F9003010B513
:1078600083EAE372002BA2EBE372BCBF2D2301F885
:10787000013B92B24FF0010C0CEB8C00B2EB400FCD
:1078800063464FEA400CF7DA084CB2FBF3FCA4FB6A
:1078900003E003FB1C220CF1300EC30801F801EBDE
:1078A00092B2F2D10B7010BD109AFF1FCDCCCCCC90
:1078B000154BB3F9003083EAE370002BA0EBE370C3
:1078C000BCBF2D2301F8013B30B580B24FF0010E53
:1078D0000EEB8E0CB0EB4C0F73464FEA4C0EF7DA02
:1078E0000A4DB0FBF3FEA5FB034C03FB1E000EF19B
:1078F00030045FEADC0301F8014B80B2F1D10448A7
:107900000B70106030BD00BF2A9AFF1FCDCCCCCCCD
:10791000AC400100144B1B8801331BB210B583EA45
:10792000E372002BA2EBE372BCBF2D2301F8013BF5
:1079300092B24FF0010C0CEB8C00B2EB400F63469F
:107940004FEA400CF7DA094CB2FBF3FCA4FB03E06E
:1079500003FB1C220CF1300EC30801F801EB92B2BC
:10796000F2D10B7010BD00BFC09BFF1FCDCCCCCCA3
:10797000C368B3F9003010B583EAE372002BA2EBC1
:10798000E372BCBF2D2301F8013B92B24FF0010C12
:107990000CEB8C00B2EB400F63464FEA400CF7DA79
:1079A000074CB2FBF3FCA4FB03E003FB1C220CF12D
:1079B000300EC30801F801EB92B2F2D10B7010BD8A
:1079C000CDCCCCCC164B1B8808462BB31BB283EA1C
:1079D000E372002BA2EBE372B8BF2D2310B5B8BF42
:1079E00000F8013B92B2012101EB810CB2EB4C0F8C
:1079F0000B464FEA4C01F7DA0A4CB2FBF3FCA4FB4E
:107A000003E103FB1C220CF1300ECB0800F801EB64
:107A100092B2F2D1037010BD0349042206F006BFF2
:107A2000409CFF1FCDCCCCCCAC3C0100164B1B883E
:107A300008462BB31BB283EAE372002BA2EBE3727E
:107A4000B8BF2D2310B5B8BF00F8013B92B2012199
:107A500001EB810CB2EB4C0F0B464FEA4C01F7DA0D
:107A60000A4CB2FBF3FCA4FB03E103FB1C220CF168
:107A7000300ECB0800F801EB92B2F2D1037010BDCA
:107A8000034904220AF0E6BF2A9BFF1FCDCCCCCCD1
:107A9000C03D0100164B1B8808462BB31BB283EA7E
:107AA000E372002BA2EBE372B8BF2D2310B5B8BF71
:107AB00000F8013B92B2012101EB810CB2EB4C0FBB
:107AC0000B464FEA4C01F7DA0A4CB2FBF3FCA4FB7D
:107AD00003E103FB1C220CF1300ECB0800F801EB94
:107AE00092B2F2D1037010BD0349042206F09EBE8B
:107AF000FC9AFF1FCDCCCCCCAC3C0100164B1B88B4
:107B000008462BB31BB283EAE372002BA2EBE372AD
:107B1000B8BF2D2310B5B8BF00F8013B92B20121C8
:107B200001EB810CB2EB4C0F0B464FEA4C01F7DA3C
:107B30000A4CB2FBF3FCA4FB03E103FB1C220CF197
:107B4000300ECB0800F801EB92B2F2D1037010BDF9
:107B50000349042206F06ABE8A9AFF1FCDCCCCCC22
:107B6000AC3C0100164B1B8808462BB31BB283EAC2
:107B7000E372002BA2EBE372B8BF2D2310B5B8BFA0
:107B800000F8013B92B2012101EB810CB2EB4C0FEA
:107B90000B464FEA4C01F7DA0A4CB2FBF3FCA4FBAC
:107BA00003E103FB1C220CF1300ECB0800F801EBC3
:107BB00092B2F2D1037010BD0349042206F036BE22
:107BC000189CFF1FCDCCCCCCC43D0100164B1B88AC
:107BD00008462BB31BB283EAE372002BA2EBE372DD
:107BE000B8BF2D2310B5B8BF00F8013B92B20121F8
:107BF00001EB810CB2EB4C0F0B464FEA4C01F7DA6C
:107C00000A4CB2FBF3FCA4FB03E103FB1C220CF1C6
:107C1000300ECB0800F801EB92B2F2D1037010BD28
:107C20000349042206F002BE289AFF1FCDCCCCCC1B
:107C3000AC3C0100164B1B8808462BB31BB283EAF1
:107C4000E372002BA2EBE372B8BF2D2310B5B8BFCF
:107C500000F8013B92B2012101EB810CB2EB4C0F19
:107C60000B464FEA4C01F7DA0A4CB2FBF3FCA4FBDB
:107C700003E103FB1C220CF1300ECB0800F801EBF2
:107C800092B2F2D1037010BD0349042206F0CEBDBA
:107C9000A69AFF1FCDCCCCCCAC3C0100164B1B8868
:107CA00008462BB31BB283EAE372002BA2EBE3720C
:107CB000B8BF2D2310B5B8BF00F8013B92B2012127
:107CC00001EB810CB2EB4C0F0B464FEA4C01F7DA9B
:107CD0000A4CB2FBF3FCA4FB03E103FB1C220CF1F6
:107CE000300ECB0800F801EB92B2F2D1037010BD58
:107CF0000349042206F09ABD149CFF1FCDCCCCCCC6
:107D0000AC3C0100184B1B8808464BB31BB283EAFE
:107D1000E37C002BACEBE37CB8BF2D2330B5B8BFC0
:107D200000F8013B1FFA8CFC012101EB810EBCEB3A
:107D30004E0F0B464FEA4E01F7DA0C4DBCFBF3FE3B
:107D4000A5FB034103FB1ECC0EF13004CB0800F869
:107D5000014B1FFA8CFCF1D105490370116030BD55
:107D60000449042206F062BD169CFF1FCDCCCCCC8A
:107D7000C83D0100AC3C0100184B1B8808464BB3C2
:107D80001BB283EAE37C002BACEBE37CB8BF2D2372
:107D900030B5B8BF00F8013B1FFA8CFC012101EBA4
:107DA000810EBCEB4E0F0B464FEA4E01F7DA0C4D3D
:107DB000BCFBF3FEA5FB034103FB1ECC0EF130041C
:107DC000CB0800F8014B1FFA8CFCF1D10549037078
:107DD000116030BD0449042206F028BD969AFF1FA9
:107DE000CDCCCCCCC83D0100AC3C0100194B1B886C
:107DF000072B084629D91BB283EAE37C002BACEBA6
:107E0000E37CB8BF2D2330B5B8BF00F8013B1FFAA3
:107E10008CFC012101EB810EBCEB4E0F0B464FEAAF
:107E20004E01F7DA0C4DBCFBF3FEA5FB034103FB4F
:107E30001ECC0EF13004CB0800F8014B1FFA8CFC6D
:107E4000F1D106490370116030BD0549042206F0E6
:107E5000EDBC00BFEC9AFF1FCDCCCCCCC83D0100DF
:107E6000AC3C010010B51C4C22880B466AB31B4980
:107E70000222184606F0DAFCB4F90010002981EA63
:107E8000E172A2EBE172B7BF2D2100F1020C00F10B
:107E9000030C817092B2012000EB8001B2EB410F24
:107EA00003464FEA4100F7DA0D4CB2FBF3F0A4FBB6
:107EB00003E103FB102200F1300ECB080CF801EBBC
:107EC00092B2F2D18CF8003010BDBDE810400549E7
:107ED0000422184606F0AABC2299FF1FCC3D0100DF
:107EE000CDCCCCCCAC3C010030B5154C85B00125D7
:107EF0002B463C2202210095204604F007FF204635
:107F000005F0E8F8002240238020114601930090FC
:107F10000C4B0295204605F05DFC204605F0EAF882
:107F200009480A490A4A00230360436003720B6050
:107F30004B600B7213605360137205B030BD00BF0D
:107F4000989CFF1F684E0100589CFF1F649CFF1FF8
:107F5000749CFF1F014B01221A707047569CFF1F33
:107F600030B50A4C0A480B4B85B0042502900190AD
:107F7000402280210095204604F0D4FC064A07499F
:107F8000204605B0BDE8304009F066BC989CFF1F54
:107F900040420F000C90FF1F348DFF1F79C9000075
:107FA000F0B5461C83B00323012736B20AB2CDE9EF
:107FB000003705468CB23748314605F0E1FA0C230C
:107FC000A21C009312B2052329B23248019705F092
:107FD000D7FA314A314B11881B6803293DD8DFE8B5
:107FE00001F02916020240F6AE02934235DD40F65A
:107FF000FD12934246DC2A4AA3F6CA0382FB03120F
:108000001A44DB17C3EB2215A9B22BB228E040F6C5
:108010008602934221DD40F65D12934232DC214A12
:10802000A3F6980382FB0312DB17C3EBA205A9B2E8
:108030002BB215E040F6CA02934220DD40F6213211
:10804000934223DC184AA3F6FC0382FB0312DB17DE
:10805000C3EB2215A9B22BB202E0002319461D463C
:1080600004F10D02521A01210191009309480323E2
:1080700012B2314605F03AFA284603B0F0BD0023AB
:108080001D46EDE70A2319461D46E9E70A210B467E
:108090000D46E5E7989CFF1F0C9AFF1F3C99FF1FB8
:1080A00093244992398EE3381F85EB512DE9F04333
:1080B0008FB283B0DFF84C80461DBD1D04B22DB2D7
:1080C00036B24FF001090AB22346314640460095C8
:1080D000CDF8049005F0B8F933462A4621464046CB
:1080E000CDE9005905F0B0F907F10C02CDF8049084
:1080F0000095334612B22146404605F0A5F903B07B
:10810000BDE8F083989CFF1F2DE9F047074684B037
:10811000002936D101212F4805F04CFE2E49BA79AD
:108120003B7A11F80280984521DADFF8A8A046468C
:108130000C244FF00009FB6853F826305D68AAF85C
:10814000124001362846AAF8109035B10AF0F8FC22
:1081500029460246504606F0F7F8504606F056F912
:108160003B7A0934B342A4B201DD422CE3D1B8F129
:10817000000F20D108F1060898450CDB04B0BDE8DB
:10818000F087002134230093124801913F230C22F1
:1081900005F0ACF9BEE73C2301213B220391029399
:1081A000019200930B4839233F223A2105F0E4FA6B
:1081B00004B0BDE8F0870F2301213B220391029315
:1081C00001920093034839230C223A2105F0D4FA96
:1081D0003B7ACFE7989CFF1F649CFF1F10B50E4CA5
:1081E0004FF0011320460121636105F0E3FD0B4BC5
:1081F0000B4923610222204606F0A6F80949052210
:10820000204606F0A1F8204606F000F92046BDE819
:10821000104004F06FBF00BF989CFF1F5500340052
:10822000D03D0100D43D01002DE9F04F314DDFF884
:10823000C8B0DFF8C880DFF8C890DFF8C8A00FCD5D
:1082400091B003AC0FC40FCD0FC40FCD0FC40026E7
:108250002B68236035463746B4B2B8F8003004EBDB
:10826000041004EB00105BF823205146112380B268
:10827000F8F736FF00EBC00300EB8300224B83FBD3
:1082800000230344C0173A46C0EB6337C7F13C00F4
:1082900005F1410100B204F14103C2F13C020124A5
:1082A000CDE9000435461BB212B209B2484605F0CA
:1082B000CBF83B2D2644CFD1144B1148C9F81030D0
:1082C000002105F077FDB8F8003010AA02EB830317
:1082D00053F8344C54B120460AF032FC02460848A8
:1082E000214611B0BDE8F04F06F02EB811B0BDE840
:1082F000F08F00BF2C450100743B0100749AFF1FF2
:10830000989CFF1F503B0100090002806B00340065
:1083100030B53D4C3D4D83B0204604F0DBFE2B785C
:108320005BBB3948062105F045FD2B78012B10D9A0
:10833000022B0CBF3649374933484FF00A1303224A
:10834000236106F001F8304803B0BDE8304006F084
:108350005DB8314B1988092933D9642934BF1F22EC
:108360000A220A2328482282638206F047F8264818
:1083700003B0BDE8304006F049B8284B1A78012117
:10838000052302BB019100931146204605F0F8F841
:10839000234B1A78052312B3012201920093002285
:1083A00019480A2105F0A2F81E4B1A78052312B3CA
:1083B00001220192144800930022142105F096F83E
:1083C000AFE73022CDE7002201910093114620460D
:1083D00005F08CF8124B1A780523002ADCD1012114
:1083E0000191009308480A2105F0CAF80D4B1A784C
:1083F0000523002ADCD101210191034800931421B7
:1084000005F0BEF88DE700BF989CFF1F579CFF1F2B
:10841000DC3D0100E03D01007E9BFF1F1799FF1F1F
:108420001899FF1F1999FF1F304B70B5B3F9003031
:1084300083EAE372A2EBE372002B82B092B240DBDC
:108440006C46A446012000EB8001B2EB410F0346CD
:108450004FEA4100F7DA264DB2FBF3F0A5FB0361CA
:1084600003FB102200F1300ECB080CF801EB92B2A6
:10847000F2D18CF8003020460AF062FB1D4E02213A
:108480000546304605F096FC05EB450343F31D0316
:108490005B00C3F1600321222046338272820AF01E
:1084A0004FFB21460246304605F04EFF304605F0B0
:1084B000ADFF114B1B7813B1104B1B7843B902B0C1
:1084C00070BD2D238DF800300DF1010C6C46B9E71D
:1084D0003046012105F06EFC094B0A493361042244
:1084E000304605F031FF02B070BD00BF2099FF1F7C
:1084F000CDCCCCCC989CFF1F429CFF1F439CFF1F00
:1085000064003300E43D0100F0B52A4B1B5C51F8D8
:108510002340237885B043B900936A46A36901A933
:1085200020469847A38A9B0702D5012005B0F0BDDD
:1085300001A80AF005FB009E00EB40008400A6B3F2
:1085400030460AF0FDFA00EB400004EB40041A4DFF
:108550006410C4F16007603428230121A4EB4004B7
:1085600028466B822C8205F025FC30460AF0E8FA9A
:1085700031460246284605F0E7FE284605F046FF4C
:1085800002210D4805F016FC212301A86B822F82E1
:108590000AF0D6FA01A90246074805F0D5FE0648BA
:1085A00005F034FF012005B0F0BD6010024DC0F1B0
:1085B0006007E5E7589CFF1F989CFF1F2DE9F041DD
:1085C000774F3A78002A04460D4614BF4FF0010851
:1085D0004FF000084CD1734E3368CB1AB3F5FA6FE5
:1085E00004D8637893B94046BDE8F0816E4B6F487C
:1085F00019886F4B1A706F4B1A7001230370262075
:108600003B7001F01BF86378002BECD03560FAF773
:10861000F9FB6949694B0978694A1B78127803EBC1
:108620004103217803EB82034A1E0E2ADBD801A006
:1086300050F822F08786000017870000E7850000C9
:1086400087860000E7850000E7850000E7850000D9
:10865000FF860000E7850000BB860000E78500007C
:10866000E7850000E7850000E78500008B870000B4
:1086700054484C4EAF2104F0CFFAFFF749FE0023D7
:1086800035603B70ADE7002B64D04F4A1288002A5A
:1086900060D04E4A013B32F81310002970D0424896
:1086A000424D4B4C434A018001232B70262000256C
:1086B0002570137000F0C2FF62E0424C204604F0C7
:1086C00009FD2046022105F075FB424B236142491A
:1086D0000522204605F038FE204605F097FE3F4B68
:1086E0003F4923610522204605F02EFE204605F075
:1086F0008DFE204604F0FEFC00F0BEFE73E72D4C1C
:108700002378012B43D9284B2620198800F096FFA7
:108710000023237067E7002B3FF465AF2A4A1288D5
:10872000002A3FF460AF294A013B32F81330002B96
:108730003FF459AF1D4C1C4925481E4A0B804FF091
:10874000010884F800800024047082F80080FFF79C
:10875000DFFD48E714481E4C028804294FF6FF73DA
:1087600002F1FF3208BF0123134403F07F030133FA
:1087700003800E490F4B00220120227008701A70EE
:10878000FFF7C6FD4FF001082DE707F087FE084B05
:1087900000221A70054A01233B701370B3E700BF33
:1087A0009C8EFF1F509CFF1F7E9BFF1F9A9AFF1FEE
:1087B0007D9CFF1F579CFF1F1899FF1F1799FF1FD4
:1087C0001999FF1F989CFF1FBE9AFF1FB09AFF1FA9
:1087D0003A99FF1F23000F00EC3D010023001E000B
:1087E000F43D01002DE9F04FDFF8B4B24FF0011372
:1087F000CBF81430838813F001068BB004460D4685
:10880000914606D08368114628460BB0BDE8F04F6C
:108810001847DFF8908298F80030002B40F09780DE
:10882000A079A14B1F5CB7B169782A78002958D08C
:10883000E168013F013A51F82750E9680E88072A9C
:108840006CD8DFE812F0170107016B001E016B0006
:108850006B006B006500DFF854A269782A781AF87B
:10886000006000292FD1924F3B68A9EB0303B3F5B9
:10887000967F40F297808F4B1B5C8F48F61A0178E9
:1088800006EBC606013906F10F0218BF0121D3B26B
:1088900001701A460391991E023300933D23029101
:1088A0007F480193392104F067FFC7F80090012742
:1088B000A3889B0703D56B78002B40F029813846AD
:1088C0000BB0BDE8F08F013A217A072A7AD8DFE8A9
:1088D00012F01001F7007900180179007900790091
:1088E000DF00734A1368A9EB0303B3F5967F40F2E8
:1088F000AF80714DC2F800902E78012E00F0828179
:10890000E16801232B700BB0BDE8F04FFFF7FCBD11
:1089100000221A54EB6928469847E9680E80002522
:108920002522CDE900253C2318225D48412104F091
:10893000DDFDE168A079FFF7E7FD5F4A5C4B15704C
:1089400007463846C3F800900BB0BDE8F08F584694
:1089500004F0C0FB0121584605F02CFACBF810605A
:10896000A3885E0720D5236804A8984704A80AF0C6
:10897000E7F804A90246584605F0E6FC584605F01B
:1089800045FD09220123CDE9002345487F2300212D
:1089900004F05AFD00212046FFF7B6FB002388F8BB
:1089A00000303DE70F4683E726683EB130460AF0C7
:1089B000C7F831460246584605F0C6FC384805F06F
:1089C00025FDDEE7B3465E4500F09180394B13F894
:1089D00000903348A6EB090606EBC60606F10F0227
:1089E000D3B2991E1A4602330291009300213D230F
:1089F00001930391392104F0BFFE237A052B00F285
:108A0000B580ABEB09095FFA89F909EBC90909F1EE
:108A10000F02D3B21A46991E0233009301273D2359
:108A20001F48029101933921039704F0A5FE224AC1
:108A30001B48002301931370342300930B2240231F
:108A40003F2104F053FDA0795E460AF800602FE74D
:108A50000F4634E7AA8A12F004023FF45AAF2A6A9A
:108A60009047114BE96800283FF458AFA2790020E5
:108A7000985453E72B8AB34280F0BE80013EB6B2D1
:108A80004CE76B8AB34240F2B1800136B6B245E79B
:108A90000A4BE2791A70012388F800300027D4E7E6
:108AA000989CFF1F9C8EFF1F749CFF1F589CFF1FEC
:108AB000909CFF1F649CFF1F949CFF1F7D9CFF1FC9
:108AC000E26831B252F821907B4A99F8007012683E
:108AD00004927A4A04991160002F00F09F80012FC0
:108AE00005D1774B99F8082088F800701A70002794
:108AF000ABE70139B142FADD06F1010B5FFA8BFBFE
:108B000061E7002EF3D006F1FF3B5FFA8BFB5AE7DB
:108B1000FAF778F96B496C4A6C4B08781B78117836
:108B20002A78022414FB03030A2A03EB810343D0AF
:108B30000C2A7FF4C4AE002B3FF4C1AE644A128805
:108B4000002A3FF4BCAE5E4A581E1470614A0021F0
:108B500022F810101933012203FA02F088F80020DD
:108B600000F06CFD5C4B03221A70A8E6ABEB090227
:108B7000042A1CDDABF10409B9F1FF3F0DD1D94640
:108B80000023A2795548815C99423FF43EAF875457
:108B900001212046FFF7B8FA37E7063B4B45A8BF4F
:108BA0004B46DFB2ABEB07095FFA89F9E9E7002A28
:108BB000F3DC0BF1FF39DFE7002B3FF480AE444AD2
:108BC0001288002A3FF47BAE3D4A454914700122C9
:108BD000581E88F800203F4A098822F810101933DF
:108BE000580000F02BFD3C4B1C7068E6AB8ADA079E
:108BF0007FF594AE2E8A91E6AB8AD8077FF58EAECC
:108C00006E8A8BE6252301910093364829703C2318
:108C100018224121374604F069FC50E6721C1A54B0
:108C20002E4AA3792F48D25CB21A02EBC2020F324D
:108C3000D3B201211A460391991E023300933D23BA
:108C400002910193392104F097FDD9F8089001971A
:108C500034272448009740230B223F2104F046FC90
:108C600001210B2240231F48009701913F2104F06E
:108C700087FC01211B480F4605F09CF8484609F087
:108C80005FFFA0EB800000F15F03ABF810300F2313
:108C9000ABF81230484609F053FF494602461148E6
:108CA00005F052FB0F4805F0B1FBE168A079FFF732
:108CB0002BFCA079C9E600BF909DFF1F909CFF1F71
:108CC0007D9CFF1F1799FF1F1999FF1F1899FF1F00
:108CD000BE9AFF1FB09AFF1F579CFF1F649CFF1F87
:108CE0007E9BFF1F989CFF1F2DE9F04FDFF85091EE
:108CF000544B99F800501B68534F83B0003D0193CB
:108D00004FF0030018BF0125019E97F8008006F080
:108D1000E5F98246042006F0E1F98346052006F0D5
:108D2000DDF98400062006F0D9F944EA4B0444EA50
:108D30000A0464B2454944EAC00040B20A7880F0AF
:108D40000F03DBB29A42424A15D0166000220B7024
:108D500040498DF800800B788DF8012063BB3E48B8
:108D600032466946FFF73EFD2843C5B2002D35D196
:108D700003B0BDE8F08F1268B21A1E2A5DD93A78A6
:108D8000934249D0354C3B702660354C0E2882EA20
:108D9000030226609846DAD00B28D8D13048006804
:108DA000301AB0F5C87FD2D92E4C2068301A32283C
:108DB000CDD926601A46CAE7284A12684EF66020C6
:108DC000B21A82422DD8013B0B2BCFD8DFE803F03B
:108DD00022201E1C1A18161412100E0C224804F021
:108DE00089F903B0BDE8F08F2048B9E72048B7E71C
:108DF0002048B5E72048B3E72048B1E72048AFE76F
:108E00002048ADE72048ABE72048A9E72048A7E77E
:108E10002048A5E72048A3E70E284FF00002BBD169
:108E2000BCE7002301220B7089F800201B491C4A73
:108E30000B7013605360137291E7002287E700BF45
:108E40009C8EFF1F909DFF1F7E9CFF1F7F9CFF1F1E
:108E5000849CFF1F7D9CFF1F98490100709CFF1F91
:108E6000889CFF1F809CFF1F989CFF1F34530100AC
:108E70002453010014530100344E0100304B010013
:108E80009C53010044530100E0520100244E0100B4
:108E9000184E0100144C010048550100009DFF1FB1
:108EA000749CFF1FF8B5724E30780C4640B9714B78
:108EB0001B68994203D3704A012313703370F8BDC5
:108EC0006E4D6F4F284604F005F96A4B04F6AC541A
:108ED0001C6031232B614FF001136B610021284688
:108EE000317004F067FF67490522284605F02CFA27
:108EF000284605F08BFA644B2B6164490B22284607
:108F000005F022FA62490522284605F01DFA284696
:108F100005F07CFA5F4B604A1C68A4F69803C3EB2B
:108F2000C3035B0003F5D77382FB0312002B4FEAE8
:108F3000E3763B88C6EB2226ACBF24362336032BD0
:108F40009CBF564A52F82330554A2A6188BF0023F5
:108F50009C424FF022014FF0040038DCFFF720F86C
:108F60003C880746002C50D0012C4FF00C024FD00B
:108F70004C49424805F0E8F9404805F047FA4A4BA9
:108F80003E482B61394605F039FA48493B480722EB
:108F900005F0DAF9464B394883FB0623F417C4EB96
:108FA000A304214605F02AFA04EB84040122414976
:108FB000324805F0C9F9A6EB4401304805F01EFA25
:108FC0003D492E48012205F0BFF90120F8BDFFF709
:108FD0006DF809223949294805F0B6F93B88324A2B
:108FE0002A61022BD6D940F69A339C4206DD3449D9
:108FF00022480C2205F0A8F90120F8BD31491F488C
:109000000D2205F0A1F90120F8BD2F491022B0E78B
:109010002E491A4805F098F9184805F0F7F9224B3F
:109020002B613946154805F0E9F907221F49134815
:1090300005F08AF91E4B114883FB0623F517C5EB93
:10904000A305294605F0DAF905EB850522461949FD
:109050000A4805F079F9A6EB4501084805F0CEF974
:1090600015490648224605F06FF92046F8BD00BFB5
:109070009C8EFF1F8C9CFF1F7D9CFF1F989CFF1FD9
:109080000C9AFF1FFC3D010010000C00043E010083
:10909000D43D01003C99FF1F0564344C804501001C
:1090A00010002000683E010010002A00503E010020
:1090B000676666662456010094550100103E010063
:1090C0001C3E01002C3E01003C3E0100583E0100C8
:1090D00028B1054B1028A8BF102018607047024B1C
:1090E00001201860704700BF049DFF1F38B5164C63
:1090F0002378451EEDB2581E00022B0403F4FE0334
:1091000000F47060184340F4404040F00C0007F059
:109110002FFE2468013C64F03F04E4B2204606F0D0
:109120002DFF284606F02AFF084B1B7813B1084B89
:109130001B7803B938BD204606F084FA2846BDE8FE
:10914000384006F07FBA00BF049DFF1F429CFF1FFE
:10915000439CFF1F70B51B4C2378013B02041B028C
:1091600002F4FE0203F4706313430A0602F0FE42A7
:109170001343054643F4304040F00B000E4607F021
:10918000F7FD2468013C64F04F04E4B2204606F089
:10919000F5FE284606F0F2FE304606F0EFFE0A4BDA
:1091A0001B7813B1094B1B7803B970BD204606F03C
:1091B00049FA284606F046FA3046BDE8704006F007
:1091C00041BA00BF049DFF1F429CFF1F439CFF1F2D
:1091D00070B51B4C2378013B02041B0202F4FE0213
:1091E00003F4706313430A0602F0FE42134305467C
:1091F00043F4104040F009000E4607F0B9FD246822
:10920000013C64F06F04E4B2204606F0B7FE284645
:1092100006F0B4FE304606F0B1FE0A4B1B7813B1DF
:10922000094B1B7803B970BD204606F00BFA28469F
:1092300006F008FA3046BDE8704006F003BA00BFF9
:10924000049DFF1F429CFF1F439CFF1F38B5184C15
:109250002378013B02041B0202F4FE0203F4706354
:109260001343054643F4104040F0090007F080FD29
:109270002468013C64F06F04E4B2204606F07EFEF0
:10928000284606F07BFE002006F078FE094B1B788E
:1092900013B1094B1B7803B938BD204606F0D2F94B
:1092A000284606F0CFF9BDE83840002006F0CAB9DC
:1092B000049DFF1F429CFF1F439CFF1F38B5154CA8
:1092C0002378013B02041B0202F4FE0203F47063E4
:1092D0001343054643F4504040F00D0007F048FDAD
:1092E0002468013C64F02F04E4B2204606F046FEF8
:1092F000284606F043FE084B1B7813B1074B1B783A
:1093000003B938BD204606F09DF92846BDE838402F
:1093100006F098B9049DFF1F429CFF1F439CFF1F4E
:1093200070B5A0F5005241F6FF711E4D8A42A8BFEC
:109330000A462B7802F500521104013B01F4FE01AC
:109340001B02D21141EA026203F470631343044624
:1093500043F4604040F00E0007F00AFD2D68013D27
:1093600065F01F05EDB204F07F06284606F006FE04
:10937000C4F3C614304606F001FE204606F0FEFD9A
:10938000094B1B7813B1094B1B7803B970BD2846F4
:1093900006F058F9304606F055F92046BDE8704011
:1093A00006F050B9049DFF1F429CFF1F439CFF1F06
:1093B00008B5002007F0AEFD0028FAD108BD00BFB7
:1093C00070B5284E28483378284D013B1B0203F422
:1093D0007063184307F0CCFC3468013C64F04F0420
:1093E000E4B2204606F0CAFD072006F0C7FD64205F
:1093F00006F0C4FD2B7813B11D4B1B783BBB3378B3
:109400001C48013B1B0203F47063184307F0B0FCD7
:109410003468013C64F04F04E4B2204606F0AEFD2F
:109420000B2006F0ABFD7F2006F0A8FD2B7813B1D2
:109430000F4B1B7803B970BD204606F003F90B20D3
:1094400006F000F9BDE870407F2006F0FBB820462A
:1094500006F0F8F8072006F0F5F8642006F0F2F8B8
:10946000CDE700BF049DFF1F0BB00764429CFF1FA8
:10947000439CFF1F0BB00B7F10B5194C1948237884
:10948000013B1B0203F47063184307F071FC24686E
:10949000013C64F04F04E4B2204606F06FFD7B20EF
:1094A00006F06CFD002006F069FD0F4B1B7813B130
:1094B0000E4B1B7853B90024E0B2FFF7C7FE01340E
:1094C000022005F075FE802CF6D110BD204606F076
:1094D000B9F87B2006F0B6F8002006F0B3F8EAE70A
:1094E000049DFF1F0BB07B00429CFF1F439CFF1F8E
:1094F00030B5114A034692E8030083B0032B009075
:10950000ADF8041001D903B030BDF0208DF805305E
:109510006C4606F033FD0DF10505002001E014F85E
:10952000010F06F02BFDAC42F9D1F72003B0BDE8E6
:10953000304006F023BD00BF5855010030B5114A38
:10954000034692E8030083B01A1F4C2A0090ADF83E
:10955000041001D903B030BDF0208DF805306C4601
:1095600006F00CFD0DF10505002001E014F8010FD7
:1095700006F004FDAC42F9D1F72003B0BDE830405D
:1095800006F0FCBC60550100030203F4FE43C0F387
:10959000C6101843704700BF03784078DB0103F41E
:1095A0007E5300F07F001843704700BF82B001AACD
:1095B000019002A9002012F8013B03F07F039142C1
:1095C00043EA0020F7D102B0704700BF10B547F65C
:1095D000122104460D4804F0D7FC06F0EDFC0C4BBC
:1095E0001B7853B92CB10B4B102CA8BF10241C6056
:1095F00010BD084B01241C6010BD074847F612211E
:1096000004F00AFC06F022F9ECE700BF9891FF1F76
:10961000429CFF1F049DFF1F8491FF1F0388003A97
:109620004FF0010C0CFA01FC18BF012223EA0C03D5
:1096300002FA01F10B430380704700BF70B5CEB250
:109640000C46054605F0AAF8864203D03146284666
:1096500005F0BEF80135284605F0A0F8210A814240
:1096600000D170BD2846BDE8704005F0B1B800BF1C
:1096700070B50546002005F091F84FF00004034650
:10968000012063F3070405F089F860F30F24002D2F
:1096900001F0CA824FF4AF610220FFF7CFFF4FF411
:1096A0007A610420FFF7CAFF4FF496610620FFF7A6
:1096B000C5FF4FF4FA610820FFF7C0FF4FF4FA61CD
:1096C0000A20FFF7BBFF40F6B8310C20FFF7B6FFCA
:1096D0004FF42F612220FFF7B1FF40F6AC51242058
:1096E000FFF7ACFF7D212A20FFF7A8FF0C210E20F9
:1096F000FFF7A4FF01211020FFF7A0FF0221122095
:10970000FFF79CFF00211420FFF798FF002116208F
:10971000FFF794FF02211820FFF790FF01211A2084
:10972000FFF78CFF01211C20FFF788FF04211E207A
:10973000FFF784FF14212020FFF780FF012126205E
:10974000FFF77CFF03212820FFF778FF04212C205E
:10975000FFF774FF14212E20FFF770FF0021302047
:10976000FFF76CFF0C213220FFF768FF0021342047
:10977000FFF764FF00213620FFF760FF002138204B
:10978000FFF75CFF00213A20FFF758FF00213C2043
:10979000FFF754FF00213E20FFF750FF002140203B
:1097A000FFF74CFF00214220FFF748FF1F21442014
:1097B000FFF744FF13214620FFF740FF0E2148200A
:1097C000FFF73CFF11214A20FFF738FF0A214C2008
:1097D000FFF734FF00214E20FFF730FF0621502015
:1097E000FFF72CFF02215220FFF728FF0C21542005
:1097F000FFF724FF00215620FFF720FF002158200B
:10980000FFF71CFF01215A20FFF718FF08215C20F9
:10981000FFF714FF0F215E20FFF710FF00216020EB
:10982000FFF70CFF04216220FFF708FF01216420ED
:10983000FFF704FF00216620FFF700FF0B216820DF
:10984000FFF7FCFE7F216A20FFF7F8FE00216C2065
:10985000FFF7F4FE00216E20FFF7F0FE00217020DC
:10986000FFF7ECFE00217220FFF7E8FE00217420D4
:10987000FFF7E4FE1F217620FFF7E0FE132178209A
:10988000FFF7DCFE0E217A20FFF7D8FE11217C20A5
:10989000FFF7D4FE0A217E20FFF7D0FE1F21802093
:1098A000FFF7CCFE13218220FFF7C8FE0E21842093
:1098B000FFF7C4FE11218620FFF7C0FE0A21882091
:1098C000FFF7BCFE00218A20FFF7B8FE00218C20A4
:1098D000FFF7B4FE00219620FFF7B0FE002198208C
:1098E000FFF7ACFE00219A20FFF7A8FE05219C207F
:1098F000FFF7A4FE06219E20FFF7A0FE0021A02076
:10990000FFF79CFE7F21A220FFF798FE40F2A461A2
:10991000A420FFF793FE4FF4E161A620FFF78EFE2F
:109920000021A820FFF78AFE0021AA20FFF786FE6B
:109930000221AC20FFF782FE0121AE20FFF77EFE60
:109940000121B020FFF77AFE0B21B220FFF776FE4F
:109950006421B420FFF772FE6421B620FFF76EFE8B
:109960000321B820FFF76AFE0121BA20FFF766FE47
:109970000021BC20FFF762FE0021BE20FFF75EFE43
:109980000121C020FFF75AFE0A21C220FFF756FE30
:1099900030210020FFF752FE022004F0FFFE4FF0BE
:1099A00000040346032063F3070404F0F7FE60F3AA
:1099B0000F24A4B2B4F5805F06D34FF4AF61022048
:1099C000FFF73CFE4FF4AF64D24B04201C8004F040
:1099D000E5FE4FF000040346052063F3070404F09E
:1099E000DDFE60F30F24A4B2B4F5805F06D34FF41C
:1099F0007A610420FFF722FE4FF47A64C64B0620FA
:109A00001C8004F0CBFE4FF000040346072063F3F4
:109A1000070404F0C3FE60F30F24A4B2A4F52F736F
:109A2000B3F57A6F06D940F628210620FFF706FE27
:109A300040F62824B94B08201C8004F0AFFE4FF0FC
:109A400000040346092063F3070404F0A7FE60F353
:109A50000F24A4B2A4F52F73B3F57A6F06D940F69C
:109A6000E4410820FFF7EAFD40F6E444AC4B0A204D
:109A70001C8004F093FE4FF0000403460B2063F3B8
:109A8000070404F08BFE60F30F24A4B2A4F5FA736C
:109A90009BB240F6AC52934206D94FF4FA610A20C9
:109AA000FFF7CCFD4FF4FA649E4B0C201C8004F0B1
:109AB00075FE4FF0000403460D2063F3070404F025
:109AC0006DFE60F30F24A4B2A4F5FA739BB240F6C6
:109AD000AC52934206D940F6B8310C20FFF7AEFDE8
:109AE00040F6B834904B0E201C8004F057FE4FF027
:109AF000000403460F2063F3070404F04FFE60F3F5
:109B00000F24A4B2182C04D90C210E20FFF796FDC7
:109B10000C24864B10201C8004F040FE4FF0000403
:109B20000346112063F3070404F038FE60F30F24AA
:109B3000A4B2631E0F2B04D901211020FFF77EFD74
:109B400001247B4B12201C8004F028FE4FF00004FF
:109B50000346132063F3070404F020FE60F30F2490
:109B6000A4B20A2C04D902211220FFF767FD0224B7
:109B7000704B14201C8004F011FE4FF000040346CB
:109B8000152063F3070404F009FE60F30F24A4B268
:109B9000012C04D900211420FFF750FD0024664B4E
:109BA00016201C8004F0FAFD4FF000040346172035
:109BB00063F3070404F0F2FD60F30F24A4B27F2CDA
:109BC00004D900211620FFF739FD00245B4B182033
:109BD0001C8004F0E3FD4FF000040346192063F3FA
:109BE000070404F0DBFD60F30F24A4B2052C04D9B4
:109BF00002211820FFF722FD0224514B1A201C805D
:109C000004F0CCFD4FF0000403461B2063F307046F
:109C100004F0C4FD60F30F24A4B20C2C04D901217C
:109C20001A20FFF70BFD0124464B1C201C8004F07A
:109C3000B5FD4FF0000403461D2063F3070404F054
:109C4000ADFD60F30F24A4B2042C04D901211C2023
:109C5000FFF7F4FC01243C4B1E201C8004F09EFD09
:109C60004FF0000403461F2063F3070404F096FD41
:109C700060F30F24A4B2092C04D904211E20FFF79D
:109C8000DDFC0424314B20201C8004F087FD4FF0C4
:109C900000040346212063F3070404F07FFD60F312
:109CA0000F24A4B2462C04D914212020FFF7C6FCAF
:109CB0001424274B22201C8004F070FD4FF0000478
:109CC0000346232063F3070404F068FD60F30F24C8
:109CD000A4B2A4F5FA739BB240F6AC52934206D9F3
:109CE0004FF42F612220FFF7A9FC4FF42F64194B8A
:109CF00024201C8004F052FD4FF000040346252070
:109D000063F3070404F04AFD60F30F24A4B2A4F542
:109D1000FA7321E0569AFF1F549AFF1FAA9BFF1F58
:109D2000A89BFF1F989BFF1F969BFF1F109CFF1F68
:109D30002099FF1F269AFF1F249AFF1F189CFF1FC0
:109D4000AC9BFF1F2299FF1FA49AFF1F409CFF1F7F
:109D5000969AFF1FAC9AFF1F9BB240F6AC55AB42E0
:109D600004D929462420FFF769FC2C46D44B262031
:109D70001C8004F013FD4FF000040346272063F31A
:109D8000070404F00BFD60F30F24A4B27F2C04D968
:109D900001212620FFF752FC0124CA4B28201C80F9
:109DA00004F0FCFC4FF000040346292063F3070491
:109DB00004F0F4FC60F30F24A4B2062C04D90321B0
:109DC0002820FFF73BFC0324BF4B2A201C8004F013
:109DD000E5FC4FF0000403462B2063F3070404F076
:109DE000DDFC60F30F24A4B2A4F13203B3F5967F37
:109DF00004D97D212A20FFF721FC7D24B34B2C20A0
:109E00001C8004F0CBFC4FF0000403462D2063F3CC
:109E1000070404F0C3FC60F30F24A4B20C2C04D993
:109E200004212C20FFF70AFC0424A94B2E201C80BF
:109E300004F0B4FC4FF0000403462F2063F3070442
:109E400004F0ACFC60F30F24A4B21E2C04D914213E
:109E50002E20FFF7F3FB14249E4B30201C8004F0CF
:109E60009DFC4FF000040346312063F3070404F027
:109E700095FC60F30F24A4B2092C04D900213020F2
:109E8000FFF7DCFB0024944B32201C8004F086FC9E
:109E90004FF000040346332063F3070404F07EFC14
:109EA00060F30F24A4B21F2C04D90C213220FFF739
:109EB000C5FB0C24894B34201C8004F06FFC4FF050
:109EC00000040346352063F3070404F067FC60F3E5
:109ED0000F24A3B27F2B04D900213420FFF7AEFB5F
:109EE00000237F4C3620238004F058FC4FF00005FF
:109EF0000346372063F3070504F050FC60F30F2599
:109F0000ADB27F2D04D900213620FFF797FB002545
:109F10006580382004F042FC4FF0000503463920EC
:109F200063F3070504F03AFC60F30F25ADB27F2D13
:109F300004D900213820FFF781FB0025A5803A20B5
:109F400004F02CFC4FF0000503463B2063F30705AB
:109F500004F024FC60F30F25ADB27F2D04D900215D
:109F60003A20FFF76BFB0025E5803C2004F016FC4F
:109F70004FF0000503463D2063F3070504F00EFC97
:109F800060F30F25ADB27F2D04D900213C20FFF7EF
:109F900055FB002525813E2004F000FC4FF0000514
:109FA00003463F2063F3070504F0F8FB60F30F2539
:109FB000ADB27F2D04D900213E20FFF73FFB0025E5
:109FC0006581402004F0EAFB4FF000050346412084
:109FD00063F3070504F0E2FB60F30F25ADB27F2DBC
:109FE00004D900214020FFF729FB0025A58142204C
:109FF00004F0D4FB4FF000040346432063F307044E
:10A0000004F0CCFB374D60F30F2444202C8004F087
:10A01000C5FB4FF000040346452063F3070404F03A
:10A02000BDFB60F30F24A4B2302C04D91F214420BF
:10A03000FFF704FB1F242C4E4620348004F0AEFBB7
:10A040004FF000040346472063F3070404F0A6FB27
:10A0500060F30F24A4B2302C04D913214620FFF75B
:10A06000EDFA13247480482004F098FB4FF00004AC
:10A070000346492063F3070404F090FB60F30F24C8
:10A08000A4B2302C04D90E214820FFF7D7FA0E24B1
:10A09000B4804A2004F082FB4FF0000403464B20BA
:10A0A00063F3070404F07AFB60F30F24A4B2302CAE
:10A0B0001CD911214A20FFF7C1FA112416E000BF74
:10A0C000AA9AFF1F7E9BFF1F529BFF1F6E9AFF1FC6
:10A0D000749AFF1F169CFF1F149CFF1F949BFF1F69
:10A0E000B09AFF1F989AFF1FC49BFF1FF4804C205B
:10A0F00004F054FB4FF0000403464D2063F30704C3
:10A1000004F04CFB60F30F24A4B2302C04D90A21D4
:10A110004C20FFF793FA0A2434814E2004F03EFBD2
:10A120004FF0000403464F2063F3070404F036FBAE
:10A1300060F30F24A4B2012C04D900214E20FFF7B4
:10A140007DFA0024CF4B50201C8004F027FB4FF0F9
:10A1500000040346512063F3070404F01FFB60F37F
:10A160000F24A4B2631E0B2B04D906215020FFF745
:10A1700065FA0624C44B52201C8004F00FFB4FF0FC
:10A1800000040346532063F3070404F007FB60F365
:10A190000F24A4B2042C04D902215220FFF74EFA56
:10A1A0000224BA4B54201C8004F0F8FA4FF000044B
:10A1B0000346552063F3070404F0F0FA60F30F241C
:10A1C000A4B2631E1D2B04D90C215420FFF736FACC
:10A1D0000C24AF4B56201C8004F0E0FA4FF0000432
:10A1E0000346572063F3070404F0D8FA60F30F2402
:10A1F000A4B2012C04D900215620FFF71FFA002435
:10A20000A44B58201C8004F0C9FA4FF00004034608
:10A21000592063F3070404F0C1FA60F30F24A4B2D9
:10A220007F2C04D900215820FFF708FA00249A4B0C
:10A230005A201C8004F0B2FA4FF0000403465B2061
:10A2400063F3070404F0AAFA60F30F24A4B2631EB8
:10A25000092B04D901215A20FFF7F0F901248F4B73
:10A260005C201C8004F09AFA4FF0000403465D2045
:10A2700063F3070404F092FA60F30F24A4B2631EA0
:10A28000102B04D908215C20FFF7D8F90824844B4F
:10A290005E201C8004F082FA4FF0000403465F2029
:10A2A00063F3070404F07AFA60F30F24A4B2631E88
:10A2B0001D2B04D90F215E20FFF7C0F90F24794B25
:10A2C00060201C8004F06AFA4FF00004034661200D
:10A2D00063F3070404F062FA60F30F24A4B2022CC3
:10A2E00004D900216020FFF7A9F900246E4B6420F7
:10A2F0001C8004F053FA4FF000040346652063F31A
:10A30000070404F04BFA60F30F24A4B2012C04D923
:10A3100001216420FFF792F90124644B62201C8024
:10A3200004F03CFA4FF000040346632063F3070493
:10A3300004F034FA60F30F24A4B2E31E012B04D915
:10A3400004216220FFF77AF90424594B66201C800F
:10A3500004F024FA4FF000040346672063F3070477
:10A3600004F01CFA60F30F24A4B27F2C04D900215E
:10A370006620FFF763F900244E4B68201C8004F030
:10A380000DFA4FF000040346692063F3070404F05C
:10A3900005FA60F30F24A4B27F2C04D90B216820A6
:10A3A000FFF74CF90B24444B6A201C8004F0F6F9AB
:10A3B0004FF0000403466B2063F3070404F0EEF94A
:10A3C00060F30F24A4B27F2C04D97F216A20FFF709
:10A3D00035F97F24394B6C201C8004F0DFF94FF0F5
:10A3E000000403466D2063F3070404F0D7F960F31B
:10A3F0000F24A4B2062C04D900216C20FFF71EF90B
:10A4000000242F4B6E201C8004F0C8F94FF000048C
:10A4100003466F2063F3070404F0C0F960F30F24D0
:10A42000A4B2192C04D900216E20FFF707F90024EB
:10A43000244B70201C8004F0B1F94FF00004034657
:10A44000712063F3070404F0A9F960F30F24A4B2A8
:10A45000032C04D900217020FFF7F0F800241A4BD8
:10A4600072201C8004F09AF94FF000040346732018
:10A4700063F3070404F092F960F30F24A4B2062CEE
:10A4800029D923E0B49BFF1F788EFF1F768EFF1F14
:10A490007C8EFF1F209CFF1F289AFF1F2A9AFF1FF8
:10A4A0007A8EFF1F7E8EFF1F1E9CFF1F949AFF1F38
:10A4B000129CFF1FA69AFF1F2A9BFF1F2C9BFF1FAA
:10A4C000CC9AFF1F449BFF1F0C9AFF1F0021722094
:10A4D000FFF7B4F80024D44B74201C8004F05EF91C
:10A4E0004FF000040346752063F3070404F056F9A7
:10A4F00060F30F24A4B2072C04D900217420FFF7C5
:10A500009DF80024C94B8A201C8004F047F94FF0C5
:10A51000000403468B2063F3070404F03FF960F363
:10A520000F24A4B20A2C04D900218A20FFF786F850
:10A530000024BF4B8C201C8004F030F94FF0000445
:10A5400003468D2063F3070404F028F960F30F2419
:10A55000A4B2042C04D900218C20FFF76FF800244A
:10A56000B44B98201C8004F019F94FF00004034606
:10A57000992063F3070404F011F960F30F24A4B2E7
:10A58000012C04D900219820FFF758F80024AA4B89
:10A590009A201C8004F002F94FF0000403469B202F
:10A5A00063F3070404F0FAF860F30F24A4B2012C5B
:10A5B00004D900219A20FFF741F800249F4B9620F0
:10A5C0001C8004F0EBF84FF000040346972063F37F
:10A5D000070404F0E3F860F30F24A4B20B2C04D9B1
:10A5E00000219620FFF72AF80024954B9C201C8020
:10A5F00004F0D4F84FF0000403469D2063F30704F1
:10A6000004F0CCF860F30F24A4B2A31E032B04D9EA
:10A6100005219C20FFF712F805248A4B76201C8028
:10A6200004F0BCF84FF000040346772063F30704FE
:10A6300004F0B4F860F30F24A4B2302C04D91F2125
:10A640007620FEF7FBFF1F247F4E7820348004F035
:10A65000A5F84FF000040346792063F3070404F0E3
:10A660009DF860F30F24A4B2302C04D91321782074
:10A67000FEF7E4FF132474807A2004F08FF84FF083
:10A68000000403467B2063F3070404F087F860F3BB
:10A690000F24A4B2302C04D90E217A20FEF7CEFF6D
:10A6A0000E24B4807C2004F079F84FF000040346B7
:10A6B0007D2063F3070404F071F860F30F24A4B263
:10A6C000302C04D911217C20FEF7B8FF1124F4802E
:10A6D0007E2004F063F84FF0000403467F2063F30C
:10A6E000070404F05BF860F30F24A4B2302C04D903
:10A6F0000A217E20FEF7A2FF0A243481802004F084
:10A700004DF84FF000040346812063F3070404F082
:10A7100045F860F30F24A4B2302C04D91F21802007
:10A72000FEF78CFF1F24494E8220348004F036F857
:10A730004FF000040346832063F3070404F02EF86F
:10A7400060F30F24A4B2302C04D913218220FEF729
:10A7500075FF13247480842004F020F84FF0000467
:10A760000346852063F3070404F018F860F30F2410
:10A77000A4B2302C04D90E218420FEF75FFF0E24F2
:10A78000B480862004F00AF84FF0000403468720C6
:10A7900063F3070404F002F860F30F24A4B2302C32
:10A7A00004D911218620FEF749FF1124F480882066
:10A7B00003F0F4FF4FF000040346892063F307041D
:10A7C00003F0ECFF60F30F24A4B2302C04D90A216B
:10A7D0008820FEF733FF0A243481A02003F0DEFF37
:10A7E0004FF000040346A12063F3070403F0D6FFF3
:10A7F00060F30F24A4B2012C04D90021A020FEF79D
:10A800001DFF0024124B9E201C8003F0C7FF4FF059
:10A81000000403469F2063F3070403F0BFFF60F3C7
:10A820000F24A4B216E000BFFC9AFF1FFA9AFF1F84
:10A83000A09BFF1FD29AFF1FD09AFF1FCE9AFF1F27
:10A84000049BFF1F069BFF1FD09BFF1FDC9BFF1F6E
:10A850007A9BFF1FE31E0C2B04D906219E20FEF7D6
:10A86000EDFE0624CF4BA2201C8003F097FF4FF093
:10A8700000040346A32063F3070403F08FFF60F393
:10A880000F24A4B27F2C04D97F21A220FEF7D6FE8C
:10A890007F24C54BA4201C8003F080FF4FF00004F0
:10A8A0000346A52063F3070403F078FF60F30F2449
:10A8B000A4B2A4F5AF63B3F5167F06D940F2A46144
:10A8C000A420FEF7BBFE40F2A464B84BA6201C8077
:10A8D00003F064FF4FF000040346A72063F307046E
:10A8E00003F05CFF60F30F24A4B2A4F5AF63B3F5EB
:10A8F000167F06D94FF4E161A620FEF79FFE4FF4C4
:10A90000E164AB4BA8201C8003F048FF4FF000042B
:10A910000346A92063F3070403F040FF60F30F240C
:10A92000A4B2062C04D90021A820FEF787FE00243B
:10A93000A04BAA201C8003F031FF4FF00004034617
:10A94000AB2063F3070403F029FF60F30F24A4B2E4
:10A95000032C04D90021AA20FEF770FE0024964B98
:10A96000AC201C8003F01AFF4FF000040346AD201A
:10A9700063F3070403F012FF60F30F24A4B2082C62
:10A9800004D90221AC20FEF759FE02248B4BB020E3
:10A990001C8003F003FF4FF000040346B12063F373
:10A9A000070403F0FBFE60F30F24A4B2072C04D9C4
:10A9B0000121B020FEF742FE0124814BAE201C8015
:10A9C00003F0ECFE4FF000040346AF2063F30704EE
:10A9D00003F0E4FE60F30F24A4B27F2C04D901211C
:10A9E000AE20FEF72BFE0124764BB2201C8003F034
:10A9F000D5FE4FF000040346B32063F3070403F0D1
:10AA0000CDFE60F30F24A4B27F2C04D90B21B22019
:10AA1000FEF714FE0B246C4BB4201C8003F0BEFE2A
:10AA20004FF000040346B52063F3070403F0B6FEBD
:10AA300060F30F24A4B2631EC62B04D96421B42092
:10AA4000FEF7FCFD6424614BB6201C8003F0A6FEDB
:10AA50004FF000040346B72063F3070403F09EFEA3
:10AA600060F30F24A4B2631EC62B04D96421B62060
:10AA7000FEF7E4FD6424564BB8201C8003F08EFEE4
:10AA80004FF000040346B92063F3070403F086FE89
:10AA900060F30F24A4B2082C04D90321B820FEF7D8
:10AAA000CDFD03244B4BBA201C8003F077FE4FF002
:10AAB00000040346BB2063F3070403F06FFE60F35A
:10AAC0000F24A4B2032C04D90121BA20FEF7B6FD4D
:10AAD0000124414BBC201C8003F060FE4FF00004B9
:10AAE0000346BD2063F3070403F058FE60F30F2410
:10AAF000A4B27F2C04D90021BC20FEF79FFD0024C6
:10AB0000364BBE201C8003F049FE4FF00004034684
:10AB1000BF2063F3070403F041FE60F30F24A4B2E7
:10AB20007F2C04D90021BE20FEF788FD00242C4B89
:10AB3000C0201C8003F032FE4FF000040346C12009
:10AB400063F3070403F02AFE60F30F24A4B2012C80
:10AB500004D90121C020FEF771FD0124214BC22040
:10AB60001C8003F01BFE4FF000040346C32063F378
:10AB7000070403F013FE60F30F24A4B21E2C04D9C3
:10AB80000A21C220FEF75AFD0A242B881648174ACC
:10AB9000048003F0010116481180C3F340041549F5
:10ABA000048029E03A8DFF1FA49BFF1F3C9BFF1FE1
:10ABB000329BFF1F1E9AFF1F1C9AFF1F129AFF1F36
:10ABC000309BFF1F109AFF1F2E9BFF1F889AFF1FAD
:10ABD0007C9AFF1F8A9AFF1FC09BFF1FA69BFF1F27
:10ABE000EC9AFF1F1C9CFF1F748EFF1FAE9AFF1F65
:10ABF000269BFF1F289BFF1FC3F380052F4A304C65
:10AC00000D803048C3F3C001C3F3001511702580D7
:10AC10002D492E4AC3F340140480C3F38010C3F3BC
:10AC2000C0130880138070BDA3B24FF6FF72934229
:10AC30003EF430AD302B3EF4AFAE172B7EF62AAD8E
:10AC4000192B7EF693AD1B2B7EF6B0AD1C2B3EF47C
:10AC5000C5AD1E2B7EF6CAAD1F2B3EF4CFAD202B0B
:10AC60003EF4E8AD212B3EF4F1AD222B3EF4F6ADDF
:10AC7000232B3EF4FFAD242B3EF430AE252B3EF4C7
:10AC800035AE262B3EF436AE272B3EF43BAE282BBA
:10AC90003EF446AE292B3EF44BAE2A2B3EF458AE82
:10ACA0002B2B3EF45DAE2C2B3EF45EAE2D2B3EF4F2
:10ACB0005FAE2F2B3EF66CAEFEF75EBE439CFF1FD1
:10ACC000D69AFF1FFC9BFF1F0E9AFF1FBE9AFF1F05
:10ACD00038B5054603F062FD4FF000040346681CDA
:10ACE00063F3070403F05AFD60F30F24A0B238BDEC
:10ACF00070B5D52082B007F0CFF82C4B2C491B68DB
:10AD00000546180C0822A870E81C2B8003F08EFD65
:10AD1000C420FEF739FCC0F30F23E8722B73002424
:10AD2000204603F03BFD0346601C63F3070603F077
:10AD300035FD60F30F26B0B2FEF726FC2B19023466
:10AD4000C42CA3F80D00EBD11A486C1E05F1D006F7
:10AD50004FF0FF3114F8013F0822594041F300033E
:10AD6000013A034012F0FF0283EA5101F6D1A642F4
:10AD7000F0D1C8430192FEF719FCC0F30741030E5E
:10AD8000C0F3072485F8D10085F8D3102846019A2E
:10AD900085F8D240D52185F8D43006F039F8284618
:10ADA00002B0BDE8704007F07FB800BFC056010098
:10ADB000685501002083B8ED10B5154C0FCC86B056
:10ADC000EC46ACE80F0094E80300124B4CF8040B7F
:10ADD0001B68ACF800101C0C0F49ADF800300522C0
:10ADE0000DF10D008DF8024003F020FD3020FEF73C
:10ADF000CBFB00220346C0F30F24122168468DF8D6
:10AE00000B308DF80C4006F003F806B010BD00BF03
:10AE100080550100C0560100D43D0100002006F01D
:10AE200079B800BF03F084BC30B5104D83B0002169
:10AE3000402300932022802301910446284602F0FB
:10AE400055FB4FF400124FF001132A616B613CB1C6
:10AE5000204607F075FE21460246284603F074FAA4
:10AE6000024803B0BDE8304002F044B9989CFF1F8F
:10AE700070B50546414882B005F1FF3C05F1D006AA
:10AE80004FF0FF321CF8013F08245A4042F3000300
:10AE9000611E034011F0FF0483EA5202F6D1B4456B
:10AEA000F0D1D043FEF782FB0422064605F1D10122
:10AEB0000DEB020003F0BAFC019B9E4202D0B3F1FD
:10AEC0007F2F4ED105F10B00FEF766FBC42835D16C
:10AED0000D352846FEF760FB302848D1002440F6A7
:10AEE000AC561CE0042B20D0062B33D0082B31D0DD
:10AEF0000A2B29D00C2B27D0222B25D0242B23D072
:10AF00002A2B05D1A0F1320292B2B2F5967F03D876
:10AF100001461846FEF792FB0234C42C0BD02819C8
:10AF2000FEF73AFB022CA3B2DCD1B0F5805FEFD381
:10AF30000234C42CF3D1012002B070BD1048FFF7D9
:10AF400073FF002002B070BDA0F5FA7292B2B24257
:10AF5000DED9E1E7A0F52F7292B2B2F57A6FDBD8B5
:10AF6000D6E70848FFF760FF204602B070BD0648EC
:10AF7000FFF75AFF002002B070BD00BF2083B8ED7C
:10AF8000AC55010098550100C055010003292CD98A
:10AF900030B5437885B005462BBB0B290C4605D947
:10AFA00038490522043007F00FFDF8B13648374C18
:10AFB000FFF73AFF364B93E80700364B25681C68CD
:10AFC00001AB83E807002A0C4FEA144C8DF80620E9
:10AFD000184600220B21ADF80450ADF80C408DF856
:10AFE0000EC005F015FF05B030BD7047032205F116
:10AFF0000901684607F02EFDBDF8003043F26302F8
:10B00000934210D043F2630293421BD043F2630297
:10B01000934223D020481D4CFFF706FF1C4B93E8BA
:10B0200007001E4BCAE79DF80220302AEAD11C48CF
:10B03000FFF7FAFEFFF75CFE1A4805B0BDE83040A6
:10B04000FFF7F2BE9DF80220332ADFD11648FFF742
:10B05000EBFE05B0BDE83040FFF7AEBE9DF8023014
:10B06000322BD7D11148FFF7DFFEA31E9BB2D42BA2
:10B0700006D9681CFFF7FCFE0028B4D00C48DCE7BA
:10B080000C48DAE7F0550100F8550100C056010000
:10B09000745501000C5601007C56010090560100C9
:10B0A00014560100285601003C5601005456010078
:10B0B00068560100D85501002DE9F843184F3B6848
:10B0C00081460C46164613B3DFF85880B8F8005096
:10B0D0006918184689B2A8F8001007F0A9F90346C4
:10B0E0002844224649463B6003F0A0FB0EB9BDE868
:10B0F000F883B8F800103868FFF748FF386806F0A2
:10B10000D3FE00233B60A8F80030BDE8F883DFF8E9
:10B1100014800846A8F8001006F0BEFE0346E0E7DB
:10B120000C9DFF1F089DFF1F10B51C4C4FF4FA70BB
:10B13000FBF754F8204601F0CDFF4FF0011300213A
:10B1400020466361216102F035FE15490B2220463D
:10B1500003F0FAF8204603F059F912490F2220466D
:10B1600003F0F2F8204603F051F90F490722204678
:10B1700003F0EAF8204603F049F9204601F0BAFF4F
:10B180000A4B0B4A1A604FF4FA70FBF727F8FFF7E7
:10B1900013FEBDE810400748FFF746BE989CFF1F0E
:10B1A00094560100A0560100B0560100F09FFF1F09
:10B1B000B9B00000B85601000020704790F8612037
:10B1C00090F86000101A704790F8603090F8612095
:10B1D0009A4205D95A1C034480F86020187E7047B3
:10B1E0004FF0FF30704700BF90F8603090F861205A
:10B1F0009A4286BFC018007E4FF0FF30704700BFF4
:10B20000704700BFB0F8AE302BB190F8AD30482B8E
:10B2100003D90123436000207047C218013380F82E
:10B22000AD30012082F86310704700BF38B5B0F828
:10B23000AE40A4B190F8AD30C3F14904A24284BF3E
:10B2400001224260054698BF1446633018442246E6
:10B2500003F0ECFA95F8AD30234485F8AD30204684
:10B2600038BD00BF70B5164C2369DB7813F020059C
:10B2700014D094F8B0300133DBB2012B84F8B03035
:10B2800002D894F8AF3043B9636994F8B1201344FD
:10B29000BDE87040187A03F0CFBC70BD636994F8C4
:10B2A000B1201344187A03F0C7FCD4F8B830002B4F
:10B2B000F3D094F8610084F86050BDE870401847FE
:10B2C000C890FF1F70B5164C2369DB7813F020057A
:10B2D00014D094F8B0300133DBB2012B84F8B030D5
:10B2E00002D894F8AF3043B9636994F8B12013449D
:10B2F000BDE87040187A03F09FBC70BD636994F894
:10B30000B1201344187A03F097FCD4F8B830002B1E
:10B31000F3D094F8610084F86050BDE8704018479D
:10B320000C90FF1F42690023A0F86030C0F8AC30D9
:10B3300010B4D2E900140A68C0F8B430224304699A
:10B34000C0F8B8300A60A370426990F8B13018496B
:10B35000134493F808C05B7B01EBCC0C1B02DCF8B8
:10B36000044003F4E06343F06403236090F8B230D8
:10B3700013449C7CDB7D01EBC4011B024C6811680B
:10B3800003F4E06343F064032360096853681942DF
:10B3900005D0036927225A70036904229A71036950
:10B3A00020225A71036980229A7010BC704700BF36
:10B3B000D86201004369D3E9002312681A420CD015
:10B3C000084B99420AD9084B9942036994BF1A2243
:10B3D0000D225A70036904229A717047036927226B
:10B3E0005A70F7E77F1A06003F420F0010B5036955
:10B3F000D978CAB2C906044622D510215006D970A0
:10B400001DD512F0040250D03D49D4F8B4200023D9
:10B410000B7084F8AD30002A5BD0904794F8AD30C3
:10B42000002B56D02369D0229A70236994F86320A8
:10B430001A712369012284F8AC200222DA7010BD4F
:10B440005106DED4997811F0100117D12D4A80F8F9
:10B45000B01090424FD02C4A904241D094F86110E5
:10B460001A794729D2B2E8D8254800780028E4D0D4
:10B47000481C214484F861000A76DEE712F00102DC
:10B4800020D190F8AC1090F8AD00884281BF4A1CE2
:10B49000091984F8AC2091F863201A712369D0222D
:10B4A0009A7023690222DA70C9E7236984F861205F
:10B4B000C0219970124A2369012111700222187962
:10B4C000DA70BCE7C0229A7003691A790222DA7036
:10B4D000B5E70122002384F8AD2084F86330A1E7AA
:10B4E000436990F8B120094913440322187A03F004
:10B4F0002FFB2369B2E7436990F8B1200449F3E7D1
:10B50000109DFF1F0C90FF1FC890FF1F65B2000029
:10B51000C5B200002DE9F047374C0269236882B0BC
:10B520000093DDF80080D378990618D5334E054690
:10B53000002102E0D3789B0611D523680193019B7B
:10B54000A3EB08030F2BF5D969B1102BF2D0002023
:10B5500090702B6980229A7002B0BDE8F0870120BC
:10B5600002B0BDE8F08795F8B1206B69134405215E
:10B57000187A03F0C1FD6B6995F8B12013440121DD
:10B5800093F812A0504603F0B7FD09274FF0A00929
:10B590000021504603F07CFD4B46013BFDD10121CB
:10B5A000504603F075FD4B46013BFDD1013FEFD105
:10B5B000696995F8B1300B444FF4A072187A5B7B3F
:10B5C00006EBC0001B02406803F4E06343F0640331
:10B5D000036095F8B2300B44997CDB7D06EBC1012A
:10B5E0001B02496803F4E06343F064030B60013A13
:10B5F000FDD101212A699DE7909DFF1FD8620100BE
:10B60000F0B503691222DA700269937813F020060C
:10B6100085B004460D4652D0B42393703249206958
:10B620000B680093009E05E00A680192019A921B44
:10B63000042A3DD8C37813F02003F5D094F8AD3038
:10B640006BB34FF0000CE646022604EB0E0393F8B2
:10B65000633003710B680293029F206907E0920632
:10B660000AD50A680392039AD21B052A20D8C37808
:10B67000DAB213F00203F2D0C6702369DA78D7B2D7
:10B68000D206184626D4BA0624D5FA0726D494F84A
:10B69000AD300CF1010C5FFA8CFE7345D5D800205B
:10B6A00015B1236980229A70002384F8AE3004E03B
:10B6B0008370236980229A70042005B0F0BDFFF7E3
:10B6C00029FF28B1236984F8AF60B0229A70A5E7FA
:10B6D0000420F2E780229A700420E1E7BEF1000F17
:10B6E0000CBF02200320DDE7909DFF1F2DE9F047EE
:10B6F0009046994600220369A0F860201222DA7071
:10B7000003699C7814F0200588B007468A4600F04B
:10B710009F80B4229A70704E3B6932680092009A02
:10B7200008E030680190019CA4EB020CBCF1040F0E
:10B7300000F28680DC7814F02005F2D04FEA4A024D
:10B7400042F00102D2B21A713368029302983A6948
:10B7500006E0336803930399091A052900F28280F1
:10B76000D47814F00205F4D04FF0020C82F803C034
:10B770003B69DC7814F011057CD1B8F1000F00F0C2
:10B780008480B8F1010F00F08D80A0229A70396991
:10B790000B794FF0A80E33680493049805E03268E3
:10B7A0000592059A121A052A68D8CB7813F002037D
:10B7B000F5D081F803C03969CB78DCB2DB060846E6
:10B7C0000A4641D4A4063FD508F1FF385FFA88F84D
:10B7D000B8F1010F04D181F802E0396908460A4640
:10B7E000472D59D90379B8F1010FD4D133680693A5
:10B7F000069805E0316807910799091A052956D876
:10B80000D37813F00203F5D00223D3703A69D378CA
:10B81000D806D9B255D48B0616D5B023472D9370D0
:10B820004CD83A697C19127922766B1CDDB2B9F1D9
:10B83000000F02D03B6980229A7087F8615003E0C4
:10B840009D703B6980229A70284608B0BDE8F08759
:10B85000FFF760FE0028F7D03B6987F8AF50B022B1
:10B860009A7058E795703B69802228469A7008B014
:10B87000BDE8F08780229A700025E5E78B703B6970
:10B8800080229A7087F86150DEE7B9F1000F14BF8B
:10B890008022A0229A70D7E77B19007918766C1C59
:10B8A000E5B2A0E7A8229A703A6913799EE79370EF
:10B8B0003B6980229A7087F86150C5E73B691B7924
:10B8C000B5E71021A023D170013BFDD13A699378EF
:10B8D00003F0F7039370B7E7909DFF1F0148FFF750
:10B8E00085BD00BF0C90FF1F0148FFF77FBD00BF63
:10B8F000C890FF1F00220260704700BF0C2901D9C9
:10B900000020704710B5023188B04A00012400239E
:10B91000016802F0FE02CDE9003402A8022300F023
:10B92000EFF802A800F0C6F980B208B010BD00BF61
:10B930002DE9F0438FB001274FF000080197CDF8B3
:10B9400000800C463B4601680546164602A85E226A
:10B9500000F0D6F802A800F0ADF95E2C03D0A4F1F7
:10B960007303072B10D80123224600242968019372
:10B97000009408A800F0C4F82246314608A800F058
:10B9800019F90FB0BDE8F08381464246414602A84E
:10B9900000F010F9296801973B462246CDF8008057
:10B9A00008A800F0ADF84246314608A800F002F9B8
:10B9B00042465FFA89F102A800F0FCF80FB0BDE83A
:10B9C000F08300BF2DE9F043054689B000689DF87B
:10B9D00040800E4691461F4610B1102103F064F8D6
:10B9E000102003F05FF8314604464A4600F084F91F
:10B9F0002C600121204600F089F9064620B9002676
:10BA0000304609B0BDE8F083632280212846FFF765
:10BA10008FFF012003F0CCFB00225E212846FFF7B8
:10BA200087FF012300220193009229685D2202A86A
:10BA300000F066F802A800F03DF9C0B22428DED17B
:10BA4000412421463A462846FFF772FF611C023422
:10BA50004246C9B22846E4B2FFF76AFF592CF0D13A
:10BA6000284601222B21FFF763FF284601222C21C3
:10BA7000FFF75EFF28460E222D21FFF759FF2846CB
:10BA800000222E21FFF754FF284601222F21FFF725
:10BA90004FFF284605223021FFF74AFF28460122A2
:10BAA0003121FFF745FF284600223221FFF740FFF2
:10BAB000284600223321FFF73BFF2846002234218D
:10BAC000FFF736FF284600223521FFF731FF2846D1
:10BAD00000225B21FFF72CFF284610225C21FFF794
:10BAE00027FF284620225D21FFF722FF28468C22CF
:10BAF0005E21FFF71DFF304609B0BDE8F08300BFAF
:10BB000003730023428143619DF8042043609DF844
:10BB10000030016042738373704700BF70B5B0F8A6
:10BB20000AC084B003460068ADF80CC040B15C7B2D
:10BB300003ABCDE90034012300F004F904B070BD7B
:10BB400058680028FAD01E7A032E5FFA8CF521D0AF
:10BB50000C46964676B1022E11D165F07F058DF820
:10BB60000C505B7B0093724603AB214600F008FB50
:10BB700004B070BD05F07F058DF80C50F1E7012E83
:10BB8000EFD19DF80C2002F07F0242F040028DF8C8
:10BB90000C20E6E75B7B8DF80D5001334FEA1C2C3F
:10BBA0002CF0010C009303AB8DF80CC000F0E8FA08
:10BBB000C4E700BF30B50B465AB9047B042C26D825
:10BBC000416154B900F10F012246BDE83040FFF752
:10BBD000A5BF042A14461AD84361857B00F10F01E2
:10BBE00004F10E0C50FA8CFC8E4600F10E025DB989
:10BBF0008EF800300CF1FF3C94454FEA13230EF110
:10BC0000010EE1D0002DF3D08CF80030F2E70020D7
:10BC100030BD00BF10B5844684B04089ADF80C003B
:10BC200014464FEA102EC2B2DCF800000B4648B1B1
:10BC300000219CF80D200191009403A900F0F2F876
:10BC400004B010BDDCF804000028F9D09CF80810FE
:10BC500003291ED079B1022912D102F07F028DF89A
:10BC60000C20FF219CF80D200191009403A900F005
:10BC7000DDFA04B010BD62F07F028DF80C20F0E711
:10BC80000129EED19DF80C2062F03F028DF80C20C6
:10BC9000E7E700948DF80D209CF80D20FF214EF071
:10BCA000010E0191013203A98DF80CE000F0BEFAFB
:10BCB000C6E700BF38B500F10F05027B29460446F0
:10BCC000FFF7A8FFA0B1207B70B10E302318A27B34
:10BCD00029460E34002000023AB91D782843013B62
:10BCE000A34201F10101F6D138BD0D782843F6E7F2
:10BCF0004FF0FF3038BD00BF4FF0000C42602022F3
:10BD0000017080F808C0C260704700BF38B50446B3
:10BD100040680D46FFF706FB012121720DB9084668
:10BD200038BD227863688A4083F8632083F8AE10B8
:10BD300083F8AD106068FFF763FCB0FA80F040094B
:10BD400038BD00BF2DE9F041DDF81C801F46C368F7
:10BD5000154642449A4218D802784368520083F844
:10BD60006320012204460E4683F8AE2083F8AD20FE
:10BD7000B8F1000F0CD0069B53B1406806990368D8
:10BD800042465B689847804502D00020BDE8F081BC
:10BD90006068036831465B682A4698478542F4D15B
:10BDA00060683946FFF72CFCB0FA80F04009BDE826
:10BDB000F08100BF2DE9F84315460646D2B20F4682
:10BDC00001784068FFF792FC854223D1FDB1002441
:10BDD000DFF84C90A04612E090F8603090F86120B7
:10BDE0009A4203F10101034417D980F860101B7EC9
:10BDF00007F808300134A4B2A542A04607D97068FC
:10BE000003685B694B45E7D09847C3B2F0E7012070
:10BE1000BDE8F8830020BDE8F883FF23E8E700BF12
:10BE2000C9B100002DE9F0411F46C368069E9DF888
:10BE30001C809A4211D8054600786B68400083F850
:10BE40006300012083F8AE0083F8AD0068680368E2
:10BE50005B6814469847844202D00020BDE8F08118
:10BE600068684146FFF7CCFB04460028F5D196B13F
:10BE7000EB68321B9A4228BF1A46B31AA3428CBF02
:10BE800000230123391928461444FFF793FF0028A3
:10BE9000E3D0A642ECD80120BDE8F0812DE9F04FB7
:10BEA000037B91F800E0002B0CBF012780271EEADE
:10BEB000070F804B0D4608BF01268168B3FBF1F3E5
:10BEC00018BF0026002A00F0F280DCB2013A5B01C4
:10BED00003F4FF5105EB02083B464FF0000C002C29
:10BEE00062D0002900F0A9800A46013AFDD1427BC8
:10BEF00012F0F70F40F0C28090F91020B2F1FF3F2E
:10BF000000F0CA801EEA030914BF01220022B242D7
:10BF10000ED0B9F1000F00F0A580D0F8149090F881
:10BF200024A099F8002042EA0A02012689F800209C
:10BF3000D0F8189090F826A099F8002042EA0A025A
:10BF400089F800201CB111B10A46013AFDD190F9DF
:10BF50001120013208D0C26990F82590127812EAB7
:10BF6000090F18BF43EA0C0CD0F8189090F826A0DF
:10BF700099F8002022EA0A0289F8002090F911209D
:10BF8000013201D085F800C0027B4AB95B00DBB208
:10BF9000002BA4D1A84500F08A8015F801EF9BE79B
:10BFA0005B08002B9BD1F5E7427B12F0F70F0FD116
:10BFB00090F91020B2F1FF3FA4D1D0F8189090F87A
:10BFC00026A099F8002042EA0A0289F80020BEE77C
:10BFD000D0F8189090F826A099F8002042EA0A02BA
:10BFE00089F8002090F9102001320ED0D0F814907A
:10BFF00090F824A099F800201EEA030F14BF42EA2B
:10C000000A0222EA0A0289F80020D0F8189090F873
:10C0100026A099F8002022EA0A0289F8002090F967
:10C0200011200132B0D0C26990F82590127812EA3E
:10C03000090F18BF43EA0C0CA4E7427B12F0F70F7C
:10C04000C6D190F91020B2F1FF3F7FF45BAFD0F87A
:10C05000189090F826A099F8002042EA0A0289F880
:10C06000002074E7D0F814A090F824B09AF80020CB
:10C0700022EA0B024E468AF8002059E7D0F81890C1
:10C0800090F826A099F8002042EA0A0289F80020D8
:10C090000A46013AFDD1A5E7D0F8189090F826A0FD
:10C0A00099F8002042EA0A0289F800204CE7BDE82E
:10C0B000F08F00BF20A107000368002B36D030B4FA
:10C0C0004268D97A126819B372B6D97ACC0708D502
:10C0D0004FF0E024DD68D4F8800128409861C4F86E
:10C0E0008001880708D54FF0E0241D69D4F8840149
:10C0F0002840D861C4F88401490708D54FF0E020F2
:10C100005C69D0F8881121401962C0F8881162B6C4
:10C110001B68D968914207D0054C06491C6042F063
:10C120008040DA601861196030BC7047704700BF0A
:10C1300001403F0000003F8010B5044690F90E001A
:10C14000431C03D00121C0B202F0A2FF2368B3B1A7
:10C15000DA7AA2B1D00704D54FF0E0219869C1F88E
:10C160000001910704D54FF0E021D869C1F804011E
:10C17000520704D54FF0E0221B6AC2F8083110BD07
:10C180002DE9F047044682B01E460A9D8A46904635
:10C19000FFF792FF94F90E00431C42D1D5B1013E46
:10C1A00006EB05090DF1070503E0FFF777FE4E45A5
:10C1B00010D0276816F8013F8DF807300122294674
:10C1C0002046002FF1D0134638462A4600F0CEF91B
:10C1D0004E45EED1B8F1000F1CD0D0440AF1FF3625
:10C1E00008F1FF380DF1070503E0FFF757FEB045F2
:10C1F00010D0276816F8013F8DF807300122294634
:10C200002046002FF1D0134638462A4600F0AEF9FA
:10C21000B045EED12046FFF78FFF012002B0BDE808
:10C22000F087C0B2002102F033FFB7E72DE9F04FED
:10C23000044683B09B46DDF830A09DF834800F465D
:10C240001546FFF739FF94F90E00431C48D1D5B1CC
:10C25000013F07EB05090DF1070503E0FFF71EFE9F
:10C260004F4510D0266817F8013F8DF8073001229E
:10C2700029462046002EF1D0134630462A4600F0CB
:10C2800075F94F45EED1BAF1000F22D0DA440BF127
:10C29000FF360AF1FF3A0DF1070507E0FFF7FEFD53
:10C2A0009DF8073006F8013FB24512D027688DF897
:10C2B0000780012229462046002FEFD0134638463A
:10C2C0002A4600F053F99DF8073006F8013FB245C1
:10C2D000ECD12046FFF730FF012003B0BDE8F08F1E
:10C2E000C0B2002102F0D4FEB1E700BF844600686E
:10C2F0002DE9F0410C4611461A46C36813F0807FC1
:10C300007A4B03604BD1D30700F1D1809CF82460B5
:10C31000174646EA0626002F00F0B78034B126788B
:10C32000637846EA032676BA0234B6B2DCF8043003
:10C3300093F808E0022F0EF1FF3E4FEA0E3E0CBFCD
:10C3400046F0805346F010431FFA8EFE4363023FCF
:10C350000AE011B105F8010B2946013A03F47043D4
:10C36000734517D9DCF80000C36A13F0F00FF5D05D
:10C3700012F0010F806B0D46EBD1C0F3072819B105
:10C3800005F8028B4870294603F470437345A2F107
:10C390000202E7D8002F78D0DCF80000BEE7D30710
:10C3A0005FD49CF824701646BFB2002E45D024B14D
:10C3B000637814F8027B47EA0327DCF8043093F82B
:10C3C00008E0022E0EF1FF3E4FEA0E3E0CBF47F092
:10C3D000805347F010431FFA8EFE4363023E0AE08B
:10C3E00011B105F8010B2946013A03F47043734576
:10C3F00017D9DCF80000C36A13F0F00FF5D012F083
:10C40000010F806B0D46EBD129B105F8020BC0F38B
:10C4100007204870294603F470437345A2F10202D5
:10C42000E7D856B1DCF80000C1E729B100F8023BBB
:10C43000C3F307234B700146023A82B1DCF80030A7
:10C44000D86A10F0F00FF8D0D4079B6B0846ECD5F3
:10C4500011B100F8013B0146013A002AEED1BDE8D6
:10C46000F08184B314F8013B012A18BF43F0004364
:10C4700043639CF82470561E96E7C3F3072419B152
:10C4800000F8024B4B700146023A002AE7D0DCF874
:10C490000030D86A10F0F00FF7D0D4079B6B084635
:10C4A000EBD511B100F8013B0146013AEDE79CB133
:10C4B00014F8013B012A18BF43F0004343639CF882
:10C4C0002460571E25E79CF82470012A1ABF47F004
:10C4D000004343634763CEE79CF82460012A1ABFF8
:10C4E00046F0004343634663EBE700BF00041F8050
:10C4F000436810B41C685A682168114302682160BF
:10C50000154C16491460D160154C16491461116020
:10C51000417A154A5C180A3194F824C053F8214036
:10C5200002EBCC0149680C60017A5C1803EB8101D5
:10C5300094F818C0CC6902EBCC0149680C60817A90
:10C5400010BC581803EB810390F83000596B02EBD4
:10C55000C00253681960704701401F000110003885
:10C560000110007800001F80D86201000BB1FFF7B6
:10C57000BDBE7047704700BF00291CDBB0F90CC07E
:10C580008C4518DD002A16DBB0F90EC0944512DD8B
:10C5900010B490F81AC0BCF1020F0DD0BCF1030F1B
:10C5A00059D0BCF1010F4CD0012B39D0022B25D032
:10C5B00083B110BC70477047B0F808C00CF1FF3C65
:10C5C000ACEB0101B0F80AC0ACEB0202013A09B2CF
:10C5D00012B2E9E7002AB0F808C0C46A1346B8BF2F
:10C5E000D31DDB1013FB0C1302F00702E15C0120EA
:10C5F00000FA02F221EA0202E254DAE7002A048990
:10C60000C06A1346B8BFD31DDB1013FB041302F03E
:10C610000702C45C012101FA02F26240C254C8E779
:10C62000002A0489C06A1346B8BFD31DDB1013FB70
:10C63000041302F00704C15C0122A2400A43C25461
:10C64000B7E7B0F808C0ACEB020C0CF1FF3C0A46AF
:10C650000FFA8CF1A8E7B0F80AC00CF1FF3CACEB84
:10C66000010C11460FFA8CF29EE700BF0029BEBFF5
:10C670005B181BB20021B0F908C030B55D186545E4
:10C680008E46C4BFACEB01010BB2002BBDF80C40D1
:10C690000EDDC16AD0101CFB00EC02F00700012285
:10C6A0008240012C6144D2B219D0022C0DD004B1C9
:10C6B00030BDD243D2B211FA83F311F8010B10400E
:10C6C000994201F8010CF8D130BD11FA83F311F849
:10C6D000010B50408B4201F8010CF8D130BD11FA2A
:10C6E00083F311F8010B1043994201F8010CF8D1C2
:10C6F00030BD00BF2DE9F041B0F908E0BDF81840A9
:10C700008E452FDD002ABEBF9B1800221BB2B0F958
:10C710000A5094469C44AC45C4BFAD1A2BB2002BC2
:10C7200020DDC2F3C405C66A1EFB051512F0070220
:10C73000DBB206EB05012BD0C2F1080C5FFA8CFCD2
:10C740003E4F634517F80C700ED2ACEB03084FF068
:10C75000FF0E4EFA08FE012C07EA0E0764D0022CE9
:10C760003ED03CB1BDE8F081012C5DD0022C37D029
:10C77000002C3AD116F805E02EEA070E06F805E07F
:10C780006345B0F90850EDD3083A13442944DBB2AD
:10C79000072B16D9022C33D0B4F1000C18BF4FF080
:10C7A000010CCCF1000C5FFA8CFC1A4681F800C039
:10C7B000083AB0F90850D2B2072A2944F6D803F053
:10C7C0000703002BCED01E4A012CD35C31D0022CA3
:10C7D00026D0002CC6D10A7822EA03030B70C1E7E9
:10C7E00016F805E087EA0E0EC8E7083A1344DBB2F4
:10C7F000072B7144D0D8002BB4D0114AD35CE6E7A4
:10C800001A460C78E4430C70083AB0F90840D2B2EA
:10C81000072A2144F5D813F00703A3D0084AD35CB4
:10C820000A7853400B709DE716F805E047EA0E0EB4
:10C83000A4E70A7813430B7094E700BF205C010063
:10C84000285C010010B48C461146827EBDF804407D
:10C85000022A23D0032A1AD0012A0DD0002909DB8D
:10C86000B0F90A208A4205DD01940A4610BC6146EF
:10C87000FFF7FCBE10BC70470289521A013A11B290
:10C880000029F7DB0194624610BCFFF733BF4289F1
:10C890009C44A2EB0C020FFA82FCF1E74289521A87
:10C8A000013A11B202899C44A2EB0C020FFA82FCFD
:10C8B000D4E700BF10B49446827EBDF80440022A3B
:10C8C00024D0032A12D0012A06D000290CDB0194BF
:10C8D000624610BCFFF70EBF02899C44A2EB0C021B
:10C8E00000290FFA82FC07DA10BC70474289521AFD
:10C8F000013A11B20029F7DBB0F90A208A42F3DDD0
:10C9000001940A4610BC6146FFF7B0BE0289521A74
:10C91000013A11B242899C44A2EB0C020FFA82FC4C
:10C92000D3E700BF70B504469DF910601D4600F0C6
:10C930000BFF059AA265069A0C4BE2650C4A6366EA
:10C94000FF23002D08BF154684F833304FF6FF72E1
:10C9500084F8363000236362E36284F83760054B65
:10C96000A2862046A562236070BD00BF0110013879
:10C970000C90FF1FD05B010010B50446C06A08B1DF
:10C9800005F092FA204610BDF8B5836A04460D46BC
:10C99000CBB190F830200126B24083F8632083F8B1
:10C9A000AE6083F8AD60806A036800211B68984719
:10C9B000A06A036829461B689847A06A3146BDE80B
:10C9C000F840FEF71DBE026C016D136823EA0103F7
:10C9D000416A136049B10A684FF00043D36255635E
:10C9E000D36A002BFCDA936BF8BDA66BC36B802176
:10C9F00008203268A76C0D4214BF3A43BA43326034
:10CA00001A68E76C3A431A601A68E76C013822EA40
:10CA100007024FEA51011A60EBD1F8BD70B5044628
:10CA2000806A0D4680B1A16DFEF7C4FCA5F15A01E4
:10CA30002046C9B2FFF7A8FFA06A002841D0E16DE7
:10CA4000BDE87040FEF7B6BC636A002B32D0D97ADD
:10CA5000626E19B372B6D97ACE0708D54FF0E02CC2
:10CA6000DE68DCF8800130409861CCF880018807EE
:10CA700008D54FF0E02C1E69DCF884013040D86105
:10CA8000CCF884014E0708D54FF0E0205E69D0F85D
:10CA9000881131401962C0F8881162B61B68D968E4
:10CAA0008A4207D016491960DA6042F08041154A7F
:10CAB00019611A60626C616D136823EA01031360E7
:10CAC000B4E7626C606D1368616A03431360B1B1CF
:10CAD000CB7AA3B1D80704D54FF0E0228869C2F819
:10CAE00000019A0704D54FF0E022C869C2F804019A
:10CAF0005B0704D54FF0E0230A6AC3F8082170BD34
:10CB000001403F0000003F802DE9F843836A04465E
:10CB10000D469046002B3BD090F830200126520065
:10CB200083F8632083F8AE6083F8AD60806A0368A1
:10CB300000211B689847B8F1000F23D005EB0807C8
:10CB4000B046A06A15F8011B03681B6898470136B8
:10CB5000AF42B6B216D0482EF3D10121A06AFEF73B
:10CB60004FFD94F83020A36A520083F8632083F8C5
:10CB7000AE8083F8AD80A06A036800211B689847E7
:10CB80000126DEE7A06A0121BDE8F843FEF738BDC3
:10CB9000026C016D136823EA01031360B8F1000F02
:10CBA00011D0476A05EB08024FF0004E15F8016BF3
:10CBB0005FB13968C1F82CE04E63CB6A002BFCDA18
:10CBC0008B6B9542F2D1BDE8F883E36BA16B4FF01C
:10CBD000080C8020D1F80080D4F84890064214BF99
:10CBE00048EA090828EA0908C1F80080D3F800805B
:10CBF000D4F84C9048EA0908C3F80080D3F80080C4
:10CC0000D4F84C90BCF1010C28EA09084FEA500016
:10CC1000C3F80080DED1D4E770B50446806A0D46C3
:10CC200070B1A16DFEF7C6FB20462946FFF7ACFEAA
:10CC3000A06A002847D0E16DBDE87040FEF7BABB9E
:10CC4000636A002B32D0D97A626E19B372B6D97A80
:10CC5000CE0708D54FF0E02CDE68DCF880013040CC
:10CC60009861CCF88001880708D54FF0E02C1E6948
:10CC7000DCF884013040D861CCF884014E0708D537
:10CC80004FF0E0205E69D0F8881131401962C0F899
:10CC9000881162B61B68D968914207D0194919609A
:10CCA000DA6042F08041184A19611A60626C616D65
:10CCB000136823EA0103204613602946FFF764FE48
:10CCC000A06A0028B7D1626C606D1368616A034383
:10CCD0001360B1B1CB7AA3B1D80704D54FF0E022ED
:10CCE0008869C2F800019A0704D54FF0E022C869AC
:10CCF000C2F804015B0704D54FF0E0230A6AC3F8C9
:10CD0000082170BD01403F0000003F802DE9F04345
:10CD1000044685B0C06A9DF830801E460F46B4F9BF
:10CD20000A301546002800F0748113F1070948BF46
:10CD300003F10E09B4F908304FEAE90903FB09F9D8
:10CD40004A46002105F0EEFDB4F90A00202800F360
:10CD5000E880B4F908102038733900EBD0707323E1
:10CD60004FF0010E01EBD1714FF020098DE8084220
:10CD700040F34F02B54B204641F34F0100F02AFD2E
:10CD8000A06A84F83170002800F0E980002D40F09E
:10CD90003481B4F90A30202B0CBF3C253D2584F8A2
:10CDA0003050B8F1000F40F02F81002E00F0FF80CE
:10CDB00094F93700002818DB0121C0B202F09CF979
:10CDC000012194F8370002F063F9012002F0F0F934
:10CDD000002194F8370002F05BF90A2002F0E8F92C
:10CDE00094F83700012102F053F9A06A002840F0BE
:10CDF000DE80636A002B32D0D97A626E19B372B6C4
:10CE0000D97ACF0708D54FF0E025DE68D5F8800144
:10CE100030409861C5F880018E0708D54FF0E025B5
:10CE20001E69D5F884013040D861C5F884014D07EA
:10CE300008D54FF0E0205D69D0F8881129401962CB
:10CE4000C0F8881162B61B68D9688A4207D0804D45
:10CE500080491D6042F08040DA6018611960626CA0
:10CE6000616D136823EA0103136004227A492046A6
:10CE7000FFF74AFE618901392046C9B2FFF784FDF8
:10CE8000764904222046FFF73FFE94F93130012B0A
:10CE90000CBF102114212046FFF776FD70490422B3
:10CEA0002046FFF731FEA3686E4A8F21934284F833
:10CEB000601008D002F50012934200F0BD806A4A6B
:10CEC000934200F0D9800225DA212046FFF75CFD6D
:10CED00029462046FFF758FD81212046FFF754FDE3
:10CEE00094F860102046FFF74FFDD9212046FFF748
:10CEF0004BFD94F93130012B0CBF2221F12120464A
:10CF0000FFF742FD204659490622FFF7FDFDA06AC2
:10CF1000002850D0E16DFEF74DFA012005B0BDE8C4
:10CF2000F083B4F908104038C0F3C033523903FA23
:10CF300080F04FF0400C52234FF0010E01EBD17105
:10CF40008DE8085042104A4B204641F34F0100F053
:10CF500041FCA06A84F8317000287FF417AF94F880
:10CF60003500444F012102F0C7F894F83600012142
:10CF700002F0C2F894F93530606A57F83330236410
:10CF800094F93630012557F83330256565651A6800
:10CF900063642A431A6000287DD0B8F1000F75D170
:10CFA000002E7FF405AFA06A00283FF422AFA16DE8
:10CFB000FEF700FA59E7626C606D1368616A03431B
:10CFC0001360B1B1CB7AA3B1D80704D54FF0E022FA
:10CFD0008869C2F800019A0704D54FF0E022C869B9
:10CFE000C2F804015B0704D54FF0E0230A6AC3F8D6
:10CFF0000821012005B0BDE8F0836DB284F83050FF
:10D00000B8F1000F3FF4D1AEFEF78CF9002ECAD074
:10D01000CEE613F1070948BF03F10E09B4F9083051
:10D020004FEAE90903FB09F9484604F035FFE062DD
:10D0300000287FF485AE71E794F93130012B0CBFE5
:10D040009F23CF23122584F860303DE7E859010083
:10D0500001403F0000003F80305C0100345C010073
:10D06000385C010080002000600010003C5C010082
:10D0700028570100D862010094F93130012B0CBF10
:10D080001023AF23022584F860301DE7FFF730FA44
:10D09000002E88D08CE694F83300294602F02CF854
:10D0A00094F83400294602F027F894F9333057F801
:10D0B0003330A36394F93430A56457F83330E56412
:10D0C0001A68E36322F001021A60002E3FF46BAF8E
:10D0D0006EE600BFB0F90A20D31D48BF02F10E036F
:10D0E000B0F90820C06ADB1003FB02F2002105F052
:10D0F00019BC00BF2DE9F8430446806A002861D0BE
:10D10000A16DFEF757F905227D492046FFF7FCFC8B
:10D11000218901392046C9B2FFF736FCB4F90A204B
:10D12000B4F808C0E56AD31D48BF02F10E03DB1056
:10D13000A26A1CFB03FC1FFA8CF8002A7FD094F82B
:10D14000303001265B0082F8633082F8AE6082F8EE
:10D15000AD60A06A036840211B689847B8F1000FD2
:10D1600023D005EB0807B046A06A15F8011B036839
:10D170001B6898470136BD42B6B216D0482EF3D18F
:10D180000121A06AFEF73CFA94F83020A36A52000D
:10D1900083F8632083F8AE8083F8AD80A06A0368CB
:10D1A00040211B6898470126DEE7A06A0121FEF7AF
:10D1B00027FAA06A002800F0A080E16DBDE8F843DE
:10D1C000FEF7F8B8636A002B32D0D97A626E19B3D1
:10D1D00072B6D97ACE0708D54FF0E025DE68D5F8CB
:10D1E000800130409861C5F880018D0708D54FF067
:10D1F000E0251E69D5F884013040D861C5F8840166
:10D20000480708D54FF0E0205D69D0F88811294023
:10D210001962C0F8881162B61B68D9688A4207D0C3
:10D22000384D39491D6042F08040DA60186119605C
:10D23000626C616D136823EA0103136063E7226C7B
:10D24000216D1368676A0B431360B8F1000F10D0AB
:10D2500005EB080C4FF0004E15F8016B47B33A6828
:10D26000C2F82CE05663D36A002BFCDA936B654559
:10D27000F2D1626C616D13680B431360B7B1FB7A36
:10D28000A3B1D90704D54FF0E022B969C2F8001163
:10D290009A0704D54FF0E022F969C2F804115B0740
:10D2A00004D54FF0E0233A6AC3F80821BDE8F883BB
:10D2B000E36BA06B08218022D0F80080D4F848905E
:10D2C000164214BF48EA090828EA0908C0F8008095
:10D2D000D3F80080D4F84C9048EA0908C3F80080DD
:10D2E000D3F80080D4F84C90013928EA09084FEAB5
:10D2F0005202C3F80080DFD1B9E7676AB9E700BF1F
:10D30000445C010001403F0000003F80704700BFC7
:10D3100010B404682469A44610BC604730B40468A3
:10D32000BDF808500295A46BA44630BC604700BF0E
:10D3300030B40468BDF808500295E46BA44630BCD4
:10D34000604700BF30B4BDF9085002950468BDF8CD
:10D350000C500395246CA44630BC604710B582B0D5
:10D36000B0F90E200468019100920022246CB0F9FB
:10D370000C301146A04702B010BD00BF704700BF7F
:10D3800001F003038376CB0759BF0289B0F90A3055
:10D390004289B0F908308281C38170472DE9F0419C
:10D3A0001C460B460168124E4F6984B0B742BDF867
:10D3B0002880054610D1013C144424B2CDF80480E5
:10D3C00000948C6A28461946A0472B68DB6AB34252
:10D3D00009D104B0BDE8F08103920293B8472968EF
:10D3E000039A029BE7E7284604B0BDE8F0411847DE
:10D3F0000DD300002DE9F0410668124F1C467369F9
:10D4000084B0BB42BDF8288005460FD1631ECDF81D
:10D4100004800B4400921BB2B46A2846A0472B68D4
:10D42000DB6ABB4209D104B0BDE8F08103920291EE
:10D4300098472E68039A0299E8E7284604B0BDE8A9
:10D44000F04118470DD300002DE9F04387B0994211
:10D45000BDF93840BDF83C60054622D0A24212D04A
:10D460000768DFF88480D7F81490C14533D1CDE93F
:10D4700000462846BC6AA0472B68DB6A434525D195
:10D4800007B0BDE8F08399421CDC0E962C6801338E
:10D49000E46B5B1A1BB22846A44607B0BDE8F04314
:10D4A0006047A24202DD134622461C460E96631CCC
:10D4B0002C68A46B9B1A1BB22846A44607B0BDE893
:10D4C000F0436047084619460346DEE7284607B0A2
:10D4D000BDE8F0431847059304920391C84703A998
:10D4E0000EC92F68C3E700BF0DD300002DE9F04F30
:10D4F000D0F800C090461F461F4ADCF8143083B0B5
:10D500009342BDF93090BDF834A005460C4629D1B0
:10D510002744A7421EDDDFF864B00AE0CDF800A082
:10D520000134DCF8386024B2B047BC42D5F800C002
:10D5300010DADCF820605E454B464246214628461C
:10D54000ECD00134CDF800A024B2B047BC42D5F8ED
:10D5500000C0EEDBDCF82C30074A934206D103B062
:10D56000BDE8F08F9847D5F800C0D1E7284603B052
:10D57000BDE8F04F184700BF0DD300001DD30000D9
:10D580002DE9F04F1D460368894616462C495A6915
:10D5900083B08A42BDF93080BDF83470044641D171
:10D5A000D3F824B0DFF89CA00097D34508BFD3F888
:10D5B0003CB032462B4649462046D8472368D3F82C
:10D5C00024B0009708F1FF323244D34512B231D172
:10D5D000D3F83CA049462B462046D0472368DFF8C5
:10D5E00068A0D3F820B00097D34508BFD3F838B06F
:10D5F0003246434649462046D847013D23684D44BC
:10D6000029B21D6A0097554508BF9D6B32464346B7
:10D610002046A84723680A4ADB6A934205D103B033
:10D62000BDE8F08F90472368BAE7204603B0BDE815
:10D63000F04F18472B4649462046D847CEE700BF53
:10D640000DD3000031D300001DD300002DE9F04FB1
:10D6500085B01F46BDF938C0BDF83C80A7EB010A74
:10D66000ACEB0203BAF1000F814683EAE370A0EB52
:10D67000E370B8BFCAF1000A50450D461646009047
:10D680005ADD39462C462A463B46354667462646ED
:10D690008C46BD4208DD9646344629461A46664603
:10D6A0003D467346A4460F469B1A7A1B002BC2F3D5
:10D6B000C03404FA82F4B8BF5B4292B2B44502921D
:10D6C0004FEA640430DD012203929BB2CB46019302
:10D6D000B94618E08769DFF86CC06745314628D144
:10D6E00007695846B847019BE31A1CB20135002C64
:10D6F0002DB29BB205DA029A13441CB2039B1E445E
:10D7000036B2A94512DB009BDBF8000053452A46E0
:10D7100043462946DEDC8769DFF828C06745324684
:10D72000DED05846B847DEE7BD4207DD05B0BDE8AC
:10D73000F08F5846B847D6E76346AAE74FF0FF3266
:10D740000392C2E711D300004281C281084A0181DD
:10D7500010B40024818182614FF0FF31054A44609A
:10D76000046104770462416110BC0260704700BF2D
:10D7700001010001546101002DE9F04F85B004461C
:10D78000BDF84460BDF938A00196CDF800A0056849
:10D79000BDF94090D5F848B00392BDF93C800D46E4
:10D7A0001F46D8470196CDF8009023685246394667
:10D7B00020469F6C4346B847039B0E930F962B461B
:10D7C00025682046AC6C4A464146A44605B0BDE8F3
:10D7D000F04F60472DE9F04F87B08246BDF94060B9
:10D7E0000593F31D48BF06F10E030068BDF94440E0
:10D7F000BDF848B0DB1017460393304A43699342A3
:10D80000884651D1002C48DD3C44A3B20493002348
:10D8100002931D465B468446D3469A46002E30DD71
:10D82000059A02990A44D9460023D3460192BA4682
:10D8300013F0070F08BF019A9CB24FEAE3034FEAC7
:10D8400045050CBFD55CEDB204EB080115F0800F67
:10D8500009B20FD0DCF81870194A974208BFDCF8FB
:10D8600010705B4652461CBF5B4652464846B8475E
:10D87000D9F800C0013423B2B342D9D15746DA46B1
:10D88000CB46029B039A01371344049A0293BBB21E
:10D890009A423FB2C2D16046DA46C36A074A93420F
:10D8A00007D107B0BDE8F08F50469847DAF800007E
:10D8B000A8E7504607B0BDE8F04F18470DD3000069
:10D8C00011D300002DE9F04F93B083461C46BDF8FC
:10D8D0007430059392469DF87830DBF82020BDF82F
:10D8E000700004939DF87C30069007910393002A02
:10D8F00000F0AD80137A516812680592E31ADBB22A
:10D9000001EBC30231F833700399049B92F8028053
:10D9100092F906400B43D1780C91012B92F9051036
:10D92000109140F290800BB2089323B20D93904B6C
:10D93000DBF800201193194653698B4240F0728145
:10D940000C9B002B74D01FFA8AF30E9323440F9381
:10D95000DDF8109000230A931D4609935846B8F14C
:10D96000000F5DD00D9B0999039C0A9E03EB010AF1
:10D970000E9B0AFB043A0F9B0B441BB20FFA8AFA68
:10D980000B93002405E00134E4B26D00A045EDB234
:10D9900042D93346590706F10106F6B203D105997B
:10D9A0007B1CCD5D9FB22B06EDD5B9F1010F1DD0CB
:10D9B000089BD2F81CB0DFF8BCE1BDF90CC0CDF873
:10D9C00000C01919079BF34501FB093109B20FFA91
:10D9D00089F335D1DDF818C0CDF804C0D2F840B0D5
:10D9E00004905246D84704980268CCE7039B012B69
:10D9F000DED1109B0799D2F818B0049059185E4BED
:10DA000021449B4508BFD2F810B0069B0B9A09B27F
:10DA1000D84704980268B6E70A9B4344DBB20A93EE
:10DA2000099B0C990133DBB29942099397D883463D
:10DA3000D36A119A934240F0D78013B0BDE8F08FBB
:10DA4000069A0192CCE700230D9308936FE7BBF988
:10DA50000C308B420A46F0DDBBF90E305345ECDD4D
:10DA60000499062313FB0123002BE6DD039B0AEB3D
:10DA7000C303002BE1DD9BF81C30002B00F0D780A6
:10DA80003B4ADBF80030119211465A698A4240F055
:10DA9000D3803A4ABDF81C10039F0D9104EB840417
:10DAA00022440A924A1D92B20B92BDF810200C92A9
:10DAB00009910891D846CDF81CA00A9ABDF910A08A
:10DAC00012F8016BBDF920B00A92C1460824002566
:10DAD000D04620E0049A012A36D0D3F81CA0079A39
:10DAE000244805FB072239B2824512B2009140F06A
:10DAF000948006990191D3F840A043465946484680
:10DB0000D047D9F80030013C013514F0FF046DB264
:10DB10004FEA560634D0F007DCD4069A05998A42BB
:10DB2000F1D0049A012A64D0D3F81CA0079A1148B6
:10DB300005FB072239B2824512B2009170D10599D6
:10DB40000191D3F840A0D8E7012FC6D1D3F818A08F
:10DB5000079A0948BDF9241082452A4408BFD3F822
:10DB600010A0069B12B24846D047D9F80030CAE749
:10DB70000DD3000045D3000011D300004C5C010020
:10DB8000089A0C980999024492B2013108920B9AB2
:10DB900089B28A42C84609918FD105A991E8060445
:10DBA0008A42CB461BD0049A012A4AD00C9A0D997E
:10DBB000DC69314E039802EB82021144B442BDF994
:10DBC000102009B24FEAC0054ED10598019000958A
:10DBD0001C6C134658465246A047DBF80030DB6AFF
:10DBE000119A93423FF429AF584613B0BDE8F04F65
:10DBF0001847012F98D1D3F818A0079A1F48BDF9EC
:10DC0000241082452A4408BFD3F810A0059B12B205
:10DC10004846D047D9F8003075E7069B01936CE77A
:10DC2000059BFBE758469847DBF8002088E6AF2CB9
:10DC300084BF631CDCB223E758469047DBF8003012
:10DC400027E7039A012AB1D11C6A0D4ABDF92C10AD
:10DC500094420DD1059A00929C6B08235246584677
:10DC6000A047DBF80030BAE7059B01930095B0E7C9
:10DC7000059B0093F1E700BF45D3000011D30000DE
:10DC80001DD3000070B5026A84B004460B46002A1A
:10DC900036D00A2929D00D292FD0117A8B422CD3C6
:10DCA000907A984229D35568591AC9B205EBC10533
:10DCB000A97899B1E87888B1E07E00285FD1267E06
:10DCC000607EB4F91010B4F9122003900296E08A35
:10DCD0000190A08A00902046FFF7F4FD2979238A5D
:10DCE000227E01FB0233238207E000230382127BA2
:10DCF000438A417E01FB02334382012004B070BDA0
:10DD00000A291CD00D29F8D0C17E09BBB0F910102A
:10DD1000B0F91220657E007E03950290E08A0190A2
:10DD2000A08A00902046FFF7CDFD237E228A03EBD8
:10DD3000430302EB43030120238204B070BD438AF6
:10DD4000417E028203EBC1034382012004B070BD17
:10DD5000B0F91010007EB4F90CC0062515FB0015B3
:10DD6000654508DD657E22821146628A02EBC502A6
:10DD700012B26282D0E7B4F91220657ECCE795F941
:10DD80000500267EB4F90CC00844B4F9101006FB57
:10DD90000010604503DC607EB4F9122095E7002195
:10DDA000218292F80CC0607E628A0CFB002212B2C3
:10DDB00062828AE7012938BF0121017641767047E6
:10DDC00070B5EFF3108272B60C4C206880B10C4E27
:10DDD00000254369236073B19D6102B962B683680F
:10DDE00045779847EFF3108272B620680028F0D18B
:10DDF00002B962B670BD3360EFE700BF1C9DFF1F24
:10DE0000189DFF1FFFF7DCBF024A13680133136040
:10DE1000704700BF909DFF1F4B0803F1376303F568
:10DE2000D83310B50446B3FBF1F001F00DFA044B02
:10DE30001B7803B110BD2046BDE8104003F032BB93
:10DE4000C192FF1F08B5084601F0FCFB012008BD88
:10DE500008B5084601F0F6FB012008BD38B50846B4
:10DE60000D4604F06DFE04460146284601F066FCAE
:10DE7000204638BD10B508461446114601F05EFC38
:10DE8000204610BD0846114601F086BE08461146E0
:10DE900001F066BE01F07EBD08B5084601F0B2FB98
:10DEA000003818BF012008BD08B5084601F088FBFE
:10DEB000003818BF012008BD0846114601F014BB08
:10DEC000084601F04FBB00BF084601F0F1BA00BFA1
:10DED00001F086BA10B54B0803F13763144603F519
:10DEE000D833B3FBF1F001F0AFF92046BDE81040A4
:10DEF00001F018BA01F028BD01F0E0BC01F0CABC85
:10DF000001F0A4BC01F0AEBC0368064A1B68934252
:10DF100005D110B5C8B201F095FB012010BDC9B202
:10DF2000184700BF51DE00000368064A1B68934291
:10DF300005D110B5C8B201F085FB012010BDC9B2F2
:10DF4000184700BF51DE00000368064A1B68934271
:10DF500005D110B5C8B201F075FB012010BDC9B2E2
:10DF6000184700BF51DE00000368064A1B68934251
:10DF700005D110B5C8B201F065FB012010BDC9B2D2
:10DF8000184700BF51DE00004B0803F1B76303F5EB
:10DF9000584310B50446B3FBF1F001F083FE044B87
:10DFA0001B7803B110BD2046BDE8104003F07ABADB
:10DFB000C292FF1F08B5084601F0E0FF012008BD2E
:10DFC00008B5084601F0DAFF012008BD38B508465B
:10DFD0000D4604F0B5FD04460146284601F0D8FF81
:10DFE000204638BD10B508461446114601F0D0FF52
:10DFF000204610BD0846114602F044B908461146B5
:10E0000002F024B902F07CB808B5084601F096FF8A
:10E01000003818BF012008BD08B5084601F06CFFA4
:10E02000003818BF012008BD0846114601F036BF70
:10E03000084601F05FBF00BF084601F013BF00BFF4
:10E0400001F0DABE10B54B0803F1B763144603F5CF
:10E050005843B3FBF1F001F025FE2046BDE8104027
:10E0600001F06CBE02F026B801F0DEBF01F0C8BFBF
:10E0700001F0A2BF01F0ACBF0368064A1B689342DF
:10E0800005D110B5C8B201F079FF012010BDC9B2A9
:10E09000184700BFC1DF00000368064A1B689342AF
:10E0A00005D110B5C8B201F069FF012010BDC9B299
:10E0B000184700BFC1DF00000368064A1B6893428F
:10E0C00005D110B5C8B201F059FF012010BDC9B289
:10E0D000184700BFC1DF00000368064A1B6893426F
:10E0E00005D110B5C8B201F049FF012010BDC9B279
:10E0F000184700BFC1DF0000704700BF704700BF76
:10E10000704700BF704700BF704700BF38B5064C6E
:10E11000A4F1600554F8083C2046DB68183C984799
:10E12000AC42F7D138BD00BF789DFF1F2DE9F04309
:10E13000036887B004469046002B3ED000229A60C8
:10E140000122DA60294DDFF8A8901D442D1151F805
:10E15000083B009305EB4506F60002A85B6898476C
:10E1600006F1080759F806304F443846DB689847EF
:10E17000009B204A009202A949F8063038469B6865
:10E180009847009B02A8DB68984723681A49C3F8A0
:10E19000008003229A6005F14402531103F13823F1
:10E1A00020796854403301209B0002F01F0200FADE
:10E1B00002F21A6007B0BDE8F083104AD36B43F453
:10E1C0000003D36300BF0E4B01221A6003F5807376
:10E1D0000C4A036098680028B4D01033934223603F
:10E1E000F8D10020206007B0BDE8F083008FFCBFAD
:10E1F000289DFF1F7862010044E400E00080044095
:10E2000000700340407103400368002B3DD02DE9AE
:10E21000F0471E4CDFF878901E4A1C44241104F18C
:10E220004406731104EB4404E40003F1382386B080
:10E2300060339F004FF0010A59F80430009204F156
:10E24000080806F01F06144A02920AFA06F6C844A5
:10E250000546DB683E6040469847009B0F4A0092A7
:10E2600049F80430404602A99B689847009B02A8E1
:10E27000DB6898472A6800239360C2F80CA0C7F8AF
:10E2800000612B6006B0BDE8F0877047008FFCBFCF
:10E29000289DFF1F982F0100F9E00000786201001F
:10E2A0000448054A50F8083B01211B68C2F80C11CC
:10E2B000184700BF289DFF1F007003400448054A0F
:10E2C000836901211B68C2F81C112030184700BF68
:10E2D000289DFF1F007003400448054A036B01217D
:10E2E0001B68C2F82C113830184700BF289DFF1F4B
:10E2F000007003400448054A836C01211B68C2F882
:10E300003C115030184700BF289DFF1F007003408C
:10E31000084B0948094A0A4910B40A4C1C60986025
:10E320009C6118621C6398639C64186510BC002093
:10E3300003F092BA289DFF1FF9E00000348DFF1F03
:10E340000DE10000982F0100F8B50C4671B182B1C3
:10E3500006468F180025336814F8011B1B683046E9
:10E360009847BC420544F6D12846F8BD0D462846DC
:10E37000F8BD1546F8E700BF70B5012A8AB008BF9E
:10E380000A22A1B34FF0210E02E05FFA86FE294671
:10E39000B1FBF2F502FB15145FFA84FC092C0CF1B9
:10E3A000300498BF5FFA84FC0EF1280488BF0CF19A
:10E3B000370C6C4488BF5FFA8CFC91420EF1FF363B
:10E3C00004F824CCE1D24BB10EF1FF3E5FFA8EFE91
:10E3D0000EF128036B442D2203F8242C036801A9B5
:10E3E0005B68CEF12202714498470AB070BD3022BA
:10E3F0008DF825204FF0210EE5E700BF0029BABFB8
:10E4000049422D2300230A22FFF7B6BF00B5036857
:10E4100083B040F60D22ADF804205B68022201A90A
:10E42000984703B05DF804FB38B52A4C2A4D01E04B
:10E4300002F0C0FF636A1B06FAD46B6A13F0800314
:10E44000F6D172B625490A78002A40D0A26BE06B5B
:10E450000244206C0244606C0244A06C0244E06CF4
:10E460000244C2F34E0242F40042E262A26DE06D49
:10E470000244206E0244606E0244A06E0244E06ECC
:10E480000244C2F34E0242F400422263AA6BE86BDC
:10E490000244286C0244686C0244A86C0244E86C94
:10E4A0000244C2F34E0242F40042EA62AA6DE86DF1
:10E4B0000244286E0244686E0244A86E0244E86E6C
:10E4C0000244C2F34E0242F400422A630B7062B669
:10E4D00038BD00BF00B0034000B00B408C9DFF1F53
:10E4E0002A4B2B4A6020E121187059701378294873
:10E4F000082B34D00A2B20D00C2B274B0CBF3521F6
:10E500003D2112228160C2609960DA60234B21496B
:10E510001B78214ACBB101230B621362204B1D49AA
:10E520001B781D4A012B13D9042B1BD884234B6263
:10E5300053621C4B01221A707047174B392113226A
:10E540008160C2609960DA60E0E70B621362E5E720
:10E5500080234B625362134B01221A7070470E4B9B
:10E560000121ECE7082B06D885234B6253620D4B43
:10E5700001221A707047102B94BF862387234B62A9
:10E580005362084B01221A70704700BF00400740D9
:10E59000AC91FF1F00B0034000B00B408A9DFF1FED
:10E5A000AD91FF1F8C9DFF1F0C2810B417D91023AD
:10E5B000984228BF18461946104A114C181A207064
:10E5C0001078884215D00F4913700B7823B10E498B
:10E5D0000E4A00234B62536210BCFFF781BF0A282A
:10E5E00002D90C231946E7E7082804D90A2319465B
:10E5F000E2E710BC704708231946DDE7AC91FF1F26
:10E600008B9DFF1F8C9DFF1F00B0034000B00B408F
:10E61000282829D8304B2DE9F0411E5CFF2E53D01D
:10E620002E4B1B7813BB340624D472B62C4C2D4DC4
:10E6300001272E60277062B672B62B68180609D4BF
:10E640002378002BF5D062B602F0B4FE72B62B68C8
:10E650001906F5D5234A00231069237062B6224BB0
:10E660001B781841BDE8F08100207047FFF7DCFE01
:10E670003406DAD572B61D4D1D4C06F04008012750
:10E6800006F03F06E368B8F1000F20D023F0100336
:10E69000E36026602F7062B672B623681A0609D44A
:10E6A0002B78002BEED062B602F084FE72B623689F
:10E6B0001B06F5D50E4A002310692B7062B60A4B73
:10E6C0001B781841BDE8F0810020BDE8F08143F0DF
:10E6D0001003E360DDE700BF886201008C9DFF1F2F
:10E6E000889DFF1F00B003408B9DFF1F899DFF1F6A
:10E6F00000B00B400B4A0C49D36A43F48053D362F9
:10E700000B784BB1094B802283F82120074B80F313
:10E710000C0000B218807047044BC02283F82120FF
:10E72000F4E700BF008004408A9DFF1F00C00C403A
:10E7300010B5174B0FCB84B0EC468CE80F00154B8F
:10E740005A78910717D51A78124C12F0700218BF38
:10E750001A7080210023E171332223710323E272B6
:10E76000A37272B64CF001032046984762B6237834
:10E7700013F0700309D1084B064901E0013B02D0B8
:10E780004A78D207FAD504B010BD237004B010BD8A
:10E79000B462010000000240410D0300B0F5006FBB
:10E7A00011D210B5094B5B78DB07044604D504F1A0
:10E7B000A0542078C0B210BD04F1A054FFF7B8FFF8
:10E7C0002078C0B210BD0020704700BF000002409A
:10E7D000B0F5006F1FD238B50F4B5B78DA070446EF
:10E7E0000D4610D504F1A0542378AB420AD00A4A52
:10E7F000137813F0700318BF1370074A257053780D
:10E80000DB07FCD538BD04F1A054FFF791FF237856
:10E81000AB42ECD1F6E770470000024008B5F3F7D1
:10E82000FDFFF5F743F902F0C5FDFAE701B441EA4F
:10E83000000313F003036FD1403A41D351F8043B76
:10E8400040F8043B51F8043B40F8043B51F8043BCA
:10E8500040F8043B51F8043B40F8043B51F8043BBA
:10E8600040F8043B51F8043B40F8043B51F8043BAA
:10E8700040F8043B51F8043B40F8043B51F8043B9A
:10E8800040F8043B51F8043B40F8043B51F8043B8A
:10E8900040F8043B51F8043B40F8043B51F8043B7A
:10E8A00040F8043B51F8043B40F8043B51F8043B6A
:10E8B00040F8043B51F8043B40F8043B403ABDD2D9
:10E8C000303211D351F8043B40F8043B51F8043B7B
:10E8D00040F8043B51F8043B40F8043B51F8043B3A
:10E8E00040F8043B103AEDD20C3205D351F8043B0A
:10E8F00040F8043B043AF9D204320AD0D2071CBFD4
:10E9000011F8013B00F8013B03D30B7803704B78FF
:10E91000437001BC704700BF0C2A4AD310F00303B8
:10E9200011D0C3F10403D21ADB071CBF11F8013B5D
:10E9300000F8013B07D311F8013B00F8013B11F847
:10E94000013B00F8013B11F003033FF475AF30B415
:10E95000043AC91AC3F1040C51F8044B022B19D024
:10E96000032B0BD0240A51F8043B1D0644EA05048E
:10E9700040F8044B1C46043AF4D216E0240E51F839
:10E98000043B1D0244EA050440F8044B1C46043ACB
:10E99000F4D20AE0240C51F8043B1D0444EA0504B7
:10E9A00040F8044B1C46043AF4D20432B1EB0C019B
:10E9B00030BC043AA0D3013A11F8013B00F8013B06
:10E9C000F9D20B7803704B7843708B78837001BC5D
:10E9D000704700BF08B50F4C636B58030DD4636BD1
:10E9E00059050FD4636B1A0511D4636BDB04F3D59F
:10E9F00001F098FB636B5803F1D501F051FD636B97
:10EA00005905EFD500F008F8636B1A05EDD500F055
:10EA1000E5FFEAE70080044008B5FFF7DBFF00BF31
:10EA2000014B10221A80704700200540704700BF3C
:10EA3000094A08B50346106833B169460344A1F595
:10EA400080518B4201D2136008BD04F047F80C23BB
:10EA500003604FF0FF3008BDB091FF1FFEE700BF1D
:10EA6000EFF31383CBB9EFF31080A0B9EFF3058375
:10EA700043B94FF48070EFF311835BB1984228BF24
:10EA8000184670470F2BF6D9054AD05CEFF3118377
:10EA9000002BF3D17047184670474FF0FF30704796
:10EAA000F0E300E003F0F8B903F0FEB901F1FF3C38
:10EAB00070B56546002401E070460134B0FBF2FEFB
:10EAC00002FB1E03092B03F130068ABF3733F3B272
:10EAD000DBB2904205F8013FEED2631C0022CA541B
:10EAE000C8187CB162461CF8015F10F801ED8CF883
:10EAF00000E0A1EB0C030232013B521A23449A427C
:10EB00000570EFDB084670BD704700BF10B40F4BB7
:10EB100053F8302092F880422CB1012391B182F851
:10EB2000803010BC704703EBC0035B681A6821B9E2
:10EB300022F0020210BC1A60704742F0030210BCBF
:10EB40001A60704782F8003110BC7047D86201002B
:10EB5000212835D8042A33D830B42A4B2A4D53F80B
:10EB6000223005EBC0021B045468226812F4E062F4
:10EB700039D0264A2648C2F89C012648C2F8A0018E
:10EB80002548C2F8A4012548C2F8A8012448C2F8C3
:10EB9000AC0104F14042A2F592207C2811D8214812
:10EBA00072B6226822F4702222601343C4F38402F6
:10EBB00043F0807340F82210236062B630BC704787
:10EBC0007047A2F594207C2815D9A2F596207C28C0
:10EBD00013D9A2F598207C2811D9A2F59A227C2A73
:10EBE000ECD81148DCE755F8300080F880224FF46B
:10EBF00080722260BDE70D48D2E70D48D0E70D488E
:10EC0000CEE700BFC4620100D86201000082FF1F8E
:10EC1000018DFF1FCD8CFF1F998CFF1F658CFF1F7F
:10EC2000318CFF1FB891FF1F9092FF1FF091FF1FC3
:10EC30004092FF1F7092FF1F1A4B03EBC0035A68EC
:10EC400002F14043A3F592217C2905D9A3F5942133
:10EC50007C2914D8144900E0144910B472B6136822
:10EC6000134C23F08773C2F3840023F4803343F002
:10EC70008073136041F8204062B610BC7047A3F562
:10EC800096217C2909D9A3F598217C2907D9A3F5D8
:10EC90009A237C2B05D80749DFE70749DDE70749B9
:10ECA000DBE77047D8620100F091FF1FB891FF1FAA
:10ECB00009EB00009092FF1F4092FF1F7092FF1F10
:10ECC000034B002210215A615A6018605961704745
:10ECD00000D00340704700BFF0B54FF0E0244FF480
:10ECE00000054FF0807CC4F80851C4F808C14FF00B
:10ECF000007CC4F808C11D4A1D481E494FF0806CB5
:10ED0000C4F808C1282300274BF6FF7609254FF0E9
:10ED1000006CC4F808C183B057609660D36053613B
:10ED2000D3615362D3625363D36353641560476006
:10ED30008660C360436105604F608E60CB604B614D
:10ED40000D60FFF7CDFBFFF7C5FF0B4C2368009369
:10ED5000009B132BFAD901F05FFF23680193019BFD
:10ED6000B3F5967FF9D303B0F0BD00BF0080034038
:10ED70000090034000800B40909DFF1F28287F4B90
:10ED800036D000291B783FDD012202FA03FC6145E1
:10ED900010B554D2C21E012A70D9202867D0192874
:10EDA00065D0774A926802FB011222FA03F3421FF0
:10EDB0001B2A7DD8DFE812F0C600BF007C007C0073
:10EDC000B800B1007C007C007C007C007C007C00F2
:10EDD0007C007C007C00AA00A3009C0095007C00C5
:10EDE000CD007C007C007C007C007C007C00D4009A
:10EDF00018780B2895BFC0F10C000C3801FA00F010
:10EE000041FA00F0FFF776BC212817D85D4B53F884
:10EE1000302092F8801203EBC00300293CD001217E
:10EE20005B6882F8001101204FF4A27182F8800221
:10EE300019601A6822F020021A6070477047212872
:10EE400014D8504B53F8301091F8804203EBC003B4
:10EE500044B35B6881F880204FF4A272012081F8EE
:10EE600080021A601A6822F020021A6010BD464A19
:10EE7000926802FB011222FA03F398E7434CA2685E
:10EE8000042802FB011222FA03F270D1404BA26166
:10EE90004FF45171596310BD5B68196821F002018C
:10EEA0001960C0E75B681A6842F003021A60D3E792
:10EEB0002128DBD87F29D4BF00210121FFF726FEBE
:10EEC000304B03EBC00253F83010536801244FF469
:10EED000A27281F880421A601A6822F020021A6039
:10EEE00010BD27482B4A836140F24441916010BD18
:10EEF0002348284A036140F24441516010BD204834
:10EF0000254A036440F24441916110BD1C48224AE5
:10EF1000836340F24441516110BD19481D4A836228
:10EF200040F24441116110BD15481A4A036240F293
:10EF30004441D16010BD1248174A036340F2444176
:10EF4000116110BD0E48144A836440F24441D161FE
:10EF500010BD0D48114A83614FF45171D16410BD49
:10EF600009480E4A03614FF45171916410BD084B7A
:10EF700022614FF45171196310BD00BFB491FF1F9E
:10EF800000800340D862010000800B4000900340E5
:10EF90000090044000B0044000C0044000A00440C1
:10EFA0000346102B28BF1023034A012B38BF01232F
:10EFB00010781370704700BFB491FF1F2DE9F04720
:10EFC0000E4680462C49304602F0F8FE2B4B0028B6
:10EFD00047F6122712BF4FF0020A4FF0010A1F46F0
:10EFE00000244FF05E5927FA04F002F0F1FC494684
:10EFF000054602F045FD0146304602F0F3FE30B909
:10F000000134072CEFD1F80902F0E2FC0546314645
:10F01000284602F0E9FD4FF07C5102F027FC02F097
:10F020001BFF4FF6FF73984228BF1846A8F1030351
:10F03000012B11D9A8F105085FFA88F8B8F11B0F68
:10F0400008D80F4A012303FA08F31A4010D113F02D
:10F05000016F0BD1BDE8F0870A4B002244EACA04D5
:10F060001A605A6098601C60BDE8F087064BF5E7AF
:10F07000064B0022F2E700BF001BB740006CDC0229
:10F08000338007000090034000800B400080034065
:10F09000212816D810B4104B53F8302092F8804233
:10F0A0002CB1012371B982F8003110BC704703EB19
:10F0B000C0035B681A6849B142F0030210BC1A60D1
:10F0C0007047704782F8803010BC704722F002020F
:10F0D00010BC1A60704700BFD8620100212806D812
:10F0E000044B53F8303093F80002C0B27047002050
:10F0F000704700BFD8620100212820D81B4A02EBCC
:10F10000C00301295B680FD004291DD052F83000DC
:10F11000002280F8802299B1022922D003290DD142
:10F120004FF481721A60704752F830004FF4A272A7
:10F1300080F880121A601A6822F020021A60704764
:10F140004FF480721A60704752F830104FF4A27278
:10F15000012081F880021A601A6842F020021A60C9
:10F16000704740F203121A60704700BFD862010076
:10F1700072B60D494FF0E02293690868D2F8042D69
:10F1800062B6520102D5322B88BF0130074AC3F55F
:10F19000BB334FF47A71FF33A2FB032301FB00F072
:10F1A00000EB9310704700BF909DFF1FABAAAAAA67
:10F1B0002DE9F843044672B6204F4FF0E0229369E0
:10F1C0003D68D2F8042D62B6520102D5322B88BFB9
:10F1D00001350CB9BDE8F883DFF86490DFF864808E
:10F1E000A9EB0303A8FB03234FF47A7202FB05F596
:10F1F00005EB93154FF0E02672B6B1693A68D6F880
:10F2000004CD62B6A9EB0103A8FB03031CF0806FD9
:10F21000C5EB93134FF47A7002D0322988BF0132C4
:10F2200000FB0233B3F57A7F04D3013CD2D005F55D
:10F230007A75E1E702F0BEF8DEE700BF909DFF1FA0
:10F24000FF760100ABAAAAAA2A4A2B49536B70B4D5
:10F2500043F40063294D5363294E2A4C327800232E
:10F260002B700B70284923700B702849092A0B70EA
:10F2700033D01A2A03D1264B40F213325A60254B61
:10F280001B780A2B31D01F2B03D1214B4FF4517225
:10F290001A602028204B214C38BF2020C0F3443C6A
:10F2A00083F800C0C0F3471C00F01F0083F801C0C2
:10F2B0000422987202209A70D87488205A754FF0F0
:10F2C000E021187440223C20D87084F82F204FF49D
:10F2D000004370BCC1F804317047114B40F2133247
:10F2E000DA600C4B1B780A2BCDD10D4B4FF45172C9
:10F2F0001A61CEE700800440E09DFF1FD89DFF1FEC
:10F30000A492FF1F149EFF1F1C9EFF1FE89DFF1F5E
:10F3100000D00440AC92FF1F00B0064000E400E0C3
:10F3200000B00440294B29499B7800F0030203F008
:10F33000EC031343420700F00F0248BF43F01003F1
:10F34000042A8B7003D18B7943F040038B711F4BE0
:10F350005A79C30602F0EF021C4B48BF42F010027C
:10F360005A719A79810602F0EF0211D542F010022B
:10F3700081059A710FD59A78154942F0A0029A70CA
:10F380000978144B03EBC10340F246325B6814E08A
:10F390009A71820505D4104B104A1968914211D018
:10F3A00070479A780A4942F0A0029A700978094B8E
:10F3B00003EBC10340F247325B68074907481A6014
:10F3C0000860704700221A60704700BF00B0064016
:10F3D000AC92FF1FD8620100E49DFF1FD400D6420B
:10F3E000294B5B6B1B054DD510B5284C237823B1F9
:10F3F00001F0E0FF2378002BFAD1254A254B4FF08E
:10F40000E0204FF400440021C0F88441D1701B7803
:10F41000092B2CD01A2B1BD01F4B1B7803F07F031A
:10F420000A2B1FD01F2B0ED01C4B194A1C4C1D48F9
:10F43000196892F804C0D27900232370037009B1CF
:10F4400001230B7010BD184B40F203121A60EBE75A
:10F45000154B40F203125A600F4B1B7803F07F03E9
:10F460000A2BDFD1114B40F203121A61DCE70F4B7C
:10F4700040F20312DA60084B1B7803F07F030A2B7B
:10F48000D0D1EFE7704700BF00800440E89DFF1F28
:10F4900000B00640A492FF1FAC92FF1F949DFF1F77
:10F4A000D89DFF1FE09DFF1F00D0044000B0044026
:10F4B0000A4A38B50546137803F0FF04002BFAD149
:10F4C00001212846FFF718FE21462846FFF7E0FDF8
:10F4D000034A044B52F835201A6038BDE89DFF1FDF
:10F4E000D8620100E49DFF1F09B140F08000194A75
:10F4F0001378834217D010B4174C646B24050FD5D2
:10F5000003F07F030A2B21D01F2B14D0002900F019
:10F510007F0314BF602144210A2B10D01F2B03D07E
:10F52000107010BC704770470C4B41F4407119606B
:10F53000107010BC7047094B00241C60E6E7084BB4
:10F5400041F440711961107010BC7047044B0024E5
:10F550001C61DBE7AC92FF1F0080044000D0044038
:10F5600000B00440124B1A7882420CD01149496B0A
:10F57000090507D5092A16D01A2A0AD009280DD05C
:10F580001A2801D0187070470B4A40F213315160AD
:10F59000F8E7094A002109285160F1D1074A40F2F1
:10F5A0001331D160EEE7054A0021D160E6E700BFE4
:10F5B000A492FF1F0080044000D0044000B004402B
:10F5C0000D4B5B6B13F4006313D0212803D90B4B55
:10F5D0000020186070470A4B10B5084C53F83030C3
:10F5E00023600121FFF788FD236800221A700120A3
:10F5F00010BD1846704700BF00800440949DFF1F57
:10F60000D86201000C4B5B6B13F4006312D0172817
:10F6100009D10A4B0A4A40F202319960537B01201A
:10F62000034353737047064A537B03F0FE030020E5
:10F6300053737047184670470080044000B0044080
:10F6400000B006402DE9F84F334B5B6B1A053AD5F5
:10F65000324B1B6806460BB101221A70DFF8C090CE
:10F66000DFF8C08099F80040D8F800302E4D013402
:10F67000A3422B7829D99C425FFA84FA14D12B4FEC
:10F68000DFF8ACB005E03B791B0623D42B78A3420E
:10F690000AD1FFF7E5F94028F5DDFF28F6DD01F096
:10F6A00089FE2B78A342F4D0272C29D9214B283C62
:10F6B0001B68F6B21E55204A1C4B01211170BC225A
:10F6C00089F800A0DA70BDE8F88F03F0FF0AA3B94B
:10F6D0005446D4E72B78D8F800105A1C9142DBB27C
:10F6E00008D9272A10D8D1B21BF80230DBB2FB713F
:10F6F0002970CBE700210A46F6E74FF0000A54468E
:10F700000B4BF6B21E55D6E7D1B20A4A273B126818
:10F71000D35CDBB2EBE700BF00800440E49DFF1F39
:10F72000149EFF1FA892FF1F1C9EFF1F00B00640E3
:10F73000EC9DFF1F189EFF1FE89DFF1F2DE9F84F4E
:10F74000394B5B6B1A053CD5384B1B680BB101225A
:10F750001A704718B84231D2354EDFF8D880364C8F
:10F76000DFF8D89000F1010A13E003F0FF0B53B368
:10F770004FF0000B5D46324A1AF8013C5355524691
:10F7800030490123BA420B700AF1010A86F800B031
:10F7900014D23578D8F800300135AB422378E4D95B
:10F7A000AB425FFA85FB0FD0272DE4D9264B1AF820
:10F7B000012C1B68283D5A555246E1E71F4BBC22DD
:10F7C000DA70BDE8F88F5D466FF0430389F80330C7
:10F7D00006E099F804301B060BD42378AB42E3D142
:10F7E000FFF73EF94028F4DDFF28F6DD01F0E2FDE9
:10F7F000F3E72378D8F800105A1C9142DBB203D902
:10F80000272A0AD8D1B201E000210A460C4B9B5CA2
:10F81000DBB289F807302170DFE7D1B20A4A273B13
:10F820001268D35CDBB2F4E700800440E49DFF1F64
:10F83000149EFF1FA892FF1F1C9EFF1F00B00640D2
:10F84000EC9DFF1FE89DFF1F189EFF1F10B5044C85
:10F85000237823B101F0AEFD2378002BFAD110BD3F
:10F86000E89DFF1F084A094B11781A789142C8B2E7
:10F87000D3B202D2013B181A7047054A1268013A06
:10F880001344181A704700BF149EFF1F1C9EFF1FD1
:10F89000A892FF1F064A074B11781A789142D0B2FE
:10F8A0003CBF054A1268CBB238BF9B18181A704784
:10F8B000D89DFF1FE09DFF1FA092FF1F1B4B1C49FF
:10F8C0001A780B789A422ED010B55FFA82FE194A48
:10F8D000D8B21268431C9A4219D93F2B1BD85FFA41
:10F8E00083FC1548C05CC0B281F800C013490968A8
:10F8F00061B19E453CBF7244D31A114A126828BFB9
:10F90000AEEB03039A4201D300230B7010BD4FF0FE
:10F91000000C6346E5E70B4C3F382468205C5FFA37
:10F9200083FCC0B2E0E74FF0FF307047D89DFF1F67
:10F93000E09DFF1FA092FF1F989DFF1F949DFF1F3A
:10F940009C92FF1FDC9DFF1F0D4A0E4B11781B7808
:10F950009942DAB211D00C490968531C994207D96F
:10F960003F2B06D9094B3F3A1B68985CC0B27047E1
:10F970000023074AD05CC0B270474FF0FF30704799
:10F98000D89DFF1FE09DFF1FA092FF1FDC9DFF1F62
:10F99000989DFF1F0C4B5B6B1B0514D50B4B0C4844
:10F9A000DA78402102F0CB02DA705974DA7809492A
:10F9B00042F03402DA70084A03781268DBB20B7046
:10F9C0000AB10023137070470080044000B0064065
:10F9D000E09DFF1FD89DFF1F949DFF1F2DE9F04163
:10F9E000504C237913F0300F47D072B6A37D03F04B
:10F9F000FF01002B58D062B6DFF82C814B4898F8F5
:10FA000000304B4A057816684A4F5FFA83FC4A4B30
:10FA1000EDB2D3F800E008E01DB14FF0000C07F89C
:10FA20000C304A1E12F0FF0112D0E3790CF10102F2
:10FA30009642DBB2F0D99542ACF13F00F1D03F2ABB
:10FA40006DD994464A1E12F0FF010EF80030ECD139
:10FA50005FFA8CF388F80030384B196869B1AC450F
:10FA60003CBF721B02EB0C03354A126828BFACEB9B
:10FA700005039A429CBF01230B702A48C3781E06D7
:10FA8000DDB216D46A060DD5264B1B795B0609D567
:10FA90002C4B2D491B6800220A7003B11A70214BB0
:10FAA0003C22DA70BDE8F0814023E279637462B6EB
:10FAB000E3E703791C06E5D5244B254ADFF894E0FB
:10FAC0001C7816689EF80030234A244FD2F800C0F4
:10FAD000E4B2DBB207E003790023FA5CD2B2C27170
:10FAE000027D072A11D8A34203F101010ED08E42F4
:10FAF000F1D927290279A3F1270301D80B46ECE7B6
:10FB00001CF803200B46D2B2E9E7DCB2054B8EF8B5
:10FB100000401A79110644BF7C22DA70B2E794469D
:10FB20007DE700BF00B00640D89DFF1FE09DFF1F8E
:10FB3000A092FF1F989DFF1FDC9DFF1F949DFF1F3C
:10FB40009892FF1FE49DFF1FE89DFF1F149EFF1F5B
:10FB5000A892FF1F1C9EFF1F189EFF1FEC9DFF1FFA
:10FB6000094B10B4186060B101F14004074B08481C
:10FB700001F11A021A60074B0460283110BC1960A9
:10FB800070474024F2E700BFDC9DFF1F9C92FF1FDF
:10FB9000A092FF1F9892FF1F054B186018B1054BEC
:10FBA000283119607047034B28211960704700BF46
:10FBB000189EFF1FA892FF1F2DE9F84F314B1B68BD
:10FBC00007460BB101221A70DFF8BC90DFF8BC8049
:10FBD00099F80040D8F800302D4D01349C422B7824
:10FBE0002AD303F0FF0A002B3ED15446294EDFF8FA
:10FBF000A8B005E033791B0623D42B78A3420AD1A1
:10FC0000FEF72EFF4028F5DDFF28F6DD01F0D2FBE0
:10FC10002B78A342F4D0272C29D9204B283C1B68F1
:10FC2000FFB21F551E4A1B4B01211170AC2289F8EF
:10FC300000A0DA70BDE8F88F9C425FFA84FAD5D054
:10FC4000E9E72B78D8F800105A1C8A42DBB203D2BD
:10FC5000272A10D8D1B201E000210A461BF8023051
:10FC6000DBB2F3712970C8E74FF0000A54460A4B23
:10FC7000FFB21F55D6E7D1B2084A273B1268D35CC2
:10FC8000DBB2EEE7709EFF1FA09EFF1FBC92FF1F1E
:10FC9000A89EFF1F00C00640789EFF1FA49EFF1F66
:10FCA000749EFF1F1D4A1E49536B2DE9F04343F418
:10FCB00080531C4DDFF87080DFF870901C4F1D4E94
:10FCC0005363002388F80030202889F800303B7007
:10FCD00033702B7040F213358D6002F5103238BF4F
:10FCE00020204FF45175CD60C0F344311170C0F342
:10FCF000471E114C82F801E000F01F002C21907289
:10FD00004FF0E02C93701374D17040224FF4003305
:10FD100084F83120CCF80431BDE8F0830080044041
:10FD200000C00440749EFF1F649EFF1F6C9EFF1F57
:10FD3000A09EFF1FA89EFF1F00E400E0294B294959
:10FD40009B7800F0030203F0EC031343420700F03A
:10FD50000F0248BF43F01003042A8B7003D18B7944
:10FD600043F040038B711F4B5A79C30602F0EF0238
:10FD70001C4B48BF42F010025A719A79810602F07A
:10FD8000EF0211D542F0100281059A710FD59A78D1
:10FD9000154942F0A0029A700978144B03EBC10395
:10FDA00040F246325B6814E09A71820505D4104B2C
:10FDB000104A1968914211D070479A780A4942F066
:10FDC000A0029A700978094B03EBC10340F2473255
:10FDD0005B68074907481A600860704700221A608C
:10FDE000704700BF00C00640C092FF1FD8620100EC
:10FDF000709EFF1FD400D84238B5134B5B6BDB04F9
:10FE000020D5124C237823B101F0D4FA2378002BAB
:10FE1000FAD10F4A0F494FF0E024002340F20310BB
:10FE20004FF40035C4F88451D3708860C8600A4923
:10FE30000A4C0B4809681579D2792370037009B10F
:10FE400001230B7038BD00BF00800440749EFF1F6B
:10FE500000C0064000C00440209EFF1F649EFF1F9C
:10FE60006C9EFF1F0A4A38B50546137803F0FF045D
:10FE7000002BFAD101212846FFF73EF921462846FA
:10FE8000FFF706F9034A044B52F835201A6038BDD3
:10FE9000749EFF1FD8620100709EFF1F09B140F0E1
:10FEA0008000114A1378834216D010B40F4C646B53
:10FEB000E4040ED503F07F03082B02D10C4B002481
:10FEC000DC60002900F07F0314BF60214421082B6F
:10FED00003D0107010BC70477047054B41F440715F
:10FEE000D960107010BC7047C092FF1F00800440A2
:10FEF00000C00440704700BF0D4B5B6B13F4805390
:10FF000013D0212803D90B4B0020186070470A4BEF
:10FF100010B5084C53F8303023600121FFF7ECF89E
:10FF2000236800221A70012010BD1846704700BFD8
:10FF300000800440209EFF1FD86201000C4B5B6BC9
:10FF400013F4805312D00E2809D10A4B0A4A40F20A
:10FF500002315960537B0120034353737047064AB3
:10FF6000537B03F0FE03002053737047184670471D
:10FF70000080044000C0044000C00640034B5B6B9F
:10FF8000DB0401D5FFF718BE704700BF00800440B6
:10FF900079B170B5074E04464518736BDB0404F164
:10FFA000010403D514F8010CFFF706FEAC42F4D1AE
:10FFB00070BD70470080044010B5044C237823B115
:10FFC00001F0F8F92378002BFAD110BD749EFF1FC1
:10FFD000084A094B11781A789142C8B2D3B202D2BA
:10FFE000013B181A7047054A1268013A1344181A5F
:10FFF000704700BFA09EFF1FA89EFF1FBC92FF1F5F
:020000021000EC
:10000000064A074B11781A789142D0B23CBF054A94
:100010001268CBB238BF9B18181A7047649EFF1F36
:100020006C9EFF1FB892FF1F1B4B1C491A780B7860
:100030009A422ED010B55FFA82FE194AD8B21268E1
:10004000431C9A4219D93F2B1BD85FFA83FC1548F1
:10005000C05CC0B281F800C01349096861B19E4517
:100060003CBF7244D31A114A126828BFAEEB030397
:100070009A4201D300230B7010BD4FF0000C634671
:10008000E5E70B4C3F382468205C5FFA83FCC0B284
:10009000E0E74FF0FF307047649EFF1F6C9EFF1F2C
:1000A000B892FF1F249EFF1F209EFF1FB492FF1FC8
:1000B000689EFF1F0D4A0E4B11781B789942DAB2E9
:1000C00011D00C490968531C994207D93F2B06D916
:1000D000094B3F3A1B68985CC0B270470023074A3F
:1000E000D05CC0B270474FF0FF307047649EFF1F76
:1000F0006C9EFF1FB892FF1F689EFF1F249EFF1F6C
:10010000054B064A1B7806491268DBB20B700AB130
:1001100000231370704700BF6C9EFF1F209EFF1FBF
:10012000649EFF1F30B43A4B1A79950624D5394D99
:100130003949DB792A780C68D8B2531C9C42D2B278
:1001400031D8364B1A7802F0FF0322B10022134651
:100150003349C8542A703349096869B1324A107862
:100160009842C2B28ABFA21A9B1A9B182F4A1268E1
:100170009A429CBF01230B70254AD3781C06D9B242
:100180001ED44A060DD5224B1B795B0609D5284B98
:1001900028491B6800220A7003B11A701C4B2C22DC
:1001A000DA7030BC70471D4909789942D3D03F2B93
:1001B0002CD921493F3A09688854DAB22A70CAE733
:1001C00013791806DDD51D4B17481D7803789D421D
:1001D000DCB208D01A4A1268631C9A4206D9272B4F
:1001E0000DD8DAB204E06C23D370CAE700221346BC
:1001F000144CE35CDBB2064CE3710270C1E7124AB7
:10020000273C1568DAB22B5DDBB2F4E7DAB29FE780
:1002100000C00640649EFF1FB892FF1F6C9EFF1F28
:10022000249EFF1F209EFF1FA89EFF1FB092FF1F4E
:10023000709EFF1F749EFF1F689EFF1FA09EFF1FE2
:10024000BC92FF1F789EFF1FA49EFF1F094B10B496
:10025000186060B101F14004074B084801F11A022F
:100260001A60074B0460283110BC196070474024A5
:10027000F2E700BF689EFF1FB492FF1FB892FF1FF6
:10028000B092FF1F054B186018B1054B283119605B
:100290007047034B28211960704700BFA49EFF1FC1
:1002A000BC92FF1F704700BF704700BF212829D8AC
:1002B000154B195CFF2925D0144B154A03EBC003DD
:1002C00010B45B68134C00201860A36B43F020034C
:1002D000A363012310608B400F4C1048936054605F
:1002E0004FF4A0731060013BFDD113689B05FCD453
:1002F0002023013BFDD10A4B10BC09B233F8110099
:1003000080B2704700207047E8630100D8620100A6
:1003100000500440008004400000020380014A00B5
:1003200000510440431E042B17D872B60C4951F8F3
:10033000230080B110B40B4CB0F800C034F8132087
:10034000A2EB0C02D0F804C041F823C024F813201B
:1003500062B610BC704762B670470020704700BF9D
:100360003C9FFF1F9C9FFF1F013804280BD872B6CB
:10037000074B53F8203043B100205B680130002B5D
:10038000FBD162B67047002070471846F9E700BFFE
:100390006C9FFF1F10B472B6194A1A4C042312F84E
:1003A000011B090743F0010C05D554F8331061B166
:1003B00054F83C10B9B10433182BF0D162B6124B8B
:1003C00000221A7010BC00F08BBC0F4904EBC30272
:1003D000083050600A780D4844F83300013A0A703A
:1003E00062B610BC7047084A094904EBCC030830D8
:1003F0005860137844F83C10013B137062B6F0E784
:100400006C6401000080FF1FA69FFF1F8800400052
:10041000C8004000421E042A0ED81C4B400140F088
:10042000100010B4034472B6194CA05C03281CD809
:10043000DFE800F01315031870470520A05413F0EF
:10044000080F088814BFC8228822083142EA0042F7
:1004500059601A6062B610BC70470320EEE708339B
:100460000220EBE708330420E8E70A4B53F82200A8
:1004700038B1094B53F82200416043F8221062B6AC
:10048000E9E743F82210044BF7E700BF0080FF1FA5
:10049000949FFF1F6C9FFF1F809FFF1F00BE00BF28
:1004A0002DE9F04FDFF8D0A2DFF8D0B285B03DE003
:1004B000B34D9E0805EBC607013A796813F00803AF
:1004C000D4B2A1F1080040F0BA8055F836204FEAC6
:1004D000124C120C21F808CC00F0A98021F8063C3F
:1004E00041F8043CA74B53F82420002A00F0038273
:1004F000A54B53F82420506043F82400A34B33F855
:100500001420944423F814C000F0CAFB002800F023
:10051000EB8117F0080F9E4B00F1080018BF5B46F7
:10052000786045F8363008238AF880309AF88030B1
:100530005907DCB21DD5974B1B78BBB196490A7899
:1005400002F0FF032AB1013BDBB20B70002B00F07D
:10055000488392490A7802F0FF032AB1013BDBB2DB
:100560000B70002B00F0ED8100F0B8FC04238AF83A
:10057000803014F0080200F0CC819AF89020D3B2B9
:10058000120995D1DFF8F8919B0809EBC30459F8DB
:1005900033006468C0F3830009287CD00FD8013889
:1005A000012808D87E4A158842F22100854200F0D1
:1005B000FB8149F833B001238AF89430B3E70D2862
:1005C000F9D1D4E90007774D49F833B0744E764C31
:1005D000C9F8102083B240F2816CC9F818202A6053
:1005E00063454FF00102C6E90007227000F2FF8068
:1005F000B3F5D06F80F0CB82B3F5817F00F0268217
:1006000040F2DE8040F2023293427BD107F07F0756
:10061000052F00F20881020C40F00581634911F8B2
:10062000273043F0020301F82730134670E017F03B
:10063000080F574B18BF5B4645F8363073E700F09C
:100640004FFB5B495B4A51F82430002B00F0578187
:10065000586841F82400115D03F10800786003290F
:1006600005D8DFE801F0120F1502042111551A8890
:1006700017F0080F14BFC823882343EA024345F844
:10068000363050E702211155F1E703211155EEE70D
:1006900005211155EBE7434D2A683AB34649424CD0
:1006A0000F88464894F800E00678402F3B4628BF64
:1006B0004023BEF1000F8EF0010E84F800E046F0FA
:1006C000020486F00106067009EBC400426014BF04
:1006D000C820882040EA03401A44FB1A9BB249F81C
:1006E00034000B80002B00F036812A602C4B1A88D6
:1006F000B2F5A06F7FF45FAF9A788AF89820002255
:100700005A7058E7B3F5A06F40F08D800022134671
:10071000B6F806C02948944528BF94466746027833
:10072000402F28BF402742F0020E3E0409EBCE08BE
:1007300046F0C806C8F8043049F83E6000263B443D
:100740002670BCEB070782F00106067040F01181AD
:10075000BCF13F0F4FF0010509D946F002060270C7
:1007600009EBC60225705360882349F8363001230F
:100770008AF894301FE700BF00200740C8004000FF
:100780000080FF1F3C9FFF1F509FFF1F9C9FFF1F6C
:1007900088004000999FFF1F9A9FFF1F4CA1FF1FD9
:1007A000649FFF1F309FFF1F2D9FFF1FC02007402A
:1007B0006C9FFF1F949FFF1F2E9FFF1F2C9FFF1FEB
:1007C000802B00F08B81822B2DD107F07F07052F26
:1007D00029D8A74A00231380A64B13F827309F0778
:1007E00040F1FC8101231370A14B022290E742F2F9
:1007F000210C6345BBD01DD942F2212293420DD179
:10080000BFB2002F82D19C4B1A689C4B1A609C4B44
:10081000C0F3074000221870134679E742F22132F4
:1008200093423FF473AF0F238AF8C03001238AF854
:100830009430C0E6B3F5086F00F04A81B3F5106F4D
:10084000F1D1904BC0F307400425187059F83530AA
:100850001A0606D40135182D0CD059F835301A0671
:10086000F8D509EBC50301355868083800F038FAA7
:10087000182DF2D1844A854B0292854A0192854E09
:10088000854ADFF818820394009200251C4656F82A
:10089000047B2FB138467F6800F022FA002FF9D18F
:1008A000009BD8F8007043F8045B46F8045C0093A2
:1008B0002FB138467F6800F013FA002FF9D1029B60
:1008C00048F8045B43F8045B0293019B23F8025B46
:1008D00001932378023B032B00F20981DFE813F038
:1008E0003F0104013F0104016D4A45F836001378C9
:1008F0000133137017E643F82400674BFCE5115DE4
:10090000022926D07FF60FAE03291DD101231355EE
:1009100009E6E0076ED4210621D4A20708D5614B71
:1009200093F888200221D2B283F8882083F88010BF
:10093000E30603D55B4B102283F8802005B0BDE8A9
:10094000F08F00F013FD0FE617F0080F14BF03231C
:1009500002231355E7E53F2F98BF0022C5E6514B10
:1009600080220D2183F8C01083F88020A207DFD5F4
:10097000D5E746F002060270402F09EBC6003A4662
:1009800028BF402243601004134440F08800012136
:10099000BA1A49F83600217055D02B60424B1A80A4
:1009A00001238AF8943006E692885AB93F4AE51D39
:1009B00014F8011B02F8011FAC42F9D13C4A12683D
:1009C000862A3CD03B4C3C4825780278002D85F0A7
:1009D0000105257042F0020482F00102027009EB69
:1009E000C4024FF00000506014BFC822882249F8AA
:1009F0003420DEE52B4B30483049314C022583F85A
:100A0000945002702F480C602F4D48608C600D246C
:100A1000CD60FF200A618A6183F8C04001219F24D4
:100A200083F8880083F8800083F8982083F88C008E
:100A300083F8844083F8941005B0BDE8F08F234A12
:100A40000F201070BEE73F2FA7D890E607F07F0772
:100A5000052F3FF6E8AE000C7FF4E5AE054A12F82C
:100A6000273023F0020302F82730002213464FE616
:100A7000349FFF1FC0200740909DFF1F48A1FF1F0C
:100A800044A1FF1F999FFF1F809FFF1F949FFF1F7F
:100A90009C9FFF1F3C9FFF1F509FFF1F6C9FFF1FCE
:100AA000A69FFF1F002007402E9FFF1F3BA1FF1F97
:100AB0003CA1FF1F2D9FFF1F2C9FFF1F0080FF1FCA
:100AC00088004000AC9EFF1FEC9EFF1F9A9FFF1FF7
:100AD000484B49491B780B700B4619E6464A0023E0
:100AE0001380454B022213E64FF001032370434B62
:100AF000B34204F101047FF4CAAE414E039CDFF817
:100B00000481414F00233370042518F8013B3F4A0C
:100B1000AB541B0725D445F0020145F00302043510
:100B20000023182D49F8313049F83230EDD1384FD3
:100B300025783A7842F0020009EBC00C85F00106F6
:100B4000CCF80430002D4DD1882382F001022670AC
:100B50003A7049F8303001238AF894302BE525703B
:100B6000C5E700F09DF8002832D009EBC503083036
:100B7000586049F8357000F093F808B345F0010368
:100B800009EBC3020830506049F833B0C3E7214A8B
:100B90005368002B3FF447AE000CBFB204E013696A
:100BA0000C32002B3FF43FAE11888142F7D15188BF
:100BB000B942F4D1000A03280CBF1A781289A7E5BC
:100BC00033780133337045F0010349F83300A2E76D
:100BD000337849F8350001333370CCE7064B0222F5
:100BE00096E500BE2670C82382F001063E7049F8E3
:100BF0003030BCE5999FFF1F349FFF1F509FFF1FA0
:100C0000A69FFF1F6C64010088004000C0200740C1
:100C10002C9FFF1F0C64010070B500F06DFC0023D9
:100C20001A4A194642F8331002EBC3000133182B5D
:100C30004160F7D1164C174B606B174D40F4802084
:100C40006063C2F3072483F89C40144CFF204FF0EC
:100C5000010CC2F30746120E83F8B0604FF0E02E8D
:100C600083F8B42083F8800083F88800187483F830
:100C700094C0217083F884C0702385F849304FF404
:100C800000721023CEF80821237270BD0080FF1F70
:100C9000008004400020074000E400E000210740FD
:100CA00072B60D490B68B3FA83F01D2810DC4FF0C3
:100CB0000042C24023EA02030B6062B6074A00EB1F
:100CC000C000C10002EBC0000023535043607047D6
:100CD00062B60020704700BFC492FF1FBC83FF1F95
:100CE0000E4BC31AB3F5076F10D20D4A127872B9C2
:100CF00072B60C4A0C49A2FB032308684FF000426D
:100D00001B0922FA03F303430B6062B67047074ADC
:100D10001278002AECD0FFF73DBB00BFBC83FF1F59
:100D2000A69FFF1F398EE338C492FF1F999FFF1FB4
:100D300038B50C4B0C4D1B682988044643B1B1F5FE
:100D4000917F09D24B1C9BB2084A2B80545438BD6A
:100D5000B1F5917FF6D338BD0448002298470021B1
:100D60000123F1E7F09FFF1F2AA1FF1F08A0FF1F2B
:100D70002DE9F843DFF88880DFF88890D8F8001074
:100D80000123074689F80030B9B11F4D4B8801EBAC
:100D90008302013300240F2B2C70976005D84B8001
:100DA000002389F80030BDE8F88340230B8004203D
:100DB000FFF730FBC8F80040F2E7144E3378002B01
:100DC000F1D0114D45F6215408E0013C13D02B78A9
:100DD0008BB900F0EFFA3378002BE4D00420FFF752
:100DE000C3FA0528F1D8FFF75BFF0146C8F80000F9
:100DF0000028EAD0CAE701232B70BDE8F88300BFC2
:100E0000B09FFF1FAD9FFF1FAC9FFF1F999FFF1F4C
:100E10001201F8B5D5B2A1B301290378044641D037
:100E20004078000640EA034045F0040630438F1E38
:100E300040F47040FFF79CFF022F04F1020314D925
:100E4000053414F8023C14F8032C14F8010C1B04AC
:100E500043EA0223334343EA0060033FFFF788FF7E
:100E6000022F234604F10304EBD8022F26D0012FD2
:100E70000DD045F4774040F00500BDE8F840FFF79D
:100E800077BF15482843BDE8F840FFF771BF1B78CE
:100E900045F0060040EA032040F47700BDE8F84042
:100EA000FFF766BF45F0070040EA034040F0774097
:100EB000BDE8F84040F47040FFF75ABF58781B78FF
:100EC000000440EA0320284340F07740BDE8F840A2
:100ED00040F00700FFF74CBF06F0F70070B50B4C71
:100EE000257845B90A4E31680123237009B14B8832
:100EF00013B90023237070BD9B000B800420FFF703
:100F000089FA002335602370F5E700BFAD9FFF1F0E
:100F1000B09FFF1F2DE9F041AC4E33680746002B10
:100F200063D01C885A8822F0030119440432944289
:100F30008D686DD95A80C5F30323A54A05F00F06C5
:100F40005C1CC5F303131370A6F10803062B4FEACC
:100F5000152814D9B31E012B5FFA88F060D9052E2D
:100F600000F0B680042E00F09A81731F022B40F22D
:100F7000A1810F2E00F0E9800020BDE8F0810FB1C3
:100F8000BC42F9D1082EC5F303336DD0092E7DD0B4
:100F90000A2E00F08D800B2E00F092800C2E00F0B7
:100FA000B3800D2E00F0C3800E2BE5D1894B8A4A09
:100FB0001B68E0211170002B00F09B81690CC5F3C8
:100FC000064201F47E511143E4B2A1F500512046DE
:100FD00098472E0CF6B22D0E804B814A1C70814B27
:100FE00016701D700120BDE8F0817F4B1B78002B2F
:100FF000C2D00520FFF796F9034630600028BBD029
:101000000488002C8ED1FFF76BFE34602046B4E7D5
:101010001846FFF765FE0520FFF784F930608AE780
:10102000F1380E28A8D801A353F820F06F12010060
:10103000671101008F110100790F0100790F010084
:1010400095120100790F0100A1110100790F010033
:10105000B3110100251201003F120100790F0100B8
:10106000571201007D120100082B85D15F4B5A4AAF
:101070001B688021C5F307461170E4B22D0E002BCA
:10108000AAD02A46314620469847A5E7092B7FF487
:1010900073AF2A0E504B00F01F8190211970544BF2
:1010A0001B68C5F30746E4B2D5B2002BE9D193E73C
:1010B0000A2B7FF461AF4F4B474A1B68A021D9E749
:1010C0000B2B7FF459AF4C4B434A1B68B021D1E73F
:1010D000F02801D9F728A3D1FFF72AFE474B404A51
:1010E00019884048464C11700D0A3B4A0570246827
:1010F00000201880F0231370002C00F0E680414897
:101100000122A047012038E70C2B7FF435AF3E4B7E
:10111000314A1B68C0211170E4B2C5F30746002BA9
:101120003FF459AF314620462D0E984754E70D2B1A
:101130007FF422AF354B284A1B68D0211170E4B2EE
:10114000C5F30746002BEDD145E7F7283FF668AF1A
:10115000F02804D0294B1B88002B3FF40DAFFFF77C
:10116000E7FD002009E72A4B1A68002A00F08F806B
:101170006B0C03F47E53C5F306402E0C1843F6B2F5
:101180009047154BE4B283F800802D0E24E7214BE5
:101190001B68C5F30746002BF3D030469847F0E7AD
:1011A0001D4B1B68002B00F0A9809847C5F307462C
:1011B000E7E71A4B1B68002BF7D1194B1B68002B74
:1011C00065D0FA209847C5F30746DAE7A89FFF1FC6
:1011D00004A0FF1FD09FFF1F2CA1FF1F05A0FF1F12
:1011E00006A0FF1F07A0FF1F999FFF1FC89FFF1F9B
:1011F000CC9FFF1F00A0FF1FC49FFF1F2AA1FF1F3E
:10120000F09FFF1F08A0FF1FD49FFF1FB89FFF1F65
:10121000DC9FFF1FE09FFF1FBC9FFF1FE49FFF1F7E
:10122000D89FFF1F3C4B1B68002BBED13B4B1B685C
:10123000002B2CD0FB209847C5F30746A1E7384B7D
:101240001B68002BB1D1354B1B6803B3FC209847BA
:10125000C5F3074695E7334B1B68002BA5D12F4BF1
:101260001B68A3B1FE209847C5F3074689E72E4BBC
:101270001B68C5F30746002B8FD182E72B4B1B68F9
:10128000002B92D1254B1B680BB1FF209847C5F36B
:10129000074676E7264B1B68002B86D1F7E7FFF75A
:1012A00047FDC5F30740FFF743FD280EFFF740FD5C
:1012B000002062E6FFF73CFDC5F30740FFF738FD6D
:1012C000072E7FF40BAF280E06E71A4B1B68F3B10D
:1012D00019489847012050E680211970174B1B6868
:1012E000E4B2C5F30746A3B13146204615469847F8
:1012F00072E6C5F30746E4B22D0E6DE6074B1B6898
:10130000002BC4D0F8209847C5F3074639E70120E1
:1013100033E61D4660E600BFC09FFF1FD89FFF1F3A
:10132000E89FFF1FB49FFF1FF89FFF1FF49FFF1F41
:10133000FC9FFF1FEC9FFF1F08A0FF1FC89FFF1F00
:10134000084B094A1B6810B554881BB11A885B8882
:10135000D31A1C440CB1204610BD00F02BF82046D7
:1013600010BD00BF30A1FF1F9C9FFF1F38B50E4B63
:101370001B7853B90D4C216841B103F0FF054B8830
:101380000B800320FFF746F8256038BDFFF788FC87
:10139000014620B1BDE838400320FFF73BB8044BBD
:1013A00001221A7038BD00BF34A1FF1F38A1FF1FF2
:1013B0004CA1FF1F2DE9F843324E337863B1324F11
:1013C0003A784AB90122D9073A7043D49A0726D409
:1013D00000225B073A7001D4BDE8F8832B4B1A68F2
:1013E000002AF9D0EFF30582002AF5D1EFF310853A
:1013F00072B6186800283AD0254C2178002936D1D9
:1014000042691A6001232370002A37D0916105B91F
:1014100062B600258368457798472570DCE7DFF8DA
:10142000748098F80020002AD2D00025DFF8689058
:101430002B4659F82340236820461B6901359847FD
:1014400008B12369984798F80020EBB29A42F0D887
:101450003378BDE7FFF774FF68B9104B1B780BB901
:101460003378B3E7337803F0FE033370AEE7002D33
:10147000B2D162B6B0E700F03DF8EEE7084B1A6073
:10148000C5E700BFC892FF1F4DA1FF1F149DFF1F9E
:10149000209DFF1F5CA1FF1F50A1FF1FA461010041
:1014A000249DFF1F70B4104E104D3478D4B1621ECD
:1014B000D2B2291D2B4601EB820101E08B4205D0FF
:1014C00053F8042B8242F9D170BC7047631CDBB225
:1014D000074A3370137845F8240043F00203137071
:1014E00070BC70470123F3E75CA1FF1F50A1FF1FF1
:1014F000C892FF1F704700BF10B584B072B6174A7C
:10150000702441200F2180231470D07191711370C9
:1015100013781B06FCD5906862B6114B114C9842AB
:1015200038BF00EB800001A938BF40000A22FDF758
:10153000BDFA01A92046002311F8012B01333AB16D
:101540000A2B20F8022FF7D11623237004B010BD08
:101550005B00DBB2237004B010BD00BF000002408E
:1015600080969800A493FF1F38B5044600F02CF82D
:101570000546204600F020F848B10D49204600F00D
:101580003BFC30B90B49204600F018FC48B928460E
:1015900038BD01F0A3FA4FF0FF452223036028462F
:1015A00038BD01F09BFA222300250360EFE700BF5E
:1015B0001772B142B5F1CFC220F00040B0F1FF4F39
:1015C000ACBF00200120704720F00042B2F1FF4F75
:1015D0002DE9F04704466CD84FEAD07500F0C6807C
:1015E0007A49884200F3B4800028C0F2B680784B74
:1015F0009A4263D9774B9A4200F2C580764B2046D7
:1016000053F8251000F032F9744BC5F1010653F878
:1016100025908046761B4946404600F027F9014652
:10162000054600F02DFA6E49044600F029FA6D498E
:1016300000F01CF9214600F023FA6B4900F018F97C
:10164000214600F01DFA694900F010F9214600F02A
:1016500017FA674900F00CF9214600F011FA01462B
:10166000284600F003F92C4607468246002E57D044
:101670003946284600F004FA394604464FF08040C7
:1016800000F0F4F80146204600F0AEFA0146484664
:1016900000F0ECF8414600F0E9F801464FF07E50CA
:1016A00000F0E4F816F17D0F64DB00EBC650BDE8F6
:1016B000F087014600F0DCF8BDE8F087B2F1505F3A
:1016C00009D24C49204600F0D3F84FF07E5100F08B
:1016D00093FB002874D12146204600F0D1F94049FF
:1016E000054600F0CDF93F4900F0C0F8294600F06A
:1016F000C7F93D4900F0BCF8294600F0C1F93B4963
:1017000000F0B4F8294600F0BBF9394900F0B0F810
:10171000294600F0B5F90146204600F0A7F88246B8
:101720005146204600F0ACF94FF080410546504646
:1017300000F09CF80146284600F056FA214600F0D9
:1017400095F801464FF07E5000F090F8BDE8F08724
:10175000BDE8F047002000F07BB8274B9A427FF6A7
:1017600046AFBDE8F047002000F06EB8002DA3D0D2
:101770000020A1E764364FF0586100EBC65000F03E
:101780007FF9BDE8F0871D49204600F079F91C4B30
:1017900053F8251000F06CF800F038FB064600F016
:1017A0001BF91849054600F06BF90146204600F088
:1017B0005DF815498046284600F062F981462AE71F
:1017C0004FF07E51204600F053F875E71772B14292
:1017D0001872B13E9115853F7C640100846401005C
:1017E0004CBB31330EEADD3555B38A38610B363BDD
:1017F000ABAA2A3ECAF24971B5F1CF423BAAB83F23
:10180000746401008071313FD1F7173738B5054650
:101810000C4601F063F9034628461C6038BD00BF42
:1018200008B540B101F1004000F02AF9BDE80840D8
:101830002221FFF7EBBF084600F022F9BDE808407F
:101840002221FFF7E3BF00BF4FF08051FFF7E8BF51
:101850004FF0E041FFF7E4BF03460846194600F0A9
:10186000DFBF00BF80F0004002E000BF81F0004118
:1018700042001FBF5FEA410392EA030F7FEA226C36
:101880007FEA236C6AD04FEA1262D2EB1363C1BFC6
:10189000D218414048404140B8BF5B42192B88BF35
:1018A000704710F0004F40F4000020F07F4018BF58
:1018B000404211F0004F41F4000121F07F4118BF78
:1018C000494292EA030F3FD0A2F1010241FA03FC20
:1018D00010EB0C00C3F1200301FA03F100F0004308
:1018E00002D5494260EB4000B0F5000F13D3B0F1D0
:1018F000807F06D340084FEA310102F10102FE2A3F
:1019000051D2B1F1004F40EBC25008BF20F00100AE
:1019100040EA03007047490040EB0000013A28BF4D
:10192000B0F5000FEDD2B0FA80FCACF1080CB2EBD0
:101930000C0200FA0CF0AABF00EBC250524218434E
:10194000BCBFD0401843704792F0000F81F40001F3
:1019500006BF80F400000132013BB5E74FEA4103C6
:101960007FEA226C18BF7FEA236C21D092EA030F32
:1019700004D092F0000F08BF0846704790EA010FAC
:101980001CBF0020704712F07F4F04D1400028BFD9
:1019900040F00040704712F100723CBF00F50000BB
:1019A000704700F0004343F0FE4040F400007047F1
:1019B0007FEA226216BF08467FEA2363014642029D
:1019C00006BF5FEA412390EA010F40F480007047B0
:1019D0004FF0000304E000BF10F0004348BF404256
:1019E0005FEA000C08BF704743F0964301464FF092
:1019F00000001CE050EA010208BF70474FF00003EE
:101A00000AE000BF50EA010208BF704711F000432E
:101A100002D5404261EB41015FEA010C02BF8446FE
:101A20000146002043F0B64308BFA3F18053A3F55D
:101A30000003BCFA8CF2083AA3EBC25310DB01FAA4
:101A400002FC634400FA02FCC2F12002BCF1004F28
:101A500020FA02F243EB020008BF20F001007047B9
:101A600002F1200201FA02FCC2F1200250EA4C000D
:101A700021FA02F243EB020008BF20EADC70704753
:101A80004FF0FF0C1CEAD0521EBF1CEAD15392EA61
:101A90000C0F93EA0C0F6FD01A4480EA010C40023D
:101AA00018BF5FEA41211ED04FF0006343EA501097
:101AB00043EA5111A0FB01310CF00040B1F5000FD9
:101AC0003EBF490041EAD3715B0040EA010062F188
:101AD0007F02FD2A1DD8B3F1004F40EBC25008BF72
:101AE00020F00100704790F0000F0CF0004C08BF90
:101AF00049024CEA502040EA51207F3AC2BFD2F15D
:101B0000FF0340EAC250704740F400004FF000036A
:101B1000013A5DDC12F1190FDCBF00F000407047A4
:101B2000C2F10002410021FA02F1C2F1200200FAE2
:101B300002FC5FEA310040F1000053EA4C0308BFA9
:101B400020EADC70704792F0000F00F0004C02BFFA
:101B5000400010F4000F013AF9D040EA0C0093F075
:101B6000000F01F0004C02BF490011F4000F013BCF
:101B7000F9D041EA0C018FE70CEAD15392EA0C0F3D
:101B800018BF93EA0C0F0AD030F0004C18BF31F0A8
:101B9000004CD8D180EA010000F00040704790F07E
:101BA000000F17BF90F0004F084691F0000F91F022
:101BB000004F14D092EA0C0F01D142020FD193EAE8
:101BC0000C0F03D14B0218BF084608D180EA010070
:101BD00000F0004040F0FE4040F40000704740F04C
:101BE000FE4040F4400070474FF0FF0C1CEAD0521A
:101BF0001EBF1CEAD15392EA0C0F93EA0C0F69D076
:101C0000A2EB030280EA010C49024FEA402037D0E0
:101C10004FF0805343EA111143EA10130CF00040D7
:101C20008B4238BF5B0042F17D024FF4000C8B42C7
:101C300024BF5B1A40EA0C00B3EB510F24BFA3EBA7
:101C4000510340EA5C00B3EB910F24BFA3EB910377
:101C500040EA9C00B3EBD10F24BFA3EBD10340EAD1
:101C6000DC001B0118BF5FEA1C1CE0D1FD2A3FF617
:101C700050AF8B4240EBC25008BF20F001007047CC
:101C80000CF0004C4CEA50207F32C2BFD2F1FF036F
:101C900040EAC250704740F400004FF00003013AA0
:101CA00037E792F0000F00F0004C02BF400010F444
:101CB000000F013AF9D040EA0C0093F0000F01F058
:101CC000004C02BF490011F4000F013BF9D041EA7A
:101CD0000C0195E70CEAD15392EA0C0F08D14202AD
:101CE0007FF47DAF93EA0C0F7FF470AF084676E780
:101CF00093EA0C0F04D14B023FF44CAF08466EE759
:101D000030F0004C18BF31F0004CCAD130F0004226
:101D10007FF45CAF31F000437FF43CAF5FE700BF7E
:101D20004FF0FF3C06E000BF4FF0010C02E000BFA7
:101D30004FF0010C4DF804CD4FEA40024FEA410349
:101D40007FEA226C18BF7FEA236C11D001B052EAFF
:101D5000530C18BF90EA010F58BFB2EB030088BFC5
:101D6000C81738BF6FEAE17018BF40F00100704734
:101D70007FEA226C02D15FEA402C05D17FEA236C16
:101D8000E4D15FEA412CE1D05DF8040B704700BF5D
:101D9000844608466146FFE70FB5FFF7C9FF0028F4
:101DA00048BF10F1000F0FBD4DF808EDFFF7F4FF2D
:101DB0000CBF012000205DF808FB00BF4DF808EDC6
:101DC000FFF7EAFF34BF012000205DF808FB00BFE9
:101DD0004DF808EDFFF7E0FF94BF012000205DF80B
:101DE00008FB00BF4DF808EDFFF7D2FF94BF0120BC
:101DF00000205DF808FB00BF4DF808EDFFF7C8FFB5
:101E000034BF012000205DF808FB00BF4FEA40020C
:101E1000B2F1FE4F0FD34FF09E03B3EB12620DD918
:101E20004FEA002343F0004310F0004F23FA02F082
:101E300018BF404270474FF00000704712F1610F29
:101E400001D1420205D110F0004008BF6FF0004000
:101E500070474FF00000704742000ED2B2F1FE4FC3
:101E60000BD34FF09E03B3EB126209D44FEA002369
:101E700043F0004323FA02F070474FF00000704730
:101E800012F1610F01D1420202D14FF0FF307047D1
:101E90004FF00000704700BF024B0146186800F089
:101EA0000BB800BFF098FF1F024B0146186800F006
:101EB00059BF00BFF098FF1F2DE9F04F01F10B064D
:101EC000162E83B0044624D8102900F2BA8000F000
:101ED000A3FA102618220220B54F3A44A2F10801B5
:101EE00053688B4200F0BA805A68D96822F0030226
:101EF0001A449D68E9608D60516841F001012046F7
:101F0000516003F1080500F08DFA284603B0BDE8E2
:101F1000F08F36F0070600F19480B14200F2918014
:101F200000F07AFAB6F5FC7FC0F09A81730A00F0EF
:101F30008F80042B00F26F81B30903F1390003F1A4
:101F4000380CC3009A4F3B44A3F108055B689D42DF
:101F500006D10CE0002980F22781DB689D4206D083
:101F60005A6822F00302911B0F29F3DD60463D6998
:101F7000DFF840C265457CD06A6822F00302931BFB
:101F80000F2B00F37B81002BC7E904CC80F26C811E
:101F9000B2F5007F80F01A81D308796801334FEAE7
:101FA000521E012202FA0EF20A4357F833E0C5F836
:101FB00008E007EBC3010839E9607A6047F833505D
:101FC000CEF80C50831001219940914257D811420C
:101FD00006D120F003004900114200F10400FAD0BC
:101FE00007EBC0094D468646D5F80C80454508D11B
:101FF0001DE1002B80F22481D8F80C80454500F0CB
:102000001681D8F8042022F00302931B0F2BF0DD79
:102010002046D8E9025408EB060146F00106C8F84C
:102020000460EC60A56043F00104C7E90411C1E954
:1020300002CC4C6048F8023000F0F4F908F10805D1
:1020400002E00C2323600025284603B0BDE8F08F92
:102050004FF4007340204FF03F0C73E7D3689A426F
:1020600008BF02307FF440AF3D69DFF848C16545E5
:1020700082D17A688310012199409142A7D9BD6825
:102080006B6823F003094E4503D8A9EB06030F2B19
:102090007ADCDFF824B1494BDBF800201B68013201
:1020A000334405EB090A00F0338103F580530F3305
:1020B00023F47F6828F00F084146204600F0FCFC1E
:1020C000411C024600F0F380824500F2EE803C4B5A
:1020D000196841441960084600F04E81DBF8001091
:1020E000019301311BBFA2EB0A010918CBF80020B4
:1020F000196012F0070B00F01781CBF108010A44B8
:10210000CBF5805190440831A1EB0801C1F30B0AD3
:1021100051462046009200F0CFFC421CDDE900232E
:1021200000F04F81801A00EB0A081968BA6048F085
:1021300001005144BD425060196000F02981B9F19D
:102140000F0F40F227816868A9F10C0C2CF0070CE6
:1021500000F0010040EA0C0068604FF0050E05EB4E
:102160000C00BCF10F0FC0E901EE00F232815068A3
:102170001546144B1A688A4238BF1960124B1A6808
:102180008A4238BF196094E0AA1943F0010346F06F
:1021900001066E602046BA60536000F043F90835CE
:1021A000284603B0BDE8F08FD9681A44A1E600BF05
:1021B000BC93FF1FC493FF1FC497FF1F90A1FF1F75
:1021C00060A1FF1F88A1FF1F8CA1FF1FB2F5206F28
:1021D0004FEA522363D3142B00F2B78003F15C0162
:1021E000C9005B3307EB010E7958AEF1080E8E453E
:1021F00000F091804B6823F00303934202D9896871
:102200008E45F7D1D1F80CE07A68C5E9021ECEF808
:102210000850CD60D6E6142B59D9542B00F29D807E
:10222000330B03F16F0003F16E0CC3008AE60EF16D
:10223000010E1EF0030F05F108057FF4D5AE51E045
:10224000424445465368D8F80C1043F001035360EC
:1022500055F8083F2046D9608B6000F0E3F8F3E6BC
:10226000F00806F1080237E62A442046536843F096
:1022700001035360083500F0D5F8E5E6A9192046BA
:1022800046F0010643F001046E60C7E90411C1E99C
:1022900002CC4C60AB5000F0C5F80835D4E6930989
:1022A00003F13901C90038339CE7BD425FD0BD68F6
:1022B000686820F003084645A8EB060302D80F2BF8
:1022C0003FF762AF204600F0ADF80025BCE603F111
:1022D0005C0003F15B0CC30034E659F808394B4548
:1022E00040F0968010F0030F00F1FF30F5D17B68CD
:1022F00023EA01037B60490099423FF6C0AE19B959
:10230000BDE649000EF1040E1942FAD0704667E6A8
:1023100003F11008D0E69A104FF001087B6808FA24
:1023200002F21A437A6070E702EB08014942C1F3F6
:102330000B0A51462046009200F0BEFB431CDDE92B
:1023400000237FF4EFAEDA46EFE6542B25D8130BCB
:1023500003F16F01C9006E3344E7B3F5AA7F25D8B6
:10236000F30B03F1780003F1770CC300EAE5294B86
:10237000186840441860B1E6CAF30B0CBCF1000FBA
:102380007FF4ACAEBD68C84448F001006860F0E678
:102390001546EEE60123536094E7B3F5AA7F23D8F0
:1023A000D30B03F17801C90077331BE740F2545295
:1023B000934223D8B30C03F17D0003F17C0CC300DE
:1023C000C0E5ABF1080BD844A8EB02084FF0000AB7
:1023D000ABE605F108012046009300F0C3FCBD68A0
:1023E000009B68681968C4E640F254518B420BD8D0
:1023F000930C03F17D01C9007C33F3E64FF47E7347
:102400007F204FF07E0C9DE54FF47E717E23E9E640
:102410007B6870E760A1FF1F014800F089BB00BF27
:10242000D4A2FF1F014800F085BB00BFD4A2FF1F4C
:1024300010B4044C03460A46206810BC194600F04C
:1024400003B800BFF098FF1F2DE9F84F1746002989
:1024500000F098800C4607F10B058046FFF7DCFF83
:10246000162D54F8041C5BD810252A46AF425CD8C0
:1024700021F003069642A4F1080962DABC4BD3F8B6
:1024800008C009EB0600844500F09780D0F804C02E
:102490002CF0010303445B68DB0768D42CF0030CC9
:1024A00006EB0C03934247DACB0710D454F8083CF0
:1024B000A9EB030ADAF8043023F003018C44B44496
:1024C000944580F211817318934280F2E880394676
:1024D0004046FFF7F1FC0746E0B154F8043C23F016
:1024E00001034B44A0F10802934200F0D280321F56
:1024F000242A00F2F580132A00F2AC80034622461B
:10250000116819605168596092689A602146404686
:1025100000F028FC4046FFF785FF3846BDE8F88FFD
:1025200025F00705002D2A46A0DA0C23C8F8003054
:1025300000273846BDE8F88F1E46D0E90223D36055
:102540009A60731B0F2B22D8D9F8043003F00103D3
:1025500033434E44C9F80430736843F00103736099
:1025600040462746FFF75EFF3846BDE8F88FC907AB
:10257000ADD454F8083CA9EB030ADAF8041021F0B2
:102580000301A0E7BDE8F84F1146FFF795BCD9F865
:10259000042009EB050102F001024E4443F001035F
:1025A0002A43C9F804204B60736843F001030831E3
:1025B0007360404600F0D6FBD2E7DCF8040020F060
:1025C000030B06EB0B0C05F1100084454DDAC9072F
:1025D0003FF57DAF54F8081CA9EB010ADAF80410A6
:1025E00021F003018B44B34458453FF76CAF574685
:1025F000DAF80C1057F8080F321F242AC1608860DF
:1026000000F2DB80132A40F2D6802168CAF8081055
:102610006168CAF80C101B2A00F2DF8008340AF146
:1026200010022168116061685160A16891600AEB35
:102630000501ABEB050242F0010299604A60DAF84D
:10264000043003F001032B434046CAF80430FFF77F
:10265000E9FE6EE723680360636843601B2A68D85D
:1026600004F1080200F108034AE709EB05029A6049
:10267000ACEB050343F00103536054F8043C03F052
:1026800001032B43404644F8043CFFF7CBFE2746AA
:102690004FE750F8043C23F003031E4451E757462C
:1026A000DAF80C1057F8080F321F242AC16088602E
:1026B0004CD8132A48D92168CAF808106168CAF8AA
:1026C0000C101B2A56D808340AF110021E46236843
:1026D000136063685360A3689360D1463C4630E75B
:1026E000214600F0A3F811E7D0E902135746CB606A
:1026F000996057F8081FDAF80C30CB60321F242A93
:1027000099602DD8132A29D92368CAF8083063683C
:10271000CAF80C301B2A42D808340AF11003226888
:102720001A6062685A60A2689A606646D1463C4662
:1027300007E7A3688360E368C360242A26D004F116
:10274000100200F11003DBE63A46BFE721463846A7
:102750001E46D14600F06AF83C46F2E63B46DEE70C
:10276000214638466646D14600F060F83C46E8E629
:10277000BC93FF1FA168CAF81010E168CAF81410D2
:10278000242A20D010340AF118029FE7236903613C
:102790006169416104F1180200F11803B0E6A36811
:1027A000CAF81030E368CAF81430242A21D0103453
:1027B0000AF11803B3E73A4633E72146384600F0FA
:1027C00035F8164B33E72269CAF818206269CAF84F
:1027D0001C2018340AF1200278E7A168CAF810100A
:1027E000E168CAF81410242A0DD010340AF1180236
:1027F00017E72369CAF818306369CAF81C3018341F
:102800000AF120038BE72269CAF818206269CAF826
:102810001C2018340AF1200203E700BFBC93FF1FFD
:1028200013460A460146022000F0F8B988420DD945
:102830008B1883420AD900EB020CBAB1624613F836
:1028400001CD02F801CD9942F9D170470F2A0ED877
:10285000034602F1FF3C4AB10CF1010C013B8C44F0
:1028600011F8012B03F8012F6145F9D1704740EAB7
:1028700001039B0750D1A2F1100370B501F1200CA8
:1028800023F00F0501F1100E00F11004AC441B09F8
:102890005EF8105C44F8105C5EF80C5C44F80C5C6C
:1028A0005EF8085C44F8085C5EF8045C44F8045C7C
:1028B0000EF1100EE64504F11004E9D1013312F0D7
:1028C0000C0F01EB031102F00F0400EB031327D0F0
:1028D000043C24F003064FEA940C1E441C1F8E4651
:1028E0005EF8045B44F8045FB442F9D10CF10104D2
:1028F00002F0030203EB840301EB840102F1FF3CCD
:102900004AB10CF1010C013B8C4411F8012B03F886
:10291000012F6145F9D170BD02F1FF3C03469BE7F1
:102920002246EBE7830730B548D0541E002A3FD03B
:10293000CAB2034601E0013C3AD303F8012B9D07DC
:10294000F9D1032C2DD9CDB245EA05250F2C45EA46
:10295000054536D9A4F1100222F00F0C03F1200E28
:10296000E6444FEA121C03F1100242E9045542E921
:10297000025510327245F8D10CF1010214F00C0F1F
:1029800003EB021204F00F0C13D0ACF1040323F09C
:1029900003030433134442F8045B9342FBD10CF06D
:1029A00003042CB1C9B21C4403F8011B9C42FBD1A7
:1029B00030BD64461346002CF4D1F9E703461446B3
:1029C000BFE71A46A446E0E7002A3ED040EA0103EA
:1029D0009B0730B584462FD1032A2DD90B4608E03A
:1029E000043A8446194625D01EF0803F22D1032A9E
:1029F00022D90468194653F8045BA4F1013EAC42A5
:102A000084462EEA040E00F10400E9D09CF8000090
:102A10000C78A0421BD1E64668B11EF8010F11F8F0
:102A2000014FA2EB0E03A04203F1FF330FD11CEBC9
:102A30000303F1D1002030BD9CF800000C788442E3
:102A400005D1012AF6D0E646E6E710467047001B9E
:102A500030BD00BF40EA01039B0730B501D1032A16
:102A60000FD8844601F1FF3E07E01EF8011F03F86E
:102A7000011B541EC1B19C4622466346002AF4D174
:102A800030BD0B468446194653F8045BA5F101346A
:102A900024EA050414F0803FE4D1043A032A4CF8F8
:102AA000045B1946EFD8DDE79444002CE8D003F826
:102AB000011B6345FBD130BD38B5074D00220446EC
:102AC00008462A60FBF7B4FF431C00D038BD2B68D2
:102AD000002BFBD0236038BDCCA2FF1F014B186830
:102AE000704700BFF098FF1F70B50D4E0D4D761B5F
:102AF000B61006D0002455F8043B01349847A6428E
:102B0000F9D1094E094D761B03F0C0FCB61006D072
:102B1000002455F8043B01349847A642F9D170BD12
:102B20009864010098640100B06401009864010099
:102B3000704700BF704700BFFFFFFFFFFFFFFFFFB1
:102B400090F800F06DE9024520F007016FF0000CED
:102B500010F0070491F820F040F049804FF0000495
:102B60006FF00700D1E9002391F840F000F1080070
:102B700082FA4CF2A4FA8CF283FA4CF3A2FA8CF3A8
:102B80004BBBD1E9022382FA4CF200F10800A4FA0F
:102B90008CF283FA4CF3A2FA8CF3E3B9D1E9042363
:102BA00082FA4CF200F10800A4FA8CF283FA4CF39A
:102BB000A2FA8CF37BB9D1E9062301F1200182FA54
:102BC0004CF200F10800A4FA8CF283FA4CF3A2FA5A
:102BD0008CF3002BC6D0002A04BF04301A4612BA68
:102BE000B2FA82F2FDE8024500EBD2007047D1E96B
:102BF000002304F00305C4F100004FEAC50514F0FA
:102C0000040F91F840F00CFA05F562EA05021CBFCA
:102C100063EA050362464FF00004A9E72DE9F04797
:102C2000DFF874A00646DAF8000098460F46914691
:102C3000FFF77EFF194B1C6824B365681F2D24DC49
:102C40005EB96B1C0235DAF80000636044F8257049
:102C5000FFF770FF0020BDE8F08704EB850101233A
:102C6000C1F88890D4F88821AB401A43022EC4F8EA
:102C70008821C1F80881E4D1D4F88C211A43C4F822
:102C80008C21DEE7064C1C60D7E7DAF80000FFF77E
:102C900051FF4FF0FF30DEE7F498FF1F68A4FF1FDD
:102CA000D8A2FF1F024B13B1024800F005B87047CD
:102CB00000000000712F0100002301461A4618464B
:102CC000FFF7ACBFF8B5244F0C460646FFF7A4FB50
:102CD000BB685D68C4F57E610F3125F003054B19B3
:102CE00023F47F6323F00F03A3F58054B4F5805FD2
:102CF00007DB00213046FFF7DFFEBB682B4498421C
:102D000004D03046FFF78EFB0020F8BD614230460C
:102D1000FFF7D2FE01300DD0104ABB682D1B45F0E5
:102D200001055D60136830461B1B1360FFF77AFBDB
:102D30000120F8BD00213046FFF7BEFEBA68831AB5
:102D40000F2BDEDD43F001035360054B03491B6885
:102D5000C01A0860D5E700BFBC93FF1F60A1FF1F2A
:102D6000C497FF1F002961D0F8B50C460646FFF74F
:102D700053FB54F8042C7B4FA4F1080522F0010109
:102D800005EB010CB868DCF80430604523F0030360
:102D900000F08B80D207CCF8043032D454F8082CE1
:102DA000AD1A1144AA6807F1080082426AD00CEB00
:102DB0000304D4F804E0EC68D4601EF0010FA260B4
:102DC00000F0978041F001036B60CCF80010B1F582
:102DD000007F35D27868CB080122490901338A4047
:102DE000024357F833107A6007EBC302083AC5E98B
:102DF000021247F83350CD603046BDE8F840FFF787
:102E000011BB0CEB03025268D00710D4194407F130
:102E10000800DCF80830834273D0DCF80C20DA605C
:102E2000936041F001036B606950D0E7704741F057
:102E30000103B1F5007F44F8043CCCF80010C9D37D
:102E4000B1F5206F4FEA512348D28B0903F13900C5
:102E500003F13802C300F818FB580838984259D0DB
:102E60005A6822F003028A4202D99B689842F7D13D
:102E7000D868C5E902308560DD603046BDE8F840BD
:102E8000FFF7D0BA0CEB03025268D20763D40B44AD
:102E9000DCE90212CA60916043F001026A603046C8
:102EA000EB50BDE8F840FFF7BDBA0B44D10707D49B
:102EB00054F8082CAD1A1344D5E90212CA60916087
:102EC00043F001026A60284ABD6012689A4293D8B2
:102ED000264B30461968FFF7F5FE8DE7142B0AD90B
:102EE000542B1FD80B0B03F16F0003F16E02C300CC
:102EF000B1E719448DE703F15C0003F15B02C30005
:102F0000A9E741F00103C7E90455C5E902006B6078
:102F1000695071E779689210012404FA02F20A43B9
:102F20007A60A6E7B3F5AA7F06D8CB0B03F1780049
:102F300003F17702C3008EE740F25452934206D861
:102F40008B0C03F17D0003F17C02C30083E74FF497
:102F50007E737E227FE741F001036B60CCF80010A6
:102F60004AE700BFBC93FF1FC897FF1F90A1FF1F38
:102F700038B5074D074C2C1BA41005D0013C55F863
:102F8000043D9847002CF9D1BDE8384003F090BAD1
:102F90000000000000000000910500009505000001
:102FA0009D050000A5050000FBFFFFFFF8FFFFFFE8
:102FB000F6FFFFFFFAFFFFFFF8FFFFFFF6FFFFFF3F
:102FC000FDFFFFFFFBFFFFFFF9FFFFFFFDFFFFFF1F
:102FD000F9FFFFFFF7FFFFFFFEFFFFFFFCFFFFFF13
:102FE000F7FFFFFFFBFFFFFFF8FFFFFFF6FFFFFF0D
:102FF000FCFFFFFFFAFFFFFFF6FFFFFFFDFFFFFFF4
:10300000FBFFFFFFF9FFFFFFFCFFFFFFFAFFFFFFE2
:10301000F6FFFFFFFEFFFFFFFCFFFFFFF7FFFFFFD5
:10302000FBFFFFFFF8FFFFFFF6FFFFFFFEFFFFFFC5
:10303000FCFFFFFFF7FFFFFF2C011301FA00E10087
:10304000C800AF0096007D0064004B0032001900FC
:10305000FBFFFFFFF8FFFFFFF4FFFFFFFAFFFFFF9B
:10306000F7FFFFFFF4FFFFFFFDFFFFFFF9FFFFFF8B
:10307000F4FFFFFFFAFFFFFFF7FFFFFFF4FFFFFF83
:10308000FCFFFFFFF7FFFFFFF4FFFFFFFBFFFFFF6A
:10309000F8FFFFFFF4FFFFFFFDFFFFFFFAFFFFFF59
:1030A000F4FFFFFFFBFFFFFFF8FFFFFFF4FFFFFF51
:1030B000FDFFFFFFF8FFFFFFF4FFFFFFFCFFFFFF37
:1030C000F7FFFFFFF4FFFFFFFBFFFFFFF8FFFFFF2E
:1030D000F4FFFFFFFCFFFFFFF7FFFFFFF4FFFFFF21
:1030E000FBFFFFFFF8FFFFFFF4FFFFFFFAFFFFFF0B
:1030F000F7FFFFFFF4FFFFFFFDFFFFFFF9FFFFFFFB
:10310000F4FFFFFFFAFFFFFFF7FFFFFFF4FFFFFFF2
:10311000FCFFFFFFF7FFFFFFF4FFFFFFFBFFFFFFD9
:10312000F8FFFFFFF4FFFFFFFDFFFFFFFAFFFFFFC8
:10313000F4FFFFFFFDFFFFFFF9FFFFFFF4FFFFFFBD
:10314000FDFFFFFFF8FFFFFFF4FFFFFFFCFFFFFFA6
:10315000F7FFFFFFF4FFFFFFFBFFFFFFF8FFFFFF9D
:10316000F4FFFFFFFCFFFFFFF7FFFFFFF4FFFFFF90
:1031700000000000070000000C000000100000002C
:1031800013000000180000001C00000000000000F8
:10319000070000000C0000001000000013000000F9
:1031A00016000000180000000000000007000000EA
:1031B0000C00000013000000180000001F000000B9
:1031C00024000000000000000C00000018000000B7
:1031D00024000000300000003C0000004800000017
:1031E00000000000070000000C00000010000000BC
:1031F00013000000180000001C0000000000000088
:10320000070000000C000000100000001300000088
:103210001600000018000000000000000700000079
:103220000C00000013000000180000001F00000048
:1032300024000000000000000C0000001800000046
:1032400024000000300000003C00000048000000A6
:10325000010201010001010102010102010101015C
:10326000010102010102010102010101000001024C
:10327000010102010101010001020101020101003D
:103280000202010201010201000202020102010127
:10329000020001020202010201010000000202021A
:1032A000010201010100000202020102010002020A
:1032B00002020202010200020201020202020102F3
:1032C00000020202010202020101000202020202E5
:1032D00002020100000202000202020200020102D8
:1032E00002020202020200020002020202020202C2
:1032F00040067805B004E80384032003BC025802AA
:10330000F40190012C01FA00C8009600640032001C
:103310001900FFFFFF0700006A080000D508000041
:103320003F090000A9090000110A0000780A000006
:10333000DD0A0000400B0000A10B0000FF0B0000A5
:103340005A0C0000B20C0000080D0000590D0000DE
:10335000A70D0000F10D0000360E0000770E0000F2
:10336000B40E0000EC0E00001F0F00004D0F000017
:10337000770F00009A0F0000B90F0000D20F000075
:10338000E50F0000F30F0000FC0F0000FF0F00002E
:10339000FC0F0000F30F0000E50F0000D20F00004B
:1033A000B90F00009A0F0000770F00004D0F0000CA
:1033B0001F0F0000EC0E0000B40E0000770E00009E
:1033C000360E0000F10D0000A70D0000590D0000A1
:1033D000080D0000B20C00005A0C0000FF0B0000AA
:1033E000A10B0000400B0000DD0A0000780A00007D
:1033F000110A0000A90900003F090000D5080000DB
:103400006A080000FF070000940700002907000079
:10341000BF06000055060000ED050000860500000F
:1034200021050000BE0400005D040000FF03000051
:10343000A40300004C030000F6020000A5020000F7
:10344000570200000D020000C801000087010000C3
:103450004A01000012010000DF000000B10000007E
:103460008700000064000000450000002C00000000
:10347000190000000B000000020000000000000026
:10348000020000000B000000190000002C000000EA
:10349000450000006400000087000000B10000004B
:1034A000DF000000120100004A0100008701000057
:1034B000C80100000D02000057020000A502000034
:1034C000F60200004C030000A4030000FF0300000C
:1034D0005D040000BE040000210500008605000018
:1034E000ED05000055060000BF060000290700009A
:1034F0009407000000000000DE000000C80000008B
:10350000B5000000A7000000980000008F00000038
:10351000820000007D0000000000000007000000A5
:103520000C00000010000000130000001800000054
:103530001C00000000000000070000000C0000005C
:10354000100000001300000016000000180000002A
:1035500000000000070000000C0000001300000045
:10356000180000001F000000240000000000000000
:103570000C000000180000002400000030000000D3
:103580003C0000004800000000007805220B0410F9
:10359000B4143219B01DFC214826FE29822D383181
:1035A00026344637663A223DFF3FFFFF0000D00732
:1035B000100E88133219AA1E282374275C2B442F5F
:1035C000643284354038663A8C3C803EFF3FFFFFD2
:1035D0000000540BEC13FA1908201C253629EC2C9A
:1035E0000C302C33E8357238663AF63B863D163F90
:1035F000FF3FFFFF0000CC10581BFC21AC26C62A61
:103600007C2E3831F4334C36A438983A5A3C543D29
:10361000803E7A3FFF3FFFFF0000580246056608E4
:10362000540BD80E5C12E015FA19141E6022AC2659
:103630005C2B0C30BC34023AFF3FFFFF00009001CE
:1036400020031405D0075A0AAC0DCC10B4146A1824
:10365000E81C342180252A2B70301437FF3FFFFFF0
:103660000000C800F4018403140508072E091C0C8F
:10367000D80EF811AE159619401F1C25F22B5834A0
:10368000FF3FFFFF00006400C8009001BC021A0465
:10369000DC059E07F609800CA00F2413A2174C1D11
:1036A0005424442FFF3FFFFF0000580246056608E0
:1036B000540BD80E5C127017FC21F82A7030583465
:1036C000DC37663A8C3C803EFF3FFFFF000058022B
:1036D00046056608540BA00FD4172823F82A442F58
:1036E000643284354038663A8C3C803EFF3FFFFFB1
:1036F000000078053408540B800C3C0F5C12E01578
:10370000FA19141E6022AC265C2B0C30BC34023A31
:10371000FF3FFFFF0000D007800CD80E0010C01242
:10372000EC130C17FA19141E6022AC265C2B0C301B
:10373000BC34023AFF3FFFFFFDFFFFFFFBFFFFFF2F
:10374000F8FFFFFFFDFFFFFFFBFFFFFFF8FFFFFF9D
:10375000FDFFFFFFFAFFFFFFF7FFFFFFFDFFFFFF8A
:10376000FBFFFFFFF7FFFFFFFCFFFFFFFBFFFFFF7C
:10377000F7FFFFFFFDFFFFFFFAFFFFFFF7FFFFFF70
:10378000FDFFFFFFFBFFFFFFF8FFFFFFFDFFFFFF58
:10379000FBFFFFFFF8FFFFFFFDFFFFFFFAFFFFFF4B
:1037A000F7FFFFFFFCFFFFFFFBFFFFFFF7FFFFFF40
:1037B000FDFFFFFFFBFFFFFFF7FFFFFFFDFFFFFF29
:1037C000FAFFFFFFF7FFFFFFFDFFFFFFFBFFFFFF1C
:1037D000F7FFFFFFFDFFFFFFFBFFFFFFF7FFFFFF0F
:1037E000FDFFFFFFFAFFFFFFF7FFFFFFFDFFFFFFFA
:1037F000FAFFFFFFF8FFFFFFFDFFFFFFFAFFFFFFEC
:10380000F7FFFFFFFDFFFFFFFAFFFFFFF7FFFFFFDF
:10381000FDFFFFFFFAFFFFFFF8FFFFFFFDFFFFFFC8
:10382000FAFFFFFFF8FFFFFFFDFFFFFFFAFFFFFFBB
:10383000F7FFFFFFFCFFFFFFFBFFFFFFF7FFFFFFAF
:10384000FDFFFFFFFAFFFFFFF7FFFFFFFDFFFFFF99
:10385000FAFFFFFFF7FFFFFFFEFFFFFFFBFFFFFF8A
:10386000F8FFFFFFFEFFFFFFFBFFFFFFF8FFFFFF7B
:10387000FDFFFFFFFAFFFFFFF7FFFFFFFCFFFFFF6A
:10388000FAFFFFFFF7FFFFFFFCFFFFFFFAFFFFFF5D
:10389000F7FFFFFFFDFFFFFFFAFFFFFFF7FFFFFF4F
:1038A000FDFFFFFFF9FFFFFFF7FFFFFFFDFFFFFF3A
:1038B000F9FFFFFFF7FFFFFFFDFFFFFFFAFFFFFF2D
:1038C000F7FFFFFFFDFFFFFFFAFFFFFFF7FFFFFF1F
:1038D000FDFFFFFFFAFFFFFFF6FFFFFFFDFFFFFF0A
:1038E000FAFFFFFFF7FFFFFFFEFFFFFFFBFFFFFFFA
:1038F000F7FFFFFFFEFFFFFFFBFFFFFFF7FFFFFFED
:10390000FDFFFFFFFAFFFFFFF7FFFFFFFDFFFFFFD8
:10391000FBFFFFFFF8FFFFFFFDFFFFFFFBFFFFFFC8
:10392000F8FFFFFFFDFFFFFFFAFFFFFFF7FFFFFFBD
:10393000FCFFFFFFF9FFFFFFF7FFFFFFFCFFFFFFAB
:10394000F9FFFFFFF7FFFFFFFDFFFFFFFAFFFFFF9C
:10395000F7FFFFFFFDFFFFFFFAFFFFFFF7FFFFFF8E
:10396000FDFFFFFFF9FFFFFFF6FFFFFFFDFFFFFF7A
:10397000FAFFFFFFF7FFFFFF00000000CDCC4C3D3A
:10398000CDCCCC3D9A99193ECDCC4C3E0000803E2A
:103990009A99993E3333B33ECDCCCC3E6666E63E33
:1039A000FBFFFFFFF7FFFFFFF4FFFFFFFBFFFFFF42
:1039B000F7FFFFFFF4FFFFFFFDFFFFFFF7FFFFFF34
:1039C000F4FFFFFFFDFFFFFFF8FFFFFFF4FFFFFF26
:1039D000FAFFFFFFF7FFFFFFF4FFFFFFFBFFFFFF13
:1039E000F7FFFFFFF4FFFFFFFBFFFFFFF7FFFFFF06
:1039F000F4FFFFFFFBFFFFFFF7FFFFFFF4FFFFFFF9
:103A0000FDFFFFFFF8FFFFFFF4FFFFFFFDFFFFFFDC
:103A1000F8FFFFFFF4FFFFFFFDFFFFFFF8FFFFFFD1
:103A2000F4FFFFFFFAFFFFFFF8FFFFFFF4FFFFFFC8
:103A3000FBFFFFFFF7FFFFFFF4FFFFFFFBFFFFFFB1
:103A4000F7FFFFFFF4FFFFFFFBFFFFFFF7FFFFFFA5
:103A5000F4FFFFFFFDFFFFFFF8FFFFFFF4FFFFFF95
:103A6000FDFFFFFFF8FFFFFFF4FFFFFFFDFFFFFF7C
:103A7000F8FFFFFFF4FFFFFFFBFFFFFFF7FFFFFF74
:103A8000F4FFFFFFFBFFFFFFF7FFFFFFF4FFFFFF68
:103A9000FBFFFFFFF8FFFFFFF4FFFFFFFCFFFFFF4F
:103AA000F9FFFFFFF4FFFFFFFDFFFFFFF8FFFFFF40
:103AB000F4FFFFFFFCFFFFFFF7FFFFFFF4FFFFFF37
:103AC000FBFFFFFFF7FFFFFFF6FFFFFFFBFFFFFF1F
:103AD000F7FFFFFFF6FFFFFFFBFFFFFFF7FFFFFF13
:103AE000F6FFFFFFFDFFFFFFFCFFFFFFF8FFFFFFFB
:103AF000FDFFFFFFFCFFFFFFF8FFFFFFFDFFFFFFE4
:103B0000FCFFFFFFF8FFFFFFFBFFFFFFF7FFFFFFDB
:103B1000F6FFFFFFFBFFFFFFF7FFFFFFF6FFFFFFD3
:103B2000FBFFFFFFFAFFFFFFF8FFFFFFFCFFFFFFB8
:103B3000F9FFFFFFF8FFFFFFFDFFFFFFFCFFFFFFA7
:103B4000F8FFFFFFFCFFFFFFFAFFFFFFF7FFFFFF9C
:103B50000000FF03FF07FF0BFF0FFF13FF17FF1B03
:103B6000FF1FFF23FF27FF2BFF2FFF33FF37FF3BF5
:103B7000FF3FFFFFF4350100D0350100AC350100F7
:103B800088350100503B0100183601003C36010029
:103B90006036010084360100A8360100CC360100F1
:103BA000F03601001437010054485200534E5300C0
:103BB0004D4158007C00FFFF4155544F43414C009C
:103BC0004C45564552000000544F554348000000F4
:103BD0004C49502F4543000042454E440000000030
:103BE000424954450000000042524541544800FFFC
:103BF000C03B01003C9BFF1F7805D007329BFF1F95
:103C00007805D00751530000E83B0100569AFF1F8A
:103C10000000FF0F549AFF1F0000FF0FCD5300005C
:103C2000C83B01006E9AFF1F32005E0100000000D9
:103C3000000000006D530000D83B0100989BFF1F5F
:103C4000F401A00F969BFF1FF401A00F95530000F5
:103C5000E03B0100AA9BFF1FBC025C12A89BFF1F58
:103C6000BC025C12B1530000D03B0100AC9AFF1FB4
:103C7000F401A00FAA9AFF1FF401A00F79530000CE
:103C8000360000006D360000370000006D3700FF81
:103C900043230000442300004600000046230000A8
:103CA00047230000426200FF4F4E00004F4646008F
:103CB0004D4752004D4744004D4139004D4E4400A0
:103CC0004D4E41004D4E480046574300525441006E
:103CD0005254420052544300433E000043233E00EE
:103CE000443E000044233E00453E0000463E0000A6
:103CF00046233E00473E000047233E00413E000071
:103D000042623E00423E00003E433C003C432300F2
:103D10003C4400003C4423003C4500003C4600007D
:103D20003C4623003C4700003C4723003C41000048
:103D30003C4262003C4200003C4300FF42415400D0
:103D40004C4F57200000000046554C4C000000002E
:103D50004348472000000000555342004D454E5552
:103D600020202020202020202058585820592E592B
:103D70005600FFFF4C4F0000484900FF4E454700EA
:103D8000504F53004E524D00524556004252544837
:103D9000000000005054434800FFFFFF5042440021
:103DA00045434200454353004C564C004C5650008E
:103DB000474C44004543480051544E004D4F440089
:103DC000415400FF44594E006D7300FF312F00FF36
:103DD000762E0000317737733300FFFF53455400D0
:103DE000434C52005749444900FFFFFF444F4E27C0
:103DF0005400000050414E494300FFFF4E755241B0
:103E0000440000006669726D7761726520762E004D
:103E100055534220706F7765720000004C69506FF7
:103E20002063686172676564000000004C69506F30
:103E3000206368617267696E67000000416C6B61A6
:103E40006C696E65206261747465727900000000AF
:103E500030202520617420004E694D482062617435
:103E600074657279000000004C69506F20626174C3
:103E70007465727900FFFFFF56494200434300001A
:103E80005649422B00000000474C442B0000000024
:103E90005647000056472B00474C5300535700002D
:103EA00053454C005345450053574F004D570000B4
:103EB000465000004346000053500000484D31007A
:103EC000484D3200355448004F43540048315200A9
:103ED00048325200355452004F4352004557490072
:103EE000455758005341580045565200585649000E
:103EF0005856520042520000564C000045580000EF
:103F00004D572B0042522B00564C2B0045582B008E
:103F1000554E4F002D3400002D3300002D3200008F
:103F20002D3100004C494E002B3100002B32000097
:103F30002B3300002B3400005331000053320000BB
:103F40005A3100005A320000414C4B004E4D48009F
:103F50004C5031004C5032005649425241544F00AF
:103F6000564942324252414D54000000414D4F5596
:103F70004E54000056494232425244495200000019
:103F8000444952454354494F4E0000005351554552
:103F90004C4348204200000053454E5345204254B4
:103FA00045000000535155454C4348204C0000004B
:103FB00053454E5345204C5652000000524554552F
:103FC000524E00004445505448000000534554559B
:103FD00050204354524C53004558545241204B45B5
:103FE00059000000455854524120504B455900009B
:103FF000524F4C4C524D4F444500000046494E47ED
:104000004552494E470000004C4556454C2043431D
:10401000000000004D4F44204B4559004445474C9B
:104020004954434800000000474C495353000000E6
:10403000474C4953532054494D4500004841524D87
:104040002053454C000000005345524945530000A1
:1040500045584354204841524D0000004841524DBC
:104060002052414E474500004558435420434320C9
:1040700042000000455843542043432041000000C3
:10408000504954434842454E44000000474C49447F
:1040900045204D494E0000004D494E204C455645A7
:1040A0004C000000474C494445204D415800000059
:1040B0004D4158204C4556454C000000474C494462
:1040C00045204D4F44000000504F52542F474C4460
:1040D000000000004C4556455220434300000000BC
:1040E0004343204E554D4245520000004C45564535
:1040F000522043544C0000004C4556455220444544
:10410000535400004249544520434300424954451A
:104110002043544C0000000042495445204445537C
:1041200054000000534554555020425245415448D4
:1041300000000000425220494E54455256000000F3
:10414000434320494E5445525600000056454C20EA
:10415000424F4F535400000056454C2044454C41BB
:1041600059000000435552564500000056454C4F3B
:1041700043495459000000004252454154482041EF
:1041800054000000434320422052495345000000A0
:1041900042525448204343204200000042525448B7
:1041A000204343204100000041424F55540000008D
:1041B0004558545241530000504F4C5920504C41E7
:1041C0005900000053455455502043544C00000002
:1041D00053455455502042520000000041444A5576
:1041E000535400004D494449204348004D49444937
:1041F0002043484E4C000000424154205459504541
:1042000000000000574C204348414E00574C2050BE
:104210004F574552000000004356204543204C466E
:104220004F00000052415445000000004356205307
:1042300043414C45000000005343414C494E470068
:1042400043562054554E450054554E494E470000A4
:104250004641535450415443480000004641535492
:1042600020424F4F54000000444143204F5554001A
:104270004741544520484F4C440000004C454741BD
:1042800043592042520000004C45474143592050B9
:10429000420000004F435441564500005452414EE5
:1042A00053504F5345000000504F4C5920504C4143
:1042B0005920534554555000524F5441544F5220A9
:1042C00043000000524F5441544F5220420000001E
:1042D000524F5441544F5220410000004F54462049
:1042E0004B4559004F5446204B4559535700000049
:1042F000484D5A204C494D4954000000564F4943FF
:1043000045530000504F4C59204D4F44450000008C
:1043100053454C4543540000484D5A204B455900E5
:104320004B455920504C41594544000046574320C5
:1043300044524F503200000044524F50203200008F
:10434000465743204C4F434B480000004C48204DFB
:10435000454C4F445900000046574320545950459E
:104360000000000043484F52440000005052494FA3
:1043700052495459000000004D4F4E4F20505249B1
:104380004F00000052544320524F5420340000008C
:1043900053454D49544F4E4553000000525443205D
:1043A000524F54203300000052544320524F5420A7
:1043B0003200000052544320524F5420310000007C
:1043C00052544320504152414C000000525442206C
:1043D000524F54203400000052544220524F542077
:1043E0003300000052544220524F5420320000004B
:1043F00052544220524F5420310000005254422067
:10440000504152414C00000052544120524F542020
:104410003400000052544120524F54203300000019
:1044200052544120524F5420320000005254412037
:10443000524F54203100000052544120504152410B
:104440004C00FFFFDC3E0100E03E0100E43E0100C5
:10445000AC560100E83E0100EC3E0100F03E0100D8
:10446000BC3E0100C03E0100C43E0100C83E010048
:10447000CC3E0100D03E0100D43E0100D83E0100F8
:10448000AC3C0100AC3E0100B03E0100B43E010076
:10449000B83E0100AC3C0100A83C01009C3E01007C
:1044A000A03E0100A43E0100A83E0100AC3C01007A
:1044B000783E0100B03D01007C3E0100803E0100DD
:1044C000883E0100903E0100943E0100AC3C01009A
:1044D000783E0100B03D01007C3E0100803E0100BD
:1044E000883E0100903E0100943E0100983E01008C
:1044F000AC3C0100AC3E0100F43E0100F83E01007E
:10450000FC3E0100003F0100043F0100083F0100A4
:104510000C3F0100B43E0100103F0100483F010084
:104520004C3F0100503F0100543F0100143F010087
:10453000183F01001C3F0100203F0100243F010003
:10454000283F01002C3F0100303F0100343F0100B3
:10455000383F01003C3F0100403F0100443F010063
:10456000FC08000098080000CA080000CA08000003
:10457000CC0B0000400B0000460A0000460A000079
:10458000800C0000400B0000460A0000460A0000B4
:1045900001000000DC4101000300000000000000F9
:1045A00004410100E0400100109AFF1F00007F005D
:1045B0000100000059780000DD65000000000000E7
:1045C00001000000D04101000400000000000000D4
:1045D0004042010048420100889AFF1F0100C700C5
:1045E00000000000457200002D6400000000000083
:1045F00001000000B04101000900000000000000BF
:104600001843010020430100049BFF1F00000B0022
:1046100001000000D5660000FD63000000000000FE
:10462000000000009442010094420100529BFF1FD1
:104630000000060000000000597200005D640000E8
:104640000000000000000000DC420100E442010024
:104650007A9BFF1F0000010001000000B9720000FA
:10466000ED6300000000000000000000F03F0100CA
:10467000F03F0100C09BFF1F00000300010000008D
:1046800015790000FD64000000000000000000003B
:10469000803F0100803F0100209CFF1F00000100BF
:1046A000010000001D6D00005D66000000000000BC
:1046B000000000000C41010018410100129AFF1F88
:1046C0000000080001000000A16E0000ED65000080
:1046D0000000000001000000C441010005000000CE
:1046E0000000000018420100244201008A9AFF1FC6
:1046F0000000080001000000FD7A0000ED6F0000DE
:1047000000000000000000002C42010038420100BF
:104710007C9AFF1F0100C7000000000031720000FA
:104720001D6400000000000000000000684201005D
:1047300068420100949AFF1F000001000000000081
:10474000557000003D640000000000000000000003
:104750005843010064430100D29AFF1F0000030088
:10476000010000008D660000CD6300000000000025
:1047700000000000D4400100E04001002E9BFF1F1C
:1047800000007F000100000091740000BD65000082
:104790000000000000000000D83F0100E43F0100DD
:1047A000449BFF1F0000190000000000E57100009D
:1047B0001D6500000000000001000000D042010063
:1047C0000A00000001000000C44201000B000000CC
:1047D00001000000B84201000C00000001000000D0
:1047E000B841010006000000000000004C4101003B
:1047F0004C410100149CFF1F000009000100000053
:104800009D7C00008D64000000000000000000009E
:10481000BC3F01009C400100768EFF1F0000040099
:1048200000000000A17600006D660000000000009E
:10483000000000000C4201000C420100549CFF1FCC
:10484000000003000000000019720000996A0000D7
:1048500000000000000000007841010078410100E4
:10486000249AFF1F000001000100000061680000A1
:10487000E56E000000000000000000009C41010007
:104880009C410100269AFF1F00000A000100000061
:10489000516F00002D6F00000000000000000000BC
:1048A0001C4001001C400100969AFF1F00004600BA
:1048B00000000000797D00004D6500000000000050
:1048C000000000006840010068400100A69AFF1F38
:1048D00000007F0001000000357C00006D650000D5
:1048E00000000000000000005C4201005C4201008A
:1048F000AE9AFF1F0000010000000000B167000039
:104900003170000000000000000000002C43010096
:1049100038430100CE9AFF1F000001000100000093
:10492000656C0000AD6300000000000000000000A6
:10493000404301004C430100D09AFF1F00000100DA
:1049400001000000DD720000BD63000000000000F7
:10495000000000007042010070420100D69AFF1F63
:104960000000010001000000DD6700008970000008
:104970000000000000000000F0420100FC420100C5
:10498000069BFF1F02000500010000007179000076
:10499000DD630000000000000000000001000000D6
:1049A00059730000000000007C4201007C420100BD
:1049B000289BFF1F000001000100000009680000A3
:1049C000AD700000000000000000000088420100FF
:1049D00088420100269BFF1F00000100010000002B
:1049E00035680000D17000000000000000000000E9
:1049F000EC400100F8400100309BFF1F0000070061
:104A000001000000616E0000CD65000000000000A4
:104A1000000000002C44010090430100C69BFF1FD2
:104A20000000300000000000A97200002D7300009B
:104A3000000000000000000020440100904301003D
:104A4000C89BFF1F0000300000000000A97200009A
:104A50002D7300000000000000000000144401005D
:104A600090430100CA9BFF1F0000300000000000BF
:104A7000A97200002D73000000000000000000007B
:104A80000844010090430100CC9BFF1F0000300050
:104A900000000000A97200002D730000000000005B
:104AA000000000005841010058410100169CFF1F02
:104AB00000001E0001000000057D00009D64000054
:104AC00000000000000000006C4101006C4101008A
:104AD000189CFF1F00007F0001000000657B0000A4
:104AE000BD6400000000000000000000C43F0100A1
:104AF0009C400100409CFF1F0000090000000000D6
:104B0000C57900007D660000000000000000000084
:104B1000B03F01009C400100788EFF1F01000C0097
:104B200000000000F97600004D6600000000000063
:104B30000000000001000000A58E00000000000041
:104B40009041010090410100289AFF1F00007F0062
:104B500001000000CD7B0000096F00000000000094
:104B6000000000005042010050420100BE9AFF1FA9
:104B70000000010000000000856700000D700000CB
:104B80000000000000000000FC3F0100FC3F0100AD
:104B9000CC9AFF1F0000060001000000416D0000DC
:104BA0000D6500000000000000000000284001002A
:104BB00030400100EC9AFF1F07007F000100000059
:104BC000ED7D0000DD64000000000000000000003A
:104BD000504001005C400100FC9AFF1F00000600ED
:104BE00001000000957A00005D65000000000000F3
:104BF0000000000008400100084001002A9BFF1F40
:104C000000007F00010000002D7A00002D650000EB
:104C1000000000000000000001000000BD85000051
:104C20000000000080400100804001002299FF1F29
:104C300000000C0000000000657E0000ED64000034
:104C40000000000000000000A4400100B04001008E
:104C5000A49BFF1F00007F0001000000E97400001A
:104C60009D6500000000000000000000F04301000E
:104C700090430100D29BFF1F0000300000000000A5
:104C8000A972000041630000000000000000000065
:104C9000E443010090430100D49BFF1F000030005B
:104CA00000000000A9720000416300000000000045
:104CB00000000000D843010090430100D69BFF1F75
:104CC0000000300000000000A972000041630000F5
:104CD0000000000000000000CC43010090430100F0
:104CE000D89BFF1F0000300000000000A9720000E8
:104CF000416300000000000000000000B443010018
:104D000090430100DE9BFF1F000030000000000008
:104D1000A972000001730000000000000000000004
:104D2000A843010090430100E09BFF1F00003000FA
:104D300000000000A97200000173000000000000E4
:104D4000000000009C43010090430100E29BFF1F14
:104D50000000300000000000A97200000173000094
:104D600000000000000000008443010090430100A7
:104D7000E49BFF1F0000300000000000A97200004B
:104D80000173000000000000000000009C420100D0
:104D90009C420100109CFF1F000018000000000052
:104DA000316900006D640000000000000000000098
:104DB000603F01006C3F0100748EFF1F00000A007D
:104DC0000000000049760000FD65000000000000C2
:104DD00000000000743F0100803F01001C9CFF1F89
:104DE0000000010001000000F96C00000D660000E9
:104DF0000000000000000000044201000442010025
:104E00009E8EFF1F040050000000000099750000F6
:104E10008D6A00000000000000000000010000009A
:104E2000BD6B0000244101000000010109000000E9
:104E3000A08EFF1FB0410100000005010C00000022
:104E4000148FFF1F000000003C400100484001009B
:104E5000FA9AFF1F0000070001000000A16D00008A
:104E6000816D000000000000000000000000000054
:104E70000000000000000000000000000000000032
:104E80000000000000000000000000000000000022
:104E90000000000000000000000000000000000012
:104EA0000000000000000000000000000000000002
:104EB00000000000000000000000000000000000F2
:104EC00000000000000000000000000000000000E2
:104ED00000000000000000000000000000000000D2
:104EE00000000000000000000000000000000000C2
:104EF00000000000000000000000000000000000B2
:104F000000000000000000000000000000000000A1
:104F10000000000000000000000000000000000091
:104F20000000000000000000000000000000000081
:104F30000000000000000000000000000000000071
:104F40000000000000000000000000000000000061
:104F50000000000000000000000000000000000051
:104F60000000000000000000000000000000000041
:104F70000000000000000000000000000000000031
:104F8000000000000000000000000000007FFFFFA4
:104F9000000003F9FFFFFC0000000000007FFFFF9E
:104FA000800007F9FFFFFE00000000000060000124
:104FB000C0000E198000070000000000006FFFFC19
:104FC000C0001DD9BFFFF30000000000006FFFFE0E
:104FD000C0003BD9BFFFFB0000000000006C0006D2
:104FE000C00077D9B0001B0000000000006C000674
:104FF000C000EED9B0001B0000000000006C0006ED
:10500000C001DCD9B0001B0000000800006C0006E5
:10501000C003B8D9B0001B0000001800006FFFFEED
:10502000C0077FD9B0001B0000001800006FFFFC14
:10503000C00EFFD9B0001B0000C0180000600001C6
:10504000C01C0019B0001B0000C03800006FFBFF3F
:10505000803BFFD9B0001B0000C03000006FFDFF97
:105060000077FFD9B0001B0001E03000006C0EE0BB
:1050700000EE00D9B0001B0001E03000006C0770AA
:1050800001DC00D9B0001B0001B03000006C03B897
:1050900003B800D9B0001B0001B03000006C01DC87
:1050A000077000D9B0001B00019820C0406C00EED2
:1050B0000EE000D9B0001B00030C20C0C06C0077CC
:1050C0001DC000D9BFFFFB00030C20C0C06C003B1B
:1050D000BB8000D9BFFFF300030620C1C06C001DD8
:1050E000F70000D98000070003032083806C000EC6
:1050F000EE0000D9FFFFFE000303B183806C0007C0
:105100005C0000D9FFFFFC000301F1878000000074
:1051100000000000000000000300F18D800000008E
:105120000000000000000000030071B980000000D2
:105130000000000000000000030031F180000000CA
:105140000000000000000000030000C1800000001B
:10515000000000000000000003000000000000004C
:10516000000000000000000003000000000000003C
:10517000000000000000000002000000000000002D
:10518000000000000000000000000000000000001F
:10519000000000000000000000000000000000000F
:1051A00000000000000000000000000000000000FF
:1051B00000000000000000000000000000000000EF
:1051C00000000000000000000000000000000000DF
:1051D00000000000000000000000000000000000CF
:1051E00000000000000000000000000000000000BF
:1051F00000000000000000000000000000000000AF
:10520000000000000000000000000000000000009E
:10521000000000000000000000000000000000008E
:10522000000000000000000000000000000000007E
:10523000000000000000000000000000000000006E
:10524000000000000000000000000000000000005E
:10525000000000000000000000000000000000004E
:1052600000000000000000000000000004430100F6
:1052700010430100A09BFF1F00000A000100000076
:105280008D6800000D6400000000000000000000B8
:10529000A43F01009C4001007C8EFF1F01001E0006
:1052A00000000000517700003D6600000000000093
:1052B00001000000583F010007000000000000004E
:1052C000F8410100F84101000C9AFF1F00000300A3
:1052D00001000000B96F0000996F0000000000009D
:1052E000CC3F01000000020114000000C48EFF1F2B
:1052F000000000008C40010098400100A69BFF1FA9
:1053000000007F0001000000417500008D65000075
:1053100000000000D0420100000006060500000069
:10532000688FFF1FC442010000000706050000004F
:105330007C8FFF1FB8420100000008060500000036
:10534000908FFF1FA8420100000003010B00000026
:10535000A48FFF1F000000003844010090430100AB
:10536000C49BFF1F00003000000000009572000089
:105370006D63000000000000000000006C430100AD
:1053800078430100B49BFF1F0000010001000000F2
:10539000416C00009D63000000000000583F0100C8
:1053A0000000040509000000D08FFF1F000000006E
:1053B000FC43010090430100D09BFF1F0000300020
:1053C00000000000817200007D630000000000000A
:1053D00000000000C043010090430100DC9BFF1F60
:1053E00000003000000000006D7200008D630000BE
:1053F0000000000000000000983F01009C400100F8
:105400007A8EFF1F0100110000000000A977000044
:105410002D66000000000000000000008441010033
:10542000844101002A9AFF1F01000A0001000000C8
:10543000B1780000CD640000000000000000000012
:1054400034410100404101003A8DFF1F03000F006D
:1054500000000000017800007D64000000000000F2
:10546000000000008C3F01009C4001007E8EFF1F69
:1054700001001E0000000000F17500001D66000024
:105480000000000000000000E4410100EC410100C8
:105490002099FF1F01001000060000002984000071
:1054A0004D640000896C000000000000BC40010059
:1054B000C8400100AC9BFF1F000005000100000078
:1054C000216E0000AD65000000000000010000003A
:1054D000A841010008000000000000006441010034
:1054E00064410100749AFF1F00000C0003000000DB
:1054F00029820000AD6400000000000000000000F0
:105500007440010074400100A49AFF1F00000400D1
:1055100001000000E16D00007D650000000000005A
:10552000000000001440010014400100949BFF1F84
:1055300000001F0000000000557100003D650000E4
:10554000000000002C010000A56A00000600000019
:1055500009000000448FFF1F00211102020000001B
:10556000002111020504FFFF4E7545564963303195
:1055700000FFFFFF7676764E7545564963636300FC
:105580007676764E7545564963303465657676761F
:10559000767676767600FFFF496E76616C696420D8
:1055A000636865636B73756D00000000496E76611A
:1055B0006C696420636F6E6669672073697A650041
:1055C000496E76616C696420636F6E6669672076E8
:1055D000657273696F6E00FF496E76616C69642055
:1055E000636F6E66696720666F726D617400FFFF9E
:1055F0004E75455649000000496E76616C6964201D
:105600006D6573736167652E0000000065303000C2
:105610006330300053656E64696E6720636F6E6639
:1056200069672E2E2E000000436F6E666967207337
:10563000656E742E000000006330330053656E64A5
:10564000696E672076657273696F6E2E00000000C8
:1056500063303200526563656976696E6720636FF7
:105660006E6669672E2E2E004E657720636F6E661C
:1056700069672073617665642E000000556E6B6E5D
:105680006F776E206D6573736167652E0000000093
:1056900065303100436F6E666967206D676D740019
:1056A000506F776572206F6666204E7545564900CB
:1056B000746F20657869740052656164792E00FF0B
:1056C000003E7FFF34800440800000001EFFFFFF8B
:1056D000FF02000000001DFFFFFFFF0200000000AE
:1056E0001900000034800440400000001211FFFF48
:1056F000FF02020000001310FFFFFF020200000083
:1057000018000000000000000000000005B20000CA
:105710002DB20000B9B1000001B20000BDB100001F
:10572000C9B10000E9B100000000000000018000E4
:1057300000000000000000000380000000000000E6
:1057400000000007C000000000000000000007C0CB
:105750000000000000000000000FC000000000007A
:10576000000000001FE00000000000000000001F1B
:10577000E00000000000000000003FE0000000002A
:1057800000000000003FF0000000000000000000EA
:105790007FF0000000000000001FF87FF000000014
:1057A000000000003FFE7FF0000000000000003F0E
:1057B000FF7FF0000000000000001FFFFBE0000082
:1057C00000000000000FFFF9FFC000000000000013
:1057D0000FFFF9FFF800000000000007FFF1FFFFD6
:1057E00000000000000003FC73FFFF8000000000C9
:1057F0000001FE3FFFFF80000000000000FF1E0FC1
:10580000FF000000000000007FFE1FFC0000000001
:105810000000003FFFFFF8000000000000000FDF65
:10582000FFE0000000000000001F19FFC0000000A2
:10583000000000003F3CFF00000000000000007E70
:105840007CF800000000000000007FFE7C000000EB
:105850000000000000FFFFFC00000000000000004E
:10586000FFFFFE0000000000000000FFFFFE000040
:10587000000000000001FFEFFE000000000000003B
:1058800001FFCFFE0000000000000003FF07FE0044
:1058900000000000000003FC07FE00000000000004
:1058A0000003F003FE00000000000000018000FE85
:1058B000000000000000000000007E00000000006A
:1058C00000000000003E000000000000000000009A
:1058D0000C000000000000078000FC000003C00076
:1058E0000000078001FC000003C0000000078001E9
:1058F000FC000003C0000000078001E00000001E63
:10590000000000078001E00000001E007FE3F79F19
:10591000F9FDE7787BDFC0FFF7FFBFFDFDFF787B78
:10592000DFC0FFF7FFBFFDFDFF787BDFC0F0F7872B
:10593000BC3DE1FF787BDE00F0F787BC3DE1F0780D
:105940007BDE0000F787803DE1E0787BDE007FF7BB
:10595000879FFDE1E0787BDE00FFF787BFFDE1E098
:10596000787BDE00F0F787BC3DE1E0787BDE00F07D
:10597000F787BC3DE1E0787BDE00F0F787BC3DE1D6
:10598000E0787BDE00FFF7FFBFFDE1E07FFBDFC0DB
:10599000FFF7FFBFFDE1E07FFBDFC07CF3F39F3D3E
:1059A000E1E03E7BCFC000000000000000000000EE
:1059B00000FFFFFFFFFFFFFFFFFFFFC0FFFFFFFF35
:1059C000FD68DB111A31C0FFFFFFFFFD2B5AFB6A98
:1059D000EFC0FFFFFFFFFD4B5B3B1A33C0FFFFFF34
:1059E000FFFD6B5BDB6AFDC0000060000000000093
:1059F000000000000000000000E0000000000000C7
:105A00000000000000000001E000000000000000B5
:105A100000000000000001F0000000000000000095
:105A2000000000000003F000000000000000000083
:105A30000000000007F0000000000000000000006F
:105A400000000007F8000000000000000000000057
:105A500000000FF800000003C0007E000001E0001D
:105A60007F0FF800000003C000FE000001E000FF0F
:105A7000EFF800000003C000FE000001E000FFFF9F
:105A8000F800000003C000F00000000F007FFE7F60
:105A9000C0000003C000F00000000F003FFE7FF8D0
:105AA0003FF1FBCFFCFEF3BC3DEFE01FFE7FFF7F2D
:105AB000FBFFDFFEFEFFBC3DEFE01FC6FFFF7FFBED
:105AC000FFDFFEFEFFBC3DEFE00FE3C7FE787BC3C8
:105AD000DE1EF0FFBC3DEF0007FF87FC787BC3DED6
:105AE0001EF0F83C3DEF0001FFFFF0007BC3C01E3D
:105AF000F0F03C3DEF0001F37FE03FFBC3CFFEF051
:105B0000F03C3DEF0003E33F807FFBC3DFFEF0F09E
:105B10003C3DEF0007E73C00787BC3DE1EF0F03C25
:105B20003DEF0007FFBE00787BC3DE1EF0F03C3D7A
:105B3000EF0007FFFE00787BC3DE1EF0F03C3DEF78
:105B4000000FFFFE007FFBFFDFFEF0F03FFDEFE008
:105B50000FFFFF007FFBFFDFFEF0F03FFDEFE00FE8
:105B6000F9FF003E79F9CF9EF0F01F3DE7E01FF10D
:105B7000FF0000000000000000000000001F80FF88
:105B8000007FFFFFFFFFFFFFFFFFFFE01C007F0024
:105B90007FFFFFFFFEB46D888D18E000001F007FBF
:105BA000FFFFFFFE95AD7DB577E000000F007FFFA2
:105BB000FFFFFEA5AD9D8D19E0000006007FFFFFF1
:105BC000FFFEB5ADEDB57EE0000000000000000076
:105BD00085DC000049E30000B9B1000075C5000094
:105BE00079C500000DD3000011D3000045D300009B
:105BF0001DD3000031D300004DD600000DD30000AE
:105C000081D300001DCA0000B5C8000045C80000CF
:105C1000EDD400005DD3000049D4000081D5000020
:105C20000080C0E0F0F8FCFE000103070F1F3F7F7B
:105C3000AED580A8D300408D2000A1C8DB40A4A62B
:105C40002EAFFFFF2200FF2100FFFFFF000000003A
:105C5000003E5B4F5B3E3E6B4F6B3E1C3E7C3E1CF2
:105C6000183C7E3C181C577D571C1C5E7F5E1C0038
:105C7000183C1800FFE7C3E7FF0018241800FFE7EF
:105C8000DBE7FF30483A060E2629792926407F05B2
:105C90000507407F05253F5A3CE73C5A7F3E1C1CC8
:105CA00008081C1C3E7F14227F22145F5F005F5F88
:105CB00006097F017F006689956A60606060609474
:105CC000A2FFA29408047E040810207E2010080879
:105CD0002A1C08081C2A08081E101010100C1E0C84
:105CE0001E0C30383E3830060E3E0E060000000016
:105CF0000000005F00000007000700147F147F14FD
:105D0000242A7F2A12231308646236495620500041
:105D100008070300001C2241000041221C002A1C2D
:105D20007F1C2A08083E0808008070300008080818
:105D30000808000060600020100804023E51494538
:105D40003E00427F400072494949462141494D3356
:105D50001814127F1027454545393C4A49493141BD
:105D6000211109073649494936464949291E00008B
:105D700014000000403400000008142241141414E0
:105D80001414004122140802015909063E415D59CC
:105D90004E7C1211127C7F494949363E41414122D5
:105DA0007F4141413E7F494949417F090909013EFF
:105DB000414151737F0808087F00417F4100204026
:105DC000413F017F081422417F404040407F021C38
:105DD000027F7F0408107F3E4141413E7F0909094F
:105DE000063E4151215E7F0919294626494949321B
:105DF00003017F01033F4040403F1F2040201F3FE1
:105E00004038403F63140814630304780403615965
:105E1000494D43007F4141410204081020004141A7
:105E2000417F040201020440404040400003070853
:105E30000020545478407F2844443838444444284F
:105E4000384444287F385454541800087E090218F6
:105E5000A4A49C787F0804047800447D400020407E
:105E6000403D007F1028440000417F40007C0478C2
:105E700004787C080404783844444438FC1824240A
:105E80001818242418FC7C0804040848545454248A
:105E900004043F44243C4040207C1C2040201C3C07
:105EA0004030403C44281028444C9090907C4464FE
:105EB000544C440008364100000077000000413691
:105EC000080002010204023C2623263C1EA1A16117
:105ED000123A4040207A3854545559215555794149
:105EE0002254547842215554784020545579400C1E
:105EF0001E52721239555555593954545459395501
:105F00005454580000457C410002457D4200014543
:105F10007C407D1211127DF0282528F07C545545D7
:105F2000002054547C547C0A097F49324949493243
:105F30003A4444443A324A4848303A4141217A3A54
:105F400042402078009DA0A07D3D4242423D3D4020
:105F500040403D3C24FF2424487E4943662B2FFCCF
:105F60002F2BFF0929F620C0887E0903205454797D
:105F7000410000447D413048484A32384040227A4E
:105F8000007A0A0A727D0D19317D2629292F2826CB
:105F90002929292630484D402038080808080808D3
:105FA0000808382F10C8ACBA2F102834FA00007B2C
:105FB000000008142A142222142A1408550055003F
:105FC00055AA55AA55AAFF55FF55FF000000FF002E
:105FD000101010FF00141414FF001010FF00FF1029
:105FE00010F010F0141414FC001414F700FF00005B
:105FF000FF00FF1414F404FC141417101F10101FDA
:10600000101F1414141F00101010F0000000001FC7
:10601000101010101F10101010F010000000FF10D2
:106020001010101010101010FF10000000FF1400CE
:1060300000FF00FF00001F10170000FC04F4141400
:106040001710171414F404F40000FF00F7141414CC
:1060500014141414F700F7141414171410101F104C
:106060001F141414F4141010F010F000001F101F6F
:106070000000001F14000000FC140000F010F010DD
:1060800010FF10FF141414FF141010101F00000054
:1060900000F010FFFFFFFFFFF0F0F0F0F0FFFFFF58
:1060A0000000000000FFFF0F0F0F0F0F38444438AF
:1060B00044FC4A4A4A347E02020606027E027E02FE
:1060C00063554941633844443C04407E201E200609
:1060D000027E020299A5E7A5991C2A492A1C4C7246
:1060E00001724C304A4D4D303048784830BC625ACD
:1060F000463D3E494949007E0101017E2A2A2A2A5D
:106100002A44445F444440514A444040444A514038
:106110000000FF0103E080FF000008086B6B0836F9
:1061200012362436060F090F06000018180000006A
:106130001010003040FF0101001F01011E00191D59
:106140001712003C3C3C3C00000000000000000036
:106150000000000085DC000049E30000B9B1000048
:1061600075C500005DEA00000DD3000011D30000EA
:1061700045D300001DD3000031D300004DD60000F0
:106180000DD3000081D300007DD300009DD300001B
:10619000F5D30000EDD400005DD3000049D4000029
:1061A00081D5000000FFFFFF00000000000000009C
:1061B00051DE000075DE000005DF000001DF000099
:1061C000FDDE0000F9DE0000F5DE000019DE000053
:1061D000D5DE0000D1DE0000C9DE0000C1DE000017
:1061E000B9DE0000A9DE000099DE000095DE0000A7
:1061F0008DDE000085DE000029DF000049DF0000A1
:1062000069DF000009DF00005DDE000045DE000000
:106210000000000000000000C1DF0000E5DF00001A
:1062200075E0000071E000006DE0000069E0000032
:1062300065E0000089DF000045E0000041E000006B
:1062400039E0000031E0000029E0000019E0000022
:1062500009E0000005E00000FDDF0000F5DF0000C0
:1062600099E00000B9E00000D9E0000079E000000A
:10627000CDDF0000B5DF0000FDE0000001E100001F
:1062800005E1000009E10000050E08090D0C0607F4
:106290000F0400130393050E08090D0C06070F04E5
:1062A000FFFFC585848687C4FFFF001303931A92FE
:1062B00017FFFFFF6FF07F030370037813F0800F69
:1062C000FBD07047080000000C0000000A0000002E
:1062D000090000000B0000004008FE4340A00440FD
:1062E0004408FE4344A004400018FE4300C004409C
:1062F0003000FE43309004403400FE4334900440AC
:106300001C18FE431CC004401018FE4310C004407B
:106310000818FE4308C004400C18FE430CC004409B
:106320000C10FE430CB004401010FE4310B00440AB
:106330001810FE4318B004401C10FE431CB004406B
:106340001410FE4314B004400418FE4304C004407B
:106350000010FE4300B004400008FE4300A00440CB
:106360000408FE4304A004400C08FE430CA00440B3
:106370000808FE4308A004401418FE4314C004405B
:106380001818FE4318C004400410FE4304B0044033
:106390000810FE4308B004401400FE43149004406B
:1063A0004C08FE434CA004400420FE4304D00440AB
:1063B0002410FE4324B004402010FE4320B00440CB
:1063C0002810FE4328B004402C10FE432CB004409B
:1063D0000020FE4300D004404808FE4348A004408B
:1063E0001000FE4310900440090AFFFFFFFFFFFF6B
:1063F000FFFFFFFFFFFFFF0D00060807FFFF0E0F67
:10640000FF0CFFFFFFFFFFFF0B05FFFF0001000078
:106410006493FF1F1200000000020000CC92FF1FD7
:1064200095000000050309049493FF1F000000007D
:10643000000300007893FF1F00000000010309041F
:106440007C93FF1F0000000002030904F48FFF1F6C
:106450000000000003030904A493FF1F00000000D4
:1064600000000000000000000000000015191515D4
:1064700019FFFFFF0000003F000000BF8071313FA7
:10648000807131BFD1F71737D1F717B7F8B500BF13
:10649000F8BC08BC9E467047A52C010035040000DE
:1064A000F9520000617F000025AE000011E30000FA
:0464B000F8B500BF7C
:0864B400A4B3FF7F010000000A
:1064BC0038B50A4B0A4DD3F8A040C3F8A04005E00C
:1064CC0055F823309847631E1C4005D094FAA4F36A
:1064DC00B3FA83F3002CF3D138BD00BF00D00440D5
:1064EC009092FF1F38B50A4B0A4DD3F8A040C3F861
:1064FC00A04005E055F823309847631E1C4005D09A
:10650C0094FAA4F3B3FA83F3002CF3D138BD00BF93
:10651C0000C004407092FF1F38B50A4B0A4DD3F8E7
:10652C00A040C3F8A04005E055F823309847631EFF
:10653C001C4005D094FAA4F3B3FA83F3002CF3D1E6
:10654C0038BD00BF00B004404092FF1F38B50A4B65
:10655C000A4DD3F8A040C3F8A04005E055F823300D
:10656C009847631E1C4005D094FAA4F3B3FA83F346
:10657C00002CF3D138BD00BF00A00440F091FF1FE8
:10658C0038B50A4B0A4DD3F8A040C3F8A04005E03B
:10659C0055F823309847631E1C4005D094FAA4F399
:1065AC00B3FA83F3002CF3D138BD00BF0090044044
:1065BC00B891FF1F00000000010006005A00000007
:1065CC00F3FFFFFFDFFFFFFFA3FFFFFFAEFFFFFFA8
:1065DC0073000000760000000200000004000000C0
:1065EC00D8FFFFFFB5FFFFFFA2FFFFFFA8FFFFFFD4
:1065FC00BCFFFFFFE1FFFFFF0D00000004000000E7
:10660C007800000079000000BCFFFFFFABFFFFFF2C
:10661C00DEFFFFFF17000000570000001000000015
:10662C000A0000000800000015000000180000001F
:10663C0029000000000102070B0102070B4A14039A
:10664C000000F0411E0000000020000000200000AF
:10665C000020000000100000AB0A00000008000041
:10666C0066060000550500009204000000040000BE
:10667C008E03000033030000E8020000AB020000B0
:10668C000020000000200000F3FFFFFFF4FFFFFFDD
:10669C00F5FFFFFFF6FFFFFFF7FFFFFFF8FFFFFF20
:1066AC00F9FFFFFFFAFFFFFFFBFFFFFFFCFFFFFF00
:1066BC00FDFFFFFFFDFFFFFFFDFFFFFFFEFFFFFFE5
:1066CC00FFFFFFFF00000000FBFFFFFF00000000CA
:1066DC0000000000000000000000000000000000AE
:1066EC00000000000000000000000000240000007A
:1066FC001405000006000200020002000C000C0051
:10670C00FFFFFFFF083C0100503C0100383C01003A
:10671C00683C0100203C0100F03B0100010004003A
:10672C00784801003C4B010018540100544801000A
:10673C00C44A0100D8540100A04A0100E8470100F6
:10674C003C540100B04601009C450100EC4901009D
:10675C0070470100A8540100444C0100F0520100A4
:10676C00B0520100FC540100C0480100CC4B0100A8
:10677C00444E01009C48010020550100F04B0100E3
:10678C0094470100844B010068460100204C010035
:10679C00A84B0100C8490100A4490100504901005F
:1067AC0028470100BC520100E4480100604B010085
:1067BC00CC45010004470100E046010030480100CF
:1067CC00F44D0100884D0100204601008454010065
:1067DC00DC470100C0450100D44601009045010092
:1067EC00F0450100CC54010054530100104A010043
:1067FC00344A0100584A01007C4A0100AC530100A4
:10680C00684C01008C4C0100B04C0100D44C0100D0
:10681C00D0530100F84C01001C4D0100404D01000B
:10682C00644D010068520100FC4501004446010022
:10683C00744901004C4701002C4901000849010032
:10684C0078530100B8470100C4470100D04701004C
:10685C00E84A01000C4801008C4601000C4B010079
:10686C008C520100F453010060540100D04D010022
:10687C00AC4D010016034E00750045005600490052
:10688C0020004D0049004400490000000C57010055
:10689C0000000000E803000000000000006006405B
:1068AC00E4560100000000000000000000000000A1
:1068BC0000000000000000000000000000000000CC
:1068CC0000000000000000000000000000000000BC
:1068DC0000000000000000000000000000000000AC
:1068EC00000000000000000000000000000000009C
:1068FC00000000000000000000000000000000008C
:10690C00000000000000000000000000000000007B
:10691C00000000000000000000000000000000006B
:10692C00000000000000000000000000000000005B
:10693C00000000000000000000000000000000004B
:10694C0000000000000000000C57010000000000D7
:10695C00E80300000000000000700640C45601006F
:10696C00000000000000000000000000000000001B
:10697C00000000000000000000000000000000000B
:10698C0000000000000000000000000000000000FB
:10699C0000000000000000000000000000000000EB
:1069AC0000000000000000000000000000000000DB
:1069BC0000000000000000000000000000000000CB
:1069CC0000000000000000000000000000000000BB
:1069DC0000000000000000000000000000000000AB
:1069EC00000000000000000000000000000000009B
:1069FC00000000000000000000000000000000008B
:106A0C0000000000B061010000000000E80300007D
:106A1C0000000000A5020100186201000000000047
:106A2C00E803000000000000A90201000A040000B5
:106A3C006CA4FF1F0800000009EB000009EB00002C
:106A4C0009EB000009EB000009EB000009EB00006A
:106A5C0009EB000009EB000009EB000009EB00005A
:106A6C0009EB000009EB000009EB000009EB00004A
:106A7C0009EB000009EB000009EB000009EB00003A
:106A8C0009EB000009EB000009EB000009EB00002A
:106A9C0009EB000009EB000009EB000009EB00001A
:106AAC0009EB000009EB000009EB000009EB00000A
:106ABC0009EB000009EB000009EB000009EB0000FA
:106ACC0009EB000009EB000009EB000009EB0000EA
:106ADC0009EB000009EB000009EB000009EB0000DA
:106AEC0009EB000009EB000009EB000009EB0000CA
:106AFC0009EB000009EB000009EB000009EB0000BA
:106B0C0009EB000009EB000009EB000009EB0000A9
:106B1C0009EB000009EB0000280000001A0000003F
:106B2C004000000009000000280000000A000000DE
:106B3C00280000001A00000040000000280000009F
:106B4C0008010100FFFFFFFF010000000902950092
:106B5C00030100C032080B0002020201000904000C
:106B6C0000010202010005240010010524010101AD
:106B7C0004240206052406000107058103100040C9
:106B8C0009040100020A000000070502024000008F
:106B9C000705830240000009040200020103000003
:106BAC000724010001250006240201010506240228
:106BBC000202050924030103010201050924030251
:106BCC00040101010509050502400000000005252E
:106BDC0001010109058402400000000005250101A6
:106BEC00030000001201100100000040C0168904CF
:106BFC007502010203010000040309041803540088
:106C0C00650065006E007300790064007500690012
:106C1C006E006F000E0350006F00720074002000B5
:106C2C00310000000C030000000000000000000018
:106C3C000000000000000000000000000000000048
:106C4C0000000000BC93FF1FBC93FF1FC493FF1FE9
:106C5C00C493FF1FCC93FF1FCC93FF1FD493FF1F34
:106C6C00D493FF1FDC93FF1FDC93FF1FE493FF1FE4
:106C7C00E493FF1FEC93FF1FEC93FF1FF493FF1F94
:106C8C00F493FF1FFC93FF1FFC93FF1F0494FF1F43
:106C9C000494FF1F0C94FF1F0C94FF1F1494FF1FF0
:106CAC001494FF1F1C94FF1F1C94FF1F2494FF1FA0
:106CBC002494FF1F2C94FF1F2C94FF1F3494FF1F50
:106CCC003494FF1F3C94FF1F3C94FF1F4494FF1F00
:106CDC004494FF1F4C94FF1F4C94FF1F5494FF1FB0
:106CEC005494FF1F5C94FF1F5C94FF1F6494FF1F60
:106CFC006494FF1F6C94FF1F6C94FF1F7494FF1F10
:106D0C007494FF1F7C94FF1F7C94FF1F8494FF1FBF
:106D1C008494FF1F8C94FF1F8C94FF1F9494FF1F6F
:106D2C009494FF1F9C94FF1F9C94FF1FA494FF1F1F
:106D3C00A494FF1FAC94FF1FAC94FF1FB494FF1FCF
:106D4C00B494FF1FBC94FF1FBC94FF1FC494FF1F7F
:106D5C00C494FF1FCC94FF1FCC94FF1FD494FF1F2F
:106D6C00D494FF1FDC94FF1FDC94FF1FE494FF1FDF
:106D7C00E494FF1FEC94FF1FEC94FF1FF494FF1F8F
:106D8C00F494FF1FFC94FF1FFC94FF1F0495FF1F3E
:106D9C000495FF1F0C95FF1F0C95FF1F1495FF1FEB
:106DAC001495FF1F1C95FF1F1C95FF1F2495FF1F9B
:106DBC002495FF1F2C95FF1F2C95FF1F3495FF1F4B
:106DCC003495FF1F3C95FF1F3C95FF1F4495FF1FFB
:106DDC004495FF1F4C95FF1F4C95FF1F5495FF1FAB
:106DEC005495FF1F5C95FF1F5C95FF1F6495FF1F5B
:106DFC006495FF1F6C95FF1F6C95FF1F7495FF1F0B
:106E0C007495FF1F7C95FF1F7C95FF1F8495FF1FBA
:106E1C008495FF1F8C95FF1F8C95FF1F9495FF1F6A
:106E2C009495FF1F9C95FF1F9C95FF1FA495FF1F1A
:106E3C00A495FF1FAC95FF1FAC95FF1FB495FF1FCA
:106E4C00B495FF1FBC95FF1FBC95FF1FC495FF1F7A
:106E5C00C495FF1FCC95FF1FCC95FF1FD495FF1F2A
:106E6C00D495FF1FDC95FF1FDC95FF1FE495FF1FDA
:106E7C00E495FF1FEC95FF1FEC95FF1FF495FF1F8A
:106E8C00F495FF1FFC95FF1FFC95FF1F0496FF1F39
:106E9C000496FF1F0C96FF1F0C96FF1F1496FF1FE6
:106EAC001496FF1F1C96FF1F1C96FF1F2496FF1F96
:106EBC002496FF1F2C96FF1F2C96FF1F3496FF1F46
:106ECC003496FF1F3C96FF1F3C96FF1F4496FF1FF6
:106EDC004496FF1F4C96FF1F4C96FF1F5496FF1FA6
:106EEC005496FF1F5C96FF1F5C96FF1F6496FF1F56
:106EFC006496FF1F6C96FF1F6C96FF1F7496FF1F06
:106F0C007496FF1F7C96FF1F7C96FF1F8496FF1FB5
:106F1C008496FF1F8C96FF1F8C96FF1F9496FF1F65
:106F2C009496FF1F9C96FF1F9C96FF1FA496FF1F15
:106F3C00A496FF1FAC96FF1FAC96FF1FB496FF1FC5
:106F4C00B496FF1FBC96FF1FBC96FF1FC496FF1F75
:106F5C00C496FF1FCC96FF1FCC96FF1FD496FF1F25
:106F6C00D496FF1FDC96FF1FDC96FF1FE496FF1FD5
:106F7C00E496FF1FEC96FF1FEC96FF1FF496FF1F85
:106F8C00F496FF1FFC96FF1FFC96FF1F0497FF1F34
:106F9C000497FF1F0C97FF1F0C97FF1F1497FF1FE1
:106FAC001497FF1F1C97FF1F1C97FF1F2497FF1F91
:106FBC002497FF1F2C97FF1F2C97FF1F3497FF1F41
:106FCC003497FF1F3C97FF1F3C97FF1F4497FF1FF1
:106FDC004497FF1F4C97FF1F4C97FF1F5497FF1FA1
:106FEC005497FF1F5C97FF1F5C97FF1F6497FF1F51
:106FFC006497FF1F6C97FF1F6C97FF1F7497FF1F01
:10700C007497FF1F7C97FF1F7C97FF1F8497FF1FB0
:10701C008497FF1F8C97FF1F8C97FF1F9497FF1F60
:10702C009497FF1F9C97FF1F9C97FF1FA497FF1F10
:10703C00A497FF1FAC97FF1FAC97FF1FB497FF1FC0
:10704C00B497FF1FFFFFFFFF0000020000000000CD
:10705C000000000094A1FF1FFCA1FF1F64A2FF1FF2
:10706C000000000000000000000000000000000014
:10707C000000000000000000000000000000000004
:10708C0000000000000000000000000000000000F4
:10709C0000000000000000000000000000000000E4
:1070AC0000000000000000000000000000000000D4
:1070BC0000000000000000000000000000000000C4
:1070CC0000000000000000000000000000000000B4
:1070DC0000000000000000000000000000000000A4
:1070EC000000000000000000010000000000000093
:1070FC000E33CDAB34126DE6ECDE05000B00000058
:10710C000000000000000000000000000000000073
:10711C000000000000000000000000000000000063
:10712C000000000000000000000000000000000053
:10713C000000000000000000000000000000000043
:10714C000000000000000000000000000000000033
:10715C000000000000000000000000000000000023
:10716C000000000000000000000000000000000013
:08717C00D097FF1FD0A2FF1FF6
:00000001FF
