:1000000000800020BD010000D5EB000091EB000056
:1000100091EB000091EB000091EB000091EB0000F0
:1000200091EB000091EB000091EB0000D5EB00009C
:10003000D5EB000091EB0000C1DF0000C5DF000040
:10004000D5EB0000D5EB0000D5EB0000D5EB0000B0
:10005000D5EB0000D5EB0000D5EB0000D5EB0000A0
:10006000D5EB0000D5EB0000D5EB0000D5EB000090
:10007000D5EB0000D5EB0000D5EB0000D5EB000080
:10008000D5EB0000D5EB0000D5EB0000D5EB000070
:10009000D5EB0000D5EB0000D5EB0000D5EB000060
:1000A00025BA000031BA0000D5EB0000D5EB000006
:1000B000D5EB0000D5EB0000D5EB0000D5EB000040
:1000C000D5EB0000D5EB0000D5EB0000D5EB000030
:1000D000D5EB0000D5EB0000D5EB0000D5EB000020
:1000E000D5EB0000D5EB0000D5EB0000D5EB000010
:1000F000D5EB0000D5EB0000D5EB000099FB00002C
:10010000D5EB0000E1020100D5EB0000D5EB0000CB
:10011000D5EB0000D5EB0000D5EB0000D5EB0000DF
:10012000D5EB0000D5EB0000D5EB0000D5EB0000CF
:10013000D5EB0000D5EB0000D5EB0000D5EB0000BF
:10014000D5EB0000D5EB0000D5EB0000D5EB0000AF
:100150005DE4000079E4000095E40000B1E40000F3
:10016000D5EB00005D060100D5EB0000D5EB0000EB
:10017000D5EB0000D5EB0000D5EB0000D5EB00007F
:10018000D5EB0000D5EB0000D5EB0000D5EB00006F
:10019000D5EB0000D5EB0000D5EB0000D5EB00005F
:1001A000D5EB0000D5EB0000D5EB0000D5EB00004F
:1001B000D5EB0000D5EB0000D5EB0000574B4CF21F
:1001C000205210B5DA814DF62812DA8100BF00BF47
:1001D0000EF004FD524B4FF010621A63514A9A63BD
:1001E000514ADA63514A136913F4807303D153619E
:1001F0004FF4A85313614E4B9A78110703D59A78A0
:1002000042F008029A704B4B4B482A221A704B4B13
:10021000DA1C121AC11E22F00302994288BF002282
:1002200047490EF0E1FB474B4748DA1C121AC11E42
:1002300022F00302994288BF0022002112F050FCF4
:10024000424943484FF4DE720EF0CEFB414B424A26
:10025000802103F8011B9342FBD14FF0E0233C4A7D
:10026000C3F8082D3D4B8A221A70A3F5805324222F
:100270005A70A0221A709A799207FCD59A79D406FE
:10028000FCD4374B9A7902F00C02082AFAD10322E7
:100290001A7140225A719A799006FCD5304A9379A6
:1002A0005906FCD51E4B2F4959640221996420211F
:1002B0001170917901F00C010C29FAD12A4A5A6087
:1002C0004FF0E023294A5A6100229A6107221A61FD
:1002D000274AC3F8202D62B60EF0DCFD134B5B6994
:1002E000DA0705D523480EF0C9FD234B234ADA610E
:1002F000234B1B785B0609D51F4C204BE2699A42C1
:1003000004D11C480EF0BAFD0023E3610EF06CFC32
:1003100012F0C8FC0EF060FBFEE700BF00200540B5
:1003200000800440823F04000100002B00D0034005
:1003300000D0074000E00740308CFF1F6099FF1F8E
:1003400094670100D4A4FF1F6099FF1F0000000004
:100350000082FF1F00E400E05FE400E00050064080
:100360000040064000000301C0100500FF760100B8
:1003700000002020B933D06800E00340A5C3945AA0
:1003800000F00740FFFFFFFFFFFFFFFFFFFFFFFF42
:10039000FFFFFFFFFFFFFFFFFFFFFFFFFFFFFFFF6D
:1003A000FFFFFFFFFFFFFFFFFFFFFFFFFFFFFFFF5D
:1003B000FFFFFFFFFFFFFFFFFFFFFFFFFFFFFFFF4D
:1003C000FFFFFFFFFFFFFFFFFFFFFFFFFFFFFFFF3D
:1003D000FFFFFFFFFFFFFFFFFFFFFFFFFFFFFFFF2D
:1003E000FFFFFFFFFFFFFFFFFFFFFFFFFFFFFFFF1D
:1003F000FFFFFFFFFFFFFFFFFFFFFFFFFFFFFFFF0D
:10040000FFFFFFFFFFFFFFFFFFFFFFFFDEF9FFFF23
:100410000548064B1B1AD90F01EBA301491002D066
:10042000034B03B1184770476099FF1F6099FF1F86
:100430000000000008B5054B1BB105490548AFF3A6
:100440000080BDE80840FFF7E3BF00BF00000000E8
:100450006099FF1F8C67010038B50446084620707C
:100460000A4910461D4611F0E9FB01464FF07E5047
:1004700011F098FC064911F0E1FBE5606060256130
:1004800065610EF053FFE061204638BDDB0FC940C7
:100490000024744938B50446084620700A491046BD
:1004A0001D4611F0CBFB01464FF07E5011F07AFC57
:1004B000064911F0C3FBE5606060256165610EF0DF
:1004C00035FFE06138BD00BFDB0FC940002474492F
:1004D000037810B50446032B21D8DFE803F0191E7A
:1004E0001102C168406911F09FFA0E490346606825
:1004F0001C4611F057FC0146204611F053FC10BD7C
:100500000849406811F04EFCE16811F097FB10BDFE
:10051000C168406911F088FA10BDC06810BD0020A4
:1005200010BD00BF00247449F8B504460E460EF015
:10053000FDFEE3690546C01A11F02CFBE768A061D7
:100540000146E56160686661276111F02BFC014698
:10055000A0600E4811F026FC11F0E4F805460146B3
:100560004FF07E5011F060FA314611F067FB2946DA
:100570000646384611F062FB0146304611F056FA45
:10058000E0602046BDE8F840FFF7A2BF000080BF52
:10059000036818470B680360704700BF0B6803606F
:1005A000704700BF704700BF10B504460DF00AFF4A
:1005B000204610BDF8B5044606981D460F46561A4B
:1005C00011F002FD401BF6B1A4EB070C002800FB64
:1005D0000CFC06EBD6730ADB0CEB630C0CFB06F38E
:1005E000002B9CFBF6FC0CEB050011DBF8BDACEB23
:1005F000630C0CFB06F3002B9CFBF6FC0CEB0500DC
:10060000F4DB0130F8BD00EBD07005EB6000F8BD05
:100610000138F8BDBDF800C0521AACEB030C1CD079
:10062000401ABCF1000F0CFB00F002EBD27109DBA9
:1006300000EB610000FB02F1002990FBF2F018448E
:1006400010DB7047A0EB610000FB02F1002990FB7A
:10065000F2F01844F5DB013070470CEBDC7C03EB67
:100660006C00704701387047DDF800C0521AACEBDF
:10067000030C1CD0401ABCF1000F0CFB00F002EB85
:10068000D27109DB00EB610000FB02F1002990FB55
:10069000F2F0184410DB7047A0EB610000FB02F1A0
:1006A000002990FBF2F01844F5DB013070470CEBA9
:1006B000DC7C03EB6C0070470138704738B50B8861
:1006C000182B0D46044607D1294B1B7805EB430533
:1006D0006B88182B14D138BD0344A3F118007F2870
:1006E00023DD244A973BA2FB0312D20802EB42020D
:1006F000A3EB820303F17300C0B208F04BFEE3E703
:100700001C44A4F118007F281EDD1A4B973CA3FB64
:100710000423DB0803EB4303A4EB830404F173001D
:10072000BDE83840C0B208F035BE0028E4DA114A0E
:10073000C3F11803A2FB0312D20802EB4202A3EB9F
:100740008203C3F10C00D7E70028E9DA094BC4F1B2
:100750001804A3FB0423DB0803EB4303A4EB83048B
:10076000C4F10C00C0B2BDE8384008F013BE00BFB1
:10077000BF8DFF1FABAAAAAA38B50C46054634F8B0
:10078000023B182B1DD134480378013303F00302D8
:100790000270134634F81220182A28D14FF0040CA6
:1007A000591C032BCAB215BF1346224604EB420262
:1007B000002303701288182A19D1BCF1010CEFD163
:1007C00038BD0344A3F118007F2827DD234A973B57
:1007D000A2FB0312D20802EB4202A3EB820303F155
:1007E00073001F4BC0B2197808F096FDCBE7154493
:1007F000A5F118007F2820DD184B973DA3FB0523AA
:10080000DB0803EB4303A5EB830505F17300144BF1
:10081000C0B21978BDE8384008F07EBD0028E0DAA3
:100820000E4AC3F11803A2FB0312D20802EB4202E4
:10083000A3EB8203C3F10C00D3E70028E7DA074BF0
:10084000C5F11805A3FB0523DB0803EB4303A5EB68
:100850008305C5F10C00DAE7BF8DFF1FABAAAAAA7A
:10086000829CFF1F38B50E202B4D0DF0AFFF29885D
:100870002A4B81421B88044633DD5B1A0A4636D078
:10088000521AC2EB023203EBD37102EB610292FB0C
:10089000F3F102FB03F3002B3ADB14200EF04CFBC8
:1008A0001F4B1B889BBB2A88A24223DC40F6FF73A8
:1008B0009C42A8BF1C46C2F57F630F3303B3A11A45
:1008C000C1EB013103EBD37201EB620101FB03F2D7
:1008D000002A91FBF3F11DDBBDE8384028200EF023
:1008E0002BBB83421A46A8BF02465B1AC8D140F20E
:1008F000FF71D2E7C2F57F630F331446002BDED1C0
:10090000BDE8384040F2FF7128200EF015BB38BD1D
:100910000139C2E70139DFE7BE9AFF1FBC9AFF1F0A
:10092000FC9AFF1FF8B5724B724C1B88C31A054620
:1009300084FB0304D817C0EB640000EB4000A3EB7A
:10094000800303EB4303980001EB83040858284419
:10095000AAB17F285CDD684B7F38A3FB0023DB084E
:1009600003EB4303A0EB83007330644F644E39788C
:10097000C0B208F0D1FC3388022B57D8F8BD7F28CD
:1009800038DD5D4B7F38A3FB0023DB0803EB43031B
:10099000A0EB830073305A4EC0B208F0FBFC3388E2
:1009A000022BEBD9606828447F2840F39280524B99
:1009B0007F38A3FB0023DB0803EB4303A0EB83009A
:1009C0007330C0B208F0E6FC3388032BD6D9A06898
:1009D00028447F286FDD484B7F38A3FB0023DB08CA
:1009E00003EB4303A0EB83007330BDE8F840C0B2D3
:1009F00008F0D0BC0028CEDA3F4B4042A3FB0023D6
:100A0000DB0803EB4303A0EB8300C0F10C00C2E75B
:100A10000028AADA384B4042A3FB0023DB0803EB93
:100A20004303A0EB8300C0F10C009EE760682844FC
:100A30007F2832DD304B7F38A3FB0023DB0803EB3C
:100A40004303A0EB830073303978C0B208F064FC34
:100A50003388032B92D9A06828447F280FDD264BCA
:100A60007F38A3FB0023DB0803EB4303A0EB8300E9
:100A700073303978C0B2BDE8F84008F04DBC0028AA
:100A8000F7DA1D4B4042A3FB0023DB0803EB4303D3
:100A9000A0EB8300C0F10C00EBE70028D4DA164B82
:100AA0004042A3FB0023DB0803EB4303A0EB8300DE
:100AB000C0F10C00C8E7002897DA0F4B4042A3FBB7
:100AC0000023DB0803EB4303A0EB8300C0F10C0021
:100AD0008BE70028BFF675AF074B4042A3FB00230E
:100AE000DB0803EB4303A0EB8300C0F10C0068E7D5
:100AF0006C9BFF1FABAAAA2AABAAAAAA829CFF1FC3
:100B00006E9BFF1F08B51A4B1B7833B315200DF0F1
:100B10005DFE184B184A1B781060DBB1174B1B8821
:100B200083421EDC164A1288D11A1ED08242D4BFDC
:100B3000C3EB0203C3EB0003A3EB830301EBD1720E
:100B4000A3EB620303FB01F2002A93FBF1F3B4BFB2
:100B5000043305330B4A136008BD11200FF084FCE9
:100B6000D7E7084A0023136008BD0323F2E700BF5C
:100B70007C9AFF1F4C9BFF1F809AFF1F129CFF1F38
:100B8000109CFF1F509BFF1F2DE9F843974B1B88BC
:100B9000013B0446092B3CD8DFE803F00A10161C81
:100BA00022282E3D4205BDE8F8439149FFF786BD56
:100BB000BDE8F8438F490022FFF7B4BEBDE8F84313
:100BC0008D490022FFF7AEBEBDE8F8438B490022F5
:100BD000FFF7A8BEBDE8F84389490022FFF7A2BE8F
:100BE000BDE8F84387490022FFF79CBEBDE8F84303
:100BF00085490022FFF796BE844D854E2B88A3B110
:100C000084493288098803318A420EDC1344022B5E
:100C100048DCBDE8F883BDE8F8437F49FFF74EBDE7
:100C2000BDE8F8437D49FFF749BD7D4A7D491288FB
:100C30007D4FA21A81FB021C7C49D0170988C0EBAA
:100C40006C0000EB4000A2EB800201EBC101090146
:100C500002EB420201EB8202A3EB8303B85820446B
:100C600000EB83007F2812DC00280ADA704B404238
:100C7000A3FB0023DB0803EB4303A0EB8300C0F1DD
:100C80000C00C0B208F086FB32882B88BEE7684BA8
:100C90007F38A3FB0023DB0803EB4303A0EB8300B7
:100CA0007330EEE7DFF878915E49B9F80030DFF88D
:100CB0007C815D4FE31A81FB0321DA17C2EB6102ED
:100CC00002EB4202A3EB820303EB4302B8F80030CD
:100CD00003EBC3031B0103EB82033B44586820442E
:100CE0007F2858DD524B7F38A3FB0023DB0803EB42
:100CF0004303A0EB83007330C0B208F04BFB338892
:100D00002A881344032B84DDB9F800304548B8F82D
:100D10000020E31A80FB0310D917C1EB600101EB3F
:100D2000410102EBC202A3EB8103120103EB430377
:100D300002EB83031F44B86820447F2839DD3C4B15
:100D40007F38A3FB0023DB0803EB4303A0EB830006
:100D50007330C0B208F01EFB33882A881344042B7A
:100D60007FF757AF2B4B1B88012B7FF452AFA4F1B9
:100D70000C037F2B2BDD2E4AA4F18B03A2FB031265
:100D8000D20802EB4202A3EB82037333D8B2BDE870
:100D9000F84308F0FFBA0028AEDA254B4042A3FB27
:100DA0000023DB0803EB4303A0EB8300C0F10C003E
:100DB000A2E70028CDDA1E4B4042A3FB0023DB084C
:100DC00003EB4303A0EB8300C0F10C00C1E7002B51
:100DD000DCDA174AC4F10C03A2FB0312D20802EBBF
:100DE0004202A3EB8203C3F10C03CFE7089CFF1F71
:100DF000449CFF1FA0320100103201006831010045
:100E0000003D0100703C0100903D0100369BFF1F3A
:100E10006E9BFF1F389BFF1F2C9CFF1F389CFF1FE2
:100E20006C9BFF1FABAAAA2A083A01003A9BFF1F3E
:100E3000ABAAAAAA2DE9F843964B1B88013B0446AE
:100E4000092B3CD8DFE803F00A10161C22282E3D9F
:100E50004205BDE8F8439049FFF78EBCBDE8F84372
:100E60008E490122FFF75EBDBDE8F8438C4901229F
:100E7000FFF758BDBDE8F8438A490122FFF752BD8C
:100E8000BDE8F84388490122FFF74CBDBDE8F843AF
:100E900086490122FFF746BDBDE8F8438449012297
:100EA000FFF740BD834A844B12881988551891B1C9
:100EB000824B1B8803339A420DDC022D48DCBDE8CF
:100EC000F883BDE8F8437E49FFF756BCBDE8F84318
:100ED0007C49FFF751BC7C4B7C4F1B887C4EE31A4E
:100EE00087FB03277B4AD8171288C0EB670000EB0B
:100EF0004000A3EB800302EBC202120103EB4303A9
:100F000002EB8303A1EB8101F058204400EB810048
:100F10007F2812DC00280ADA6F4B4042A3FB002333
:100F2000DB0803EB4303A0EB8300C0F10C006B4B29
:100F3000C0B2197808F0F0F9BFE7674B7F38A3FB20
:100F40000023DB0803EB4303A0EB83007330EEE7E1
:100F5000DFF874915D49B9F80030DFF878815C4EB4
:100F6000E31A81FB0321DA17C2EB610202EB4202B2
:100F7000A3EB820303EB4302B8F8003003EBC30397
:100F80001B0103EB82033344586820447F2856DD5D
:100F9000514B7F38A3FB0023DB0803EB4303A0EB9B
:100FA000830073304D4FC0B2397808F0B5F9032D86
:100FB00085D0B9F800304548B8F80020E31A80FB26
:100FC0000310D917C1EB600101EB410102EBC20232
:100FD000A3EB8103120103EB430302EB83031E44E3
:100FE000B06820447F2838DD3B4B7F38A3FB0023CB
:100FF000DB0803EB4303A0EB830073303978C0B206
:1010000008F08AF9042D3FF45AAF2C4B1B88012BB2
:101010007FF455AFA4F10C037F2B2CDD2E4AA4F1F5
:101020008B03A2FB0312D20802EB4202A3EB820362
:1010300073333978D8B2BDE8F84308F06DB90028A9
:10104000B0DA254B4042A3FB0023DB0803EB43034C
:10105000A0EB8300C0F10C00A4E70028CEDA1E4B01
:101060004042A3FB0023DB0803EB4303A0EB830018
:10107000C0F10C00C2E7002BDBDA174AC4F10C0305
:10108000A2FB0312D20802EB4202A3EB8203C3F1DC
:101090000C03CEE7089CFF1F449CFF1FA0320100F9
:1010A0001032010068310100003D0100703C010078
:1010B000903D01006E9BFF1F369BFF1F389BFF1F5B
:1010C0002C9CFF1F389CFF1F6C9BFF1FABAAAA2AFA
:1010D000083A01003A9BFF1FABAAAAAA829CFF1FF5
:1010E00010B50C8884422DD203F10043013B31F846
:1010F0001340844223D9B1F802C0844538BF01238C
:1011000024D20133DBB29E4631F813C060454FEA6A
:101110004304F6D8604517D00EF1004E0EF1FF3EA5
:10112000135B31F81E1032F81E20401A9B1A03FB85
:1011300000F0ACEB010C90FBFCF0104410BD32F859
:10114000130010BD108810BD105B10BD02244FF0BD
:10115000010EDFE7204B1B880C2B30D81F4982B2D1
:1011600030B551F8235042B343F6FE739A4227D864
:10117000B2F5806F29D31A4C01230133DBB2194633
:1011800034F813E072454FEA430CF6D8724519D093
:1011900001F100410139124B35F8114033F811309B
:1011A00035F80C2080B2C01A121B00FB02F2AEEB25
:1011B000030392FBF3F3181930BD288830BD704744
:1011C000288C30BD35F80C0030BD40F2FF3E4FF0AA
:1011D000020C0121DAE700BFDC9AFF1F443E010048
:1011E000203E01002DE9F0435C4B83B0186810F0FD
:1011F000D1FC5B4B0446188810F0C8FC0146204621
:1012000010F01CFD574910F0CDFD10F0DDFE564BDF
:101210001A88002A73D04042544B55491B680C88E9
:10122000544A9C42168825465CDCB342A8BF33462C
:101230001844A0425ADA504B1C60B542A8BF35464C
:10124000331B6BD0281B03EBD372C0EB803000EB59
:10125000620000FB03F2002A90FBF3F07BDBFFF758
:1012600079FF464B1F88464BC0F3C61909FB07F7A9
:101270001B887F2F8046A8BF7F273BB10093324653
:10128000002321462846FFF7C5F903463D4A3E4C58
:10129000136023684B4509D03C4B1B88002B4DD174
:1012A0003B4B1B88002B45D1C4F80090394C236878
:1012B000434506D0354B1B885A1F032A31D9C4F841
:1012C0000080354C23689F4209D0344B188828B1E0
:1012D0002E4B334A1B88D35C834237D1276003B03F
:1012E000BDE8F08323461844A042A4DBB042A8BF67
:1012F0003046214BA0421860A2DB05469DE7294BF2
:101300001B68032B88D0194B19481B68048819499E
:10131000A3420E88254617DA2046E7E741F6FF701C
:101320009DE71F4AD05C203008F07F01C0B207F073
:10133000B5FFC4E7484608F065F8B5E7184A4946DE
:10134000D05C07F0ABFFABE710466EE7F9B2C0B276
:1013500007F0A4FFC2E7013881E700BF8C9CFF1FA4
:10136000748EFF1F00002042849CFF1F189CFF1FEB
:10137000BE9AFF1FBC9AFF1FB89AFF1F929AFF1FC9
:10138000869AFF1F889AFF1FC49BFF1F8E9AFF1F1C
:101390008C9AFF1FCC9BFF1FC89BFF1F909AFF1FBB
:1013A000B48DFF1FB49BFF1F2DE9F04F01208DB0BE
:1013B0000FF05AF8AB4A0346002013600FF054F8C0
:1013C000A94BAA4A1B8810600C2B00F08B80A84AFE
:1013D00000211F2B117040F08C80A64BA6491B7872
:1013E000A648A74A0891003B18BF012303700B8849
:1013F000069052F82380A34BA3491A88A34BA44814
:101400001B880988013A013B30F912200992A14A50
:10141000072932F9134000F243826FF0D2030B41E7
:10142000DB0700F13D829C4B1B78002B00F07182A2
:1014300015200DF0CBF90546984B04931E68AE427B
:1014400040F33B82964B974A1B88DFF85C920792E9
:10145000012B964B1F8813684046A3EB040400F051
:101460000C8310F097FB59F8271010F0E7FB0146AA
:10147000002010F0D9FAA5428D4F00904FF00003E4
:1014800028463146B8BF20462246FFF793F83B680E
:10149000184400EBD070874B059340103860864BA2
:1014A0001B88072B07D86FF0D20A4AFA03FA1AF002
:1014B000010A00F08F81DFF80492814BD7F800A079
:1014C000D9F80040DFF8FCB1039300267E4B1B885F
:1014D000013B032B00F22C83DFE813F058013401A9
:1014E00010011700634B1B78002B40F04B82604AC1
:1014F0001370624B604A06931946002308920B70E2
:1015000012885F4B53F8228075E7204610F042FBAB
:101510006E4910F093FB0446304610F03BFB6C49DB
:1015200010F08CFB0146204610F080FA10F04CFDC4
:10153000079EC9F800000446306810F02BFB634991
:1015400010F07CFB034628461D4610F023FB604943
:1015500010F074FB0146284610F068FA10F034FDD4
:101560003060404B5B4D19685B4B2D881A885B4B94
:101570005B4E1B88DDF80CC03688A71A2244049CF9
:10158000CBF80020C21A2260059ACCF80070034400
:101590008D42136000F38F818E423046A8BF08460B
:1015A000324B1B689D4200F384819E423446A8BFA3
:1015B0001C468D42C0F257819D42C0F25481494D74
:1015C000286810F0E7FA414910F038FB464910F05E
:1015D0002DFA10F0F9FCA0F5FF531C3B082B2860F6
:1015E00001D84FF4005043F6FF768244B24550468E
:1015F000A8BF304620EAE070286010F0CBFA069BC6
:101600000546187808FB00F010F0C4FA4FF07A5144
:1016100010F014FB0146284610F006FA10F0D4FC36
:10162000324B334D1B78B042A8BF304620EAE07001
:101630002860002B00F00C81BAF5005F00F00881F3
:1016400004F05CFE2B4B286801221A702A4C236898
:10165000834204D080B207F007FF2B6823600DB0EF
:10166000BDE8F08FF49BFF1FFC9BFF1FF09BFF1F4B
:10167000609BFF1FFA9BFF1F8A99FF1F1F9CFF1F84
:10168000CC8DFF1F788EFF1F7A9AFF1F7A8EFF1F67
:10169000F8310100B03401007C9AFF1F949CFF1FB9
:1016A000889CFF1FA49CFF1F483C0100A89CFF1FB3
:1016B0008C9CFF1F989CFF1F989BFF1FA09CFF1FE7
:1016C000909CFF1F9C9CFF1F768EFF1F9A99193FCD
:1016D000CDCCCC3E009CFF1F7C8EFF1F7E8EFF1F5B
:1016E000FE9BFF1F048EFF1FCDCC4C45689DFF1F46
:1016F000008EFF1F8A9CFF1FC88DFF1F204610F021
:1017000049FAB64910F09AFA0446304610F042FA07
:10171000B34910F093FA0146204610F087F910F013
:1017200053FC079EC9F800000446306810F032FAF6
:10173000AA4910F083FA034628461D4610F02AFAFB
:10174000A74905E7204610F025FAA64910F076FAD9
:101750000446304610F01EFAA34910F06FFA014615
:10176000204610F063F910F02FFC079EC9F8000026
:101770000446306810F00EFA9A4910F05FFA0346FA
:1017800028461D4610F006FA9749E1E6204610F07B
:1017900001FA964910F052FA0446304610F0FAF970
:1017A000934910F04BFA0146204610F03FF910F033
:1017B0000BFC079EC9F800000446306810F0EAF9F7
:1017C0008A4910F03BFA034628461D4610F0E2F91C
:1017D0008749BDE6874C03940F200EF045FE226832
:1017E0008242064640F39A80834B0B921B88012B62
:1017F00000F04A81814BDFF808921988D9F800403F
:10180000099B0A914046A4EB030B10F0C3F97D4BF2
:101810000A9953F8211010F011FA0146002010F037
:1018200003F90B9A00905E455346114630465A46DE
:10183000B8BF5846FEF7BEFE3B68DFF8CCB100EB00
:10184000030A0AEBDA7A4FEA6A0AC7F800A03DE613
:101850006E4C2378002B3FF4F9AE04F04BFD0023CF
:1018600028682370F2E6089B1B88002B3FF4A7AE84
:10187000002332462946CDF80080FEF7F5FECDF86C
:1018800000800746324629462046FEF7EDFE3B1A09
:10189000002BB8BF5B42092B00F3CC805C4DA0E667
:1018A0005C4B04935C4B07935C4B5D4F05930025A9
:1018B000F5E52C467DE6284672E6584B05931E68F2
:1018C000AE4276DA4C4B544A1B88DFF838910792C7
:1018D000012B4A4B1F88136840461C4400F0C2800D
:1018E00010F058F959F8271010F0A8F9A5424C4FFC
:1018F00000904FF0000328463146A8BF20462246FC
:10190000FEF758FE3B68184400EBD070401038607A
:10191000C5E511200EF0A8FD05468DE5DFF8E8B01D
:10192000DBF8002082424DDA334B0B921B88012BEF
:1019300000F0D380DFF8C890304BD9F80040099A06
:1019400019880A9122444046099210F023F92D4B40
:101950000A9953F8211010F071F90B9A0090114672
:10196000099AB24253461046A8BF3046FEF722FEFF
:101970003B6800EB030A0AEBDA7A4FEA6A0AC7F817
:1019800000A0A3E5274B284A19880893274B52F853
:1019900021002749069101221A7000230B7010F0D4
:1019A000F9F84FF07C5110F049F910F00DFB80462A
:1019B00021E51B4F184B07933B6803EBD3735B1078
:1019C0003B606CE53B68DFF8389003EBD3734FEA7C
:1019D000630AD9F80040C7F800A077E5CDCC4C3FAA
:1019E000CDCC4C3E6666663FCDCCCC3D3333733FA9
:1019F000CDCC4C3D909CFF1F889CFF1FA89CFF1FD7
:101A0000A09CFF1F483C01009C9CFF1F8A9CFF1F5D
:101A1000048EFF1F949CFF1FA49CFF1F989CFF1F18
:101A20008C9CFF1F8A99FF1FCC8DFF1F609BFF1F9F
:101A30001F9CFF1F07F500540134201A10F0AAF86C
:101A40003D493E4D10F0FAF80446286810F0A2F81F
:101A50003B4910F0F3F8014620460FF0E7FF10F085
:101A6000B3FAC0E510F096F859F8271010F0E6F830
:101A7000014600200FF0D8FF38E710F08BF859F836
:101A8000271010F0DBF8F6E42E4BDFF8BC90198835
:101A9000D9F80040099B0A914046A4EB030B10F0D3
:101AA00079F82A4B0A9953F8211010F0C7F80B9ACD
:101AB00000905E455346114630465A46B8BF5846D8
:101AC000FEF778FD3B68DFF888B0184400EBD07073
:101AD0004FEA600AC7F800A0F8E4DFF86C90194BF1
:101AE000D9F80040099A19880A912244404609927F
:101AF00010F050F8154B0A9953F8211010F09EF889
:101B0000014600200FF090FF0B9A00901146099AB1
:101B1000B24253461046A8BF3046FEF74BFD3B6825
:101B2000184400EBD0704FEA600AC7F800A0CDE47B
:101B3000079B186815E500BFCDCCCC3E048EFF1F77
:101B40009A99193FA89CFF1FA09CFF1F483C0100C9
:101B50009C9CFF1F08B5244B1B885BB3234B1B7851
:101B60005BB3234B1B7843B3224B1B782BB3224B25
:101B70001B7813B3214B1A782AB3214A21482249F2
:101B80001288008809680244B1EB520F15DD00226B
:101B90001A7007F015FD642004F0C4FB642004F003
:101BA000C1FB642004F0BEFBBDE808404FF4167092
:101BB0000DF0DCBB114A117801B908BD1370BDE806
:101BC000084007F0FDBC0E4A0E48104912880088F4
:101BD00009680244B1EB520FEFDD01221A70BDE833
:101BE0000840642004F09EBB3E9BFF1F8D99FF1FA1
:101BF0008E99FF1F8F99FF1F9099FF1F3C9BFF1F1E
:101C0000FE9BFF1F009CFF1FF09BFF1FF49BFF1F0D
:101C100038B5114C232025780CF0D8FD0F4900224F
:101C200041F825000B1F01F1C40053F8041F834243
:101C30000A44FAD123780A490A480133DBB281FB0E
:101C40000251322B4FEAE272C2EB211208BF00238D
:101C50000260237038BD00BFA899FF1FAC99FF1F19
:101C60001F85EB51A499FF1F2DE9F04F9F4CA04D0C
:101C70002068DFF8808285B00FF08CFF9E490FF05E
:101C8000DDFF064610200EF0EFFB0FF083FF9B49AF
:101C90000FF0D4FF31460FF0C9FE10F095F92B88F4
:101CA000206002469A42B8F80010184680F2D080B0
:101CB000CF1A1E4600F0D380F61A07EBD77CC6EB8E
:101CC000C61606EB6C0606FB07FCBCF1000F96FB84
:101CD000F7F6C0F267818A4FDFF828C2CCF80060BF
:101CE0003E88192E00F0EA801A2E2ED01E2E00F00B
:101CF000A4810127844EB946DFF810C2BCF800C0A9
:101D0000BCF1000F13D0DFF808E2BEF800E0BEF12E
:101D1000030F00F23C819A4280F246810A46CDF8D8
:101D200000C019460023FEF775FC7A4B18607A4A0A
:101D30003388108850EA030114D1784B1A78002AAE
:101D400040F01D8205B0BDE8F08F754E3678002E4C
:101D500008BF01276C4E16BF00274FF000094FF057
:101D60000109C9E72988D4F800C0614579DCDFF8AA
:101D7000ACE19EF800A0BAF1000F34D14FF0010A97
:101D800004288EF800A02ED1002F40F0C6813388A1
:101D9000002BD7D0B9F1000FD4D022682888B8F82A
:101DA0000010904200F3AC818A42A8BF0A46091A8B
:101DB00000F0C681121A01EBD174C2EB82126410DA
:101DC00004EB420404FB01F2002A94FBF1F400DB73
:101DD0000134544D2A68A24203D0E1B2D8B207F0D0
:101DE0005DFA2C60AEE7012800F04181022800F086
:101DF000F4800328CBD14C4B1B88092BC7D0002F74
:101E0000C5D023682988B8F80020994240F3A881FA
:101E10000B46521A00F0A8815B1A02EBD277C3EB93
:101E200083137F1007EB430707FB02F3002B97FB9D
:101E3000F2F700DB0137DFF8F4B0DBF80030BB422B
:101E400003D0F9B24A2007F029FACBF800709EE7D8
:101E50008A421646A8BF0E46CF1A7FF42DAF3F2602
:101E600039E72E4A117800293FF46CAF002401288D
:101E7000147000F0EE80022800F0A080032840F0EB
:101E80003381294A1288092A09D047B1274D2A6887
:101E90002AB121464A2007F001FA33882C60002B32
:101EA0003FF450AFB9F1000F3FF44CAFD8B200216E
:101EB00007F0F4F91B4B00221A6043E7DFF860904B
:101EC000114E99F800C0BCF1000F33D0B6F800E015
:101ED000BEF1000F2ED0DFF858A09AF800B0E3450D
:101EE00040F0108101274FF0000905E7049BFF1F18
:101EF000149BFF1F129BFF1F9A99193FCDCCCC3E1C
:101F0000FC9BFF1F089BFF1F0E9BFF1F649BFF1F77
:101F1000629BFF1F689BFF1F0C9BFF1F109BFF1FF7
:101F2000FA9BFF1FD49BFF1F8E9AFF1FD09BFF1FA2
:101F3000899BFF1FDFF84CA29AF800E0E645D1D05C
:101F40003078002107F0AAF999F800303A888AF829
:101F500000308D4BB3F800C0BCF1000F00F0BE8024
:101F60001E2A40F00381012799F80030002B60D031
:101F7000DFF818E22B88BEF800E02268B8F80010FD
:101F8000BEF1030F18464FF000097FF6C4AE9A4227
:101F90000FDA1A46CDF800C00023FEF73BFB7C4B5E
:101FA0001860C4E6013E96E68A42A8BF0A4610467B
:101FB000B4E68A42A8BF0A461046EAE7002F3FF47B
:101FC0006EAF744D2A68002A3FF469AF21460420A1
:101FD00007F064F933882C6061E7002F3FF4D8AE36
:101FE000DFF8B0B1B8F80000DBF800A08445634624
:101FF000A8BF0346401A00F0AE805B1A00EBD07118
:102000004910C3EB831301EB430303FB00F10029E9
:1020100093FBF0F300DB0133534506D0D9B2042023
:10202000039307F03BF95C4A039B1088CBF8003020
:10203000DFE6574A9946136079E6DFF86091524B24
:1020400099F80070B3F800C0554EB7FA87F77F09CA
:102050008AE7002F3FF423AF4E4D2A68002A3FF451
:102060001EAF214607F01AF933882C6017E7002FBE
:102070003FF48DAEB8F800309C456046A8BF1846C6
:102080005B1A6AD0401A03EBD37AC0EB80104FEA98
:102090006A0A0AEB400A0AFB03F100299AFBF3FAE9
:1020A00001DB0AF1010ADFF8ECB0DBF80030534540
:1020B00005D05FFA8AF1012007F0F0F8364A10885F
:1020C000CBF800A002287FF494AE2B88D4F800C08F
:1020D000B8F80000634519468CDC87E71E2A3FF4F8
:1020E00042AFE146012722E604287FF4D8AE002F54
:1020F0003FF4D5AE2146402007F0D0F83388CEE635
:10210000024654E65FFA8EF07F2107F0C7F899F88F
:1021100000303A888AF800301BE740207F2107F022
:10212000BDF81D4A108850450CD002287FF461AEDE
:10213000DFF860B02B88DBF800A0D4F800C0C7E758
:10214000402446E62888D4F800C0B8F8003060453E
:10215000014695DC90E740235EE74FF0400AA2E796
:102160009342A8BF134654E6402764E62B882268B2
:10217000B8F80010184601274FF00009C3E51970A0
:10218000E0E500BF899BFF1F649BFF1F629BFF1F51
:10219000689BFF1FD09BFF1F0C9BFF1FFA9BFF1F1D
:1021A0000E9BFF1F08B5114B1B88022B09D0052B76
:1021B00007D0032B0DD0042B13D00D4B01221A7026
:1021C00008BD7F21412007F069F8094B01221A70F0
:1021D00008BD4021092007F061F8054B01221A7063
:1021E00008BD7F21092007F059F8E6E7149CFF1F7E
:1021F0000A9CFF1F70B5134E134D3388134C052BEB
:1022000016D029882268914209D1022B10D0033BB5
:10221000012B11D80021092007F040F80CE0C9B2C9
:10222000052007F03BF83388022B01D0052BEED1B7
:102230000021412007F032F8054A2B882360002155
:10224000117070BD149CFF1F0E9CFF1FDC9BFF1FB5
:102250000A9CFF1F714B1B881D2B70B500F0A780D7
:102260006F4B1C78002C40F09B806E4B1B88022B20
:1022700038D0053B032B35D96B4B1B88022B5DD027
:10228000053B022B5AD9694A694B11881A88521AA0
:1022900084F30703002A02FB03F3664AC0F2998025
:1022A0003F3382FB03021A44DD17C5EBA215002B56
:1022B0000D44C0F2A580604E604B3560002C1B7849
:1022C00064DD002B00F092805D4B5E4C1B88052B7B
:1022D00006D023689D4203D0E9B2052006F0DEFF58
:1022E000256070BD584B1B78002B55D111200EF086
:1022F000BBF8534B554A1B881060002BBCD0544B85
:102300001B888342B8DC534A1288D11A7AD08242A1
:10231000D4BFC3EB0203C3EB0003C3EBC31301EB56
:10232000D17203EB620303FB01F2002A93FBF1F38A
:102330006EDB1C443C4B1B88022BA1D10F200EF0FE
:1023400093F83F4B444A1B881060002B9BD0434BB3
:10235000C0F53B601B880830984294DB404A1288E5
:10236000D11A52D09042D4BFC3EB0003C3EB020397
:10237000C3EBC31301EBD17203EB620303FB01F266
:10238000002A93FBF1F346DB1C447CE7002B9BD037
:10239000BDE87040FFF72EBF15200CF017FAA8E734
:1023A000274B1B88002B0CBF00247F245DE7244BA8
:1023B0001C88002C3FF459AF2A4A194B12781B781D
:1023C000002A0CBF00247F24002B3FF44EAF7F3443
:1023D0004BE73F3B82FB03021A44DD17C5EBA21516
:1023E000002B0D44FFF667AF013564E7FFF7DAFE17
:1023F000134B35681B88134C052B7FF46AAF6FE7CE
:10240000013D58E73F231C4494E73F231C443AE72F
:10241000013B1C448EE7013B1C4434E7FC9BFF1F3F
:10242000449BFF1F7A9AFF1F989BFF1F0E9CFF1F64
:102430000C9CFF1F09040281289BFF1F0A9CFF1FA1
:10244000149CFF1FDC9BFF1F7C9AFF1F809AFF1FBD
:10245000129CFF1F109CFF1F9C9BFF1FA49BFF1F34
:102460009A9BFF1FFA9BFF1F38B51F4B1B88DA1E74
:10247000022A02D9072B00D038BD1C4B1B784BBB5E
:1024800011200DF0F1FF1A4B1A4A1B88106083428D
:1024900024DC194A1288D11A22D08242D4BFC3EB5D
:1024A0000203C3EB0003C3EBC31301EBD17203EBD5
:1024B000620404FB01F3002B94FBF1F412DB0F4DDB
:1024C0002B68A342D8D00E4BE1B2187806F0E6FE96
:1024D0002C6038BD15200CF079F9D4E70024EEE724
:1024E0003F24ECE7013CEAE77A9AFF1F7C9AFF1F42
:1024F000129CFF1F809AFF1F109CFF1FC09BFF1F95
:10250000789AFF1F38B51D4B1B88DA1E022A02D9A4
:10251000072B00D038BD0F200DF0A6FF184B19492E
:102520001B880860C0F53B6208329A420BDA00242F
:10253000154D2B68A342EDD0144BE1B2187806F08C
:10254000ADFE2C6038BD12490988C81A13D08A42E2
:10255000D4BFC3EB0203C3EB0103C3EBC31300EB14
:10256000D07203EB620404FB00F3002B94FBF0F445
:10257000DEDA013CDCE73F24DAE700BF989BFF1F6F
:10258000A49BFF1F9C9BFF1FD89BFF1F969BFF1FB9
:102590009A9BFF1F2DE9F04110200DF065FFC83018
:1025A000B0F57A6FA8BF4FF47A60B0F5FA7FB8BF84
:1025B0004FF4FA7000F51673B3F57A6F844A854CC0
:1025C000DFF81482854E864DA8BF4FF47A6381B23E
:1025D00022201180238007F0D5F82188814C242007
:1025E00007F0D0F80E200CF0F1F840F6FF72C8307A
:1025F0009042A8BF104620EAE07000F2DC5381B29E
:1026000079489342A8BF134601800220238007F037
:10261000B9F82188042007F0B5F801200DF024FF57
:10262000044600200DF020FF8442B8BF044604F1A8
:10263000C800B0F57A6FA8BF4FF47A60B0F5FA7FA2
:10264000B8BF4FF4FA7000F54873B3F57A6F674A74
:10265000674CA8BF4FF47A6381B20A2011802380AF
:1026600007F090F82188634C0C2007F08BF80F20BE
:102670000DF0FAFEC0F53F610431B1F5FA6FA8BF65
:102680004FF4FA61C0F54363B1F5AF6FB8BF4FF4D3
:10269000AF61B3F5FA6FA8BF4FF4FA63B3F5AF6F4C
:1026A000554AB8BF4FF4AF6389B2A420118023808C
:1026B00007F068F82188514CA62007F063F8152030
:1026C0000CF084F841F25C2200F548709042A8BFFB
:1026D0001046B0F52F7FB8BF4FF42F7000F596630A
:1026E00081B247489342A8BF134601800620238049
:1026F00007F048F82188082007F044F800274FF435
:10270000AF74F9B2304609F09DF958F8043BC3F5AF
:10271000967303FB00F085FB0023C017C0EB63102A
:10272000844207F10107A8BF0446062FE9D1DFF86C
:10273000D480354E2A4D0027F9B2304609F082F98F
:1027400058F8043BC3F5967303FB00F085FB0023A8
:10275000C017C0EB6310844207F10107A8BF04460D
:102760000C2FE9D1DFF8A480294E1D4D0027F9B2C6
:10277000304609F067F958F8043BC3F5967303FB3C
:1027800000F085FB0023C017C0EB6310844207F103
:102790000107A8BF04460C2FE9D1143C322CB8BF66
:1027A000322440F23A72A4F5AF7302FB03F3963B76
:1027B00085FB03251748184ADB17A1B2A3EB651365
:1027C00032330180BDE8F0412A20136006F0DABF01
:1027D000149BFF1F129BFF1F9C8DFF1F749CFF1FEC
:1027E000B5814E1BBC9AFF1FBE9AFF1F009CFF1FA6
:1027F000FE9BFF1F9A9BFF1FA49BFF1F109CFF1FA8
:10280000129CFF1F6C8DFF1F709CFF1F3C8DFF1FD4
:102810006C9CFF1FD69AFF1F708EFF1F2DE9F04F93
:102820000C2095B00BF09EFF0C200CF097FC394962
:10283000DFF8E4A014200CF09FFC3849384808F079
:102840005DFE022103200CF035FD022104200CF076
:1028500031FD022105200CF02DFD022106200CF097
:1028600029FD01210A200CF025FD012109200CF091
:1028700021FD01210D200CF01DFD012128200CF06F
:1028800019FD012114200CF015FD012116200CF07A
:1028900011FD012117200CF00DFD012121200CF06C
:1028A00009FD02211C200CF005FD01211B200CF06C
:1028B00001FD00211B200CF0C9FC1C200CF0ECFCDD
:1028C000B0FA80F35B091A208AF800300CF028FF78
:1028D0001F2000210CF0E6FE04200CF0DDFC002897
:1028E00000F0038205200CF0D7FCE8B903200CF0BF
:1028F000D3FCC8B904200CF0CFFC002800F05C82A7
:1029000006200CF0C9FC074D031E18BF01232B70D5
:102910000DE000BF001B3746AA9CFF1F40420F007E
:102920007890FF1FD49AFF1FB54D00232B7006200F
:102930000CF0B2FCB0FA80F35B094FF0000BB14A27
:10294000137005F075FB2B78002B40F0C9815846B9
:1029500006F032FFAC4BAD491B8840F23A72A3F54A
:10296000AF7302FB03F3963B81FB0321DA17002BC5
:10297000A2EB6112A649D4BF02F1320302F1310386
:10298000A44A0B60A44B12881A7001210D200CF090
:102990005DFC64200CF0EAFC06244FF416710A205A
:1029A0000CF0CAFA9D4A9E4800940C235D2109F060
:1029B000ADF8002800F0188164200CF0D7FC00214D
:1029C0000A200CF0B9FA4FF4967109200CF0B4FA11
:1029D000924A944800940C235C2109F097F800284F
:1029E00000F06D8164200CF0C1FC002109200CF086
:1029F000A3FA4FF4967116200CF09EFA874A8A4883
:102A000000940C235B2109F081F8002800F0478135
:102A100064200CF0ABFC002116200CF08DFA4FF472
:102A2000967117200CF088FA64200CF09FFC0021AE
:102A300017200CF081FA64200CF098FC00210D2086
:102A40000CF004FC794A7A481268DFF8E8917A4E73
:102A50007A4D7B4FDFF8EC8100230121FDF71AFD51
:102A60000124002333602B603B6089F800400F2075
:102A70000DF0FAFC3B6803440E203B600BF0A6FE11
:102A800033680344336099F80030002B00F0228152
:102A900015200BF09BFE2B681844286004F0010001
:102AA00003F030FCB8F80030002B14BF4B20DC20C2
:102AB00001340CF05BFC052CD9D13B6832686249CB
:102AC000624C08886249002BB8BF0333002AB8BFA4
:102AD0000332921032602A6809885E4E002AB8BF1D
:102AE00003329B109210A3EB000C3B602A60236022
:102AF000594F5A4D5A4CC7F800C003443360202048
:102B0000531A0A442B6022600DF0AEFC554B00F5C1
:102B1000FA70186019200DF0A7FC534B00F5FA70FD
:102B20001860BBF1000F40F00881B8F80030002BAE
:102B300000F00A814D4B012404201C600CF0ACFB1A
:102B400018B94B4B344A1C7010704A4B1B881C2B15
:102B500000F0E880484C04F1C80523200BF036FE55
:102B600044F8040F01200CF001FCA542F5D19AF8BD
:102B7000003023B1414B1B78002B40F0F280002144
:102B800021200CF063FB3E4A3E4B10783E4C1870FF
:102B900006F0C0FD03F0AEFB3C4B049304A90AA869
:102BA00002940894FDF7F6FC0AA910A80E94FDF70C
:102BB000F1FC45F6BF520EA935480BF095FB0E9B74
:102BC00010A8DB689847089B0AA8DB689847029B17
:102BD00004A8DB68984715B0BDE8F08F04200CF01E
:102BE0005BFB002800F0C28003200CF055FB00289E
:102BF000F4D003200CF050FB0028F5D1EEE700BF25
:102C0000D49AFF1F709BFF1FD69AFF1FB5814E1BE2
:102C1000708EFF1FE69BFF1FA299FF1F7890FF1F7A
:102C2000749CFF1F6C9CFF1F709CFF1FC08DFF1FBB
:102C3000989AFF1F7C9AFF1F949AFF1FA49CFF1F66
:102C4000A09CFF1F169BFF1F7C8EFF1FA09BFF1FDA
:102C50007E8EFF1F9C9CFF1F909CFF1F949CFF1F5C
:102C6000989CFF1FEC9BFF1FA89BFF1FB49BFF1F9F
:102C7000029BFF1FFC9BFF1FA899FF1FAB9CFF1F20
:102C80008899FF1FA099FF1F5831010065080000B7
:102C9000E89AFF1F04200CF0FFFA00287FD00320E1
:102CA0000CF0FAFA0028F5D003200CF0F5FA002811
:102CB000F5D1EFE704200CF0EFFA002864D00320F0
:102CC0000CF0EAFA0028F5D003200CF0E5FA002811
:102CD000F5D1EFE711200DF0C7FB2B681844DCE6B7
:102CE00015B0BDE8F04F08F0C3BA06200CF0D4FAD6
:102CF00000287FF4F7AD03200CF0CEFA00283FF453
:102D0000F1AD05200CF0C8FA00283FF4EBAD05202A
:102D10000CF0C2FA002852D0374D00232B704FF030
:102D2000010B0CE6354B188800283FF413AF344BE9
:102D3000C0B2197806F0B2FA0CE7FFF72BFCB8F82E
:102D40000030002B7FF4F6AE4FF4FA7003F0EAFA8D
:102D500003F0D4FA05F0E6FA4FF4AF600CF006FB8E
:102D6000E8E6012121200CF071FA0CE705200CF0B7
:102D700093FA00287FF438AF06200CF08DFA002873
:102D80007FF432AF0DF068FC05200CF085FA0028C6
:102D900095D106200CF080FA002890D1F2E70520AA
:102DA0000CF07AFA00287FF47AAF06200CF074FA5F
:102DB00000287FF474AFE5E70F4D2870B7E50320D6
:102DC0000CF06AFA04460028A6D104200CF064FA3C
:102DD000034620B9084D4FF0010B2B70AFE50620DC
:102DE0000CF05AFA044D031E18BF01232B704FF04C
:102DF000010B2346A3E500BFD49AFF1F929BFF1F40
:102E0000949BFF1F2DE9F04FA64B1C78012C95B029
:102E100000F04382022C00F0C281002C00F0F0820E
:102E2000A148A249DFF888E20678A24891F800B0EC
:102E30000478A149A1489EF80080DFF884E2A14B04
:102E40009EF80050A04A91F800C007789F49A0481A
:102E5000DFF880E2DFF880A21B781278097800782A
:102E60009EF800E0CDF808A001954FF0000A8D4DC6
:102E700085F800A0994D2E70994D85F800B0994DB8
:102E80002B70994D2A70994D85F800C0984D2E7081
:102E9000984D2970002C00F0D680974C248803941C
:102EA000A246964C012525705446182C00F2D78076
:102EB000039C01250C3C33B1914BB3F800A0BAF14F
:102EC000000F40F033838F4B1B88002B40F0C980EC
:102ED0008D4BDFF838A21B789AF800A00133A3EBE2
:102EE0004703BAF1000F00F0C880002F00F02E83D6
:102EF000002840F04A85013B8548864F00783F789E
:102F0000A3EB40031344A3EB0B0317B1002A00F01B
:102F10002B83A3EB0803B8F1000F02D0002840F088
:102F20002183019A9B1AA3EB4E0363449B1BA3EBE3
:102F30004103794909780C2212FB01327749784B19
:102F400008681A60774B784E1B88DFF8E0C1784F2D
:102F50003688BCF800C03F68033B03EB430302EB39
:102F60008303C6EBC60663443E440C3B714F2344C7
:102F7000714C3F882468C7EBC7073C446F4F57F834
:102F8000266033446E4E56F8244023440DB16D4CF8
:102F900022606D4A14886D4A072C8CBF01250025DC
:102FA000157040F2ED806A4A6A4D12682C80032A3F
:102FB00000F0C1840025684A8342157000F0E98062
:102FC0006648674F02680492049E664A3E60012785
:102FD000177002680592644A1788059A921BBA42D4
:102FE00053D9624E624F326833609A1A3A60002DAC
:102FF00000F0D3805B4A1578002D40F0AA820B6068
:103000005C4D2A689A4247D001685B4F0791079947
:103010003E68891BA142C0F08D82991A00F19A8402
:10302000564C266886EAE674A4EBE6748C4240F3BC
:10303000CA844F4909680029B8BF49428C42B8BFC9
:10304000531C00F098BC2E4DB5F800A0BAF10D0F3E
:1030500000F05C82294C002525702C462BE70024CB
:1030600029E7013B052B00F24085DFE813F08003E0
:10307000C0029E025903FE02CA031B1A00283FF435
:103080003BAF002F18BF013B36E70B60374B1B6887
:10309000002DB5D1374A1360029A136015B0BDE810
:1030A000F08F00BF789BFF1F9699FF1F8499FF1F29
:1030B0009299FF1F8699FF1F9599FF1F7F99FF1F08
:1030C0009399FF1F8599FF1F8399FF1F9799FF1FF2
:1030D0008099FF1F9499FF1F2C9BFF1F7899FF1F5A
:1030E0007999FF1F7A99FF1F7B99FF1F7C99FF1F1A
:1030F0007D99FF1F7E99FF1FFC9BFF1FFA9BFF1FFF
:10310000AC9BFF1F349BFF1F6C8EFF1F8299FF1F1C
:103110008199FF1F9899FF1FBC9BFF1F809BFF1F7A
:10312000309BFF1FBA9BFF1F629BFF1F789CFF1FF6
:10313000689BFF1F849AFF1F889AFF1F303301008E
:10314000E8370100049CFF1F549BFF1F4C9BFF1F8F
:10315000B49BFF1FC48DFF1F469BFF1FF89DFF1FE1
:103160007C9BFF1FB89BFF1FFE9AFF1F5C9BFF1FEE
:10317000589BFF1F489BFF1F849BFF1F509BFF1FF7
:10318000824A00241480824A2546834215707FF4C7
:1031900017AF804A804816681BE70B607AE7DFF8B4
:1031A000FC917F4F7F4E0DF120080024E1B238469C
:1031B00008F048FC59F8043BC3F5967303FB00F094
:1031C00086FB00230134C017C0EB63100C2C48F8B9
:1031D000040BEBD1744B109C1B88099A0F9F11981C
:1031E000129E7249DFF8C8E1DFF8C8A19EF800809E
:1031F000DFF8C4E1CDF808A09C42ACBF0024012454
:103200009342D4BF4FF0000C4FF0010CBB42139A15
:103210000C70D4BF0027012783420B999EF8005001
:103220000195D4BF00200120B342D4BF002601265F
:103230009342D4BF002201228B420C99DFF87CE13B
:103240005F4D9EF800E02D78D4BF4FF0000B4FF09B
:10325000010B8B425B4981F800C05B490F705B49F1
:1032600008705B490E705B490A705B4981F800B0D9
:103270005A49D4BF002301230B7059490E7859498C
:1032800091F800C058490978012D9ABF05F1010A4B
:103290005FFA8AFA4FF0000AE9E5DFF85091544FDF
:1032A000404E0DF120080024E1B2384608F0CAFB78
:1032B00059F8043BC3F5967303FB00F086FB00232B
:1032C0000134C017C0EB63100C2C48F8040BEBD191
:1032D000354A0B9B10880C99464A109E8342ACBF1E
:1032E0000023012313708842314B0A9A0F99D4BFEF
:1032F0004FF000084FF0010883F80080099B9042CE
:10330000D4BF002201229842089B0192D4BF4FF003
:10331000000E4FF0010E9842274B1A70274B83F88E
:1033200000E0304BD4BF4FF0000C4FF0010C83F89D
:1033300000C0B0422A4BD4BF002601261E7088422E
:10334000294BD4BF002101211970129B984200F330
:10335000F78000230D9A9042274A1370274BD4BF61
:10336000002001201870134B029310481A4B047868
:10337000154893F800B0174A184B0778104D1348BA
:103380001B78127800782D787EE700BFC48DFF1F70
:10339000469BFF1F7C9BFF1FF89DFF1F3C8DFF1F5F
:1033A0006C9CFF1FB5814E1BD69AFF1F8699FF1F8D
:1033B0009299FF1F2C9BFF1F9399FF1F9499FF1F4A
:1033C000789BFF1F8299FF1F7F99FF1F8099FF1F26
:1033D0008199FF1F8399FF1F8499FF1F8599FF1F04
:1033E0009699FF1F9599FF1F9799FF1F6C8DFF1FDF
:1033F000709CFF1F9899FF1F629CFF1FE89BFF1F97
:10340000DFF8B892AE4FAF4E0DF12008E1B238466A
:1034100008F018FB59F8043BC3F5967303FB00F062
:1034200086FB00230134C017C0EB6310062C48F85C
:10343000040BEBD1A44B089A1B8803929A42099A79
:103440000A99DDF82CB00292ACBF4FF0000A4FF0A1
:10345000010A93429D4A0C9E0D980191D4BF4FF0F2
:1034600000094FF001098B42D4BF4FF000084FF024
:10347000010811885B450AEB0902D4BF4FF0000E2A
:103480004FF0010E4244B342D4BF4FF0000C4FF056
:10349000010C72448342D4BF002701276244D5192E
:1034A0008B4A82F800A0DFF82CA28AF80090DFF89F
:1034B000289289F80080DFF8248288F800E0DFF89D
:1034C00020E28EF800C0DFF81CC28CF80070864F36
:1034D000DFF818C23D70864F4FF0000E012987F8C3
:1034E00000E08CBF4FF0000E4FF0010E83428CF8CD
:1034F00000E03BDDB34200F34B82012900F2D581AD
:103500007C4BDFF8F4C102933C70B7E1002B3FF431
:10351000A1AD7A4D2D880395794D4FF0010985F8BD
:103520000090039D182D7FF6C3AC0125AAF10D0A6A
:103530005444C8E41346029A136015B0BDE8F08FF6
:10354000119B9842D4BF0023012303E7013B1B1AC0
:10355000D2E405680695069D6A4E2544356000252F
:1035600015704CE5013BDCE40133D2E4B34240F397
:103570009C815B4500F37B81012940F27881019AAF
:10358000934240F39C81029A934200F37F82012987
:1035900040F27C82039A9A4280F29C8101223A7026
:1035A000544ADFF854C10292B8E1574B019A1B7894
:1035B000A3EB48039B1A554AAEEB8E0E1678C7EB69
:1035C00087727344C7EB8202134403EB460303EB99
:1035D0008103002800F065814D4A1278002A00F02E
:1035E0006081BBF1000218BF01221344A1E4494BE2
:1035F000DFF824911A71019A9A71484A83F807E01A
:1036000012785A709E46424A83F8058012780EF866
:10361000091F4FF00108DA70987083F808C01F7016
:10362000424601963B4B5FFA88FC08F1FF3A4E4652
:103630003846002107E0022A07D0734509D013F865
:10364000010F16F8012F9042F5D101317345C9B22F
:10365000F5D1092900F2EE8108F10108B8F1110F46
:1036600000F0088219F80A2FDCE7274B1B78B0FA24
:1036700080F90198A3EB4803AEEB8E0E1B1A73443E
:10368000DFF88CE0C7EB8778C7EB88079EF800E08F
:103690004FEA59193B4403EB8903BEF1000F00D1F7
:1036A00003331A48007803EB400303EB8103134410
:1036B0006344A3EB0B03A3EB46033AE49C8DFF1F8B
:1036C000749CFF1FB5814E1BD69AFF1F289CFF1FBD
:1036D0008C99FF1F8D99FF1F8E99FF1F8F99FF1FD8
:1036E0009099FF1F9199FF1F209CFF1FE09BFF1FD8
:1036F000BC9BFF1F2C9BFF1F889BFF1FFC9BFF1F7A
:10370000FA9BFF1F849BFF1F6C8EFF1F9899FF1F62
:103710008199FF1F509CFF1F103401008299FF1FE9
:10372000AD4B1A78019BA2EB4802D21AAB4BAEEB21
:103730008E0E1E78C7EB87737244C7EB83031A445F
:1037400002EB460202EB8102002840F030810123A7
:103750001A44A34BA3491B78C3F1060303EB4303AD
:1037600002EB83020A60A0490868FFF7EBBB9A4BA3
:10377000DFF878A21B789AF800A00133A3EB470387
:10378000BAF1000F40F00D811B1A002840F086812D
:10379000DFF85CA29AF800A0A3EB4A03D146DFF859
:1037A0003CA29AF800A01344A3EB0B03BAF1000F5C
:1037B00001D002B90133A3EB0803B8F1000F03D025
:1037C000B9F1000F18BF013B019A9B1AA3EB4E03FE
:1037D00063449B1BA3EB41031FB910B14A4602B1DE
:1037E0000933BEF1000F01D101B10A3B7C4A7D488B
:1037F00016787D490C2212FB063202600868FFF73A
:10380000A1BB754B1B78B0FA80F90198A3EB480374
:10381000AEEB8E0E1B1A7344DFF8D4E1C7EB87784A
:10382000C7EB88079EF800E04FEA59193B4403EBC9
:103830008903BEF1000F00D103336848007803EB21
:10384000400303EB81031A44654B67491B78086802
:103850006244A2EB0B02C3F1060303EB4303A2EBAA
:10386000460202EB83025F4B1A60FFF76BBB614AB3
:10387000DFF884C1029205233B703C785F49604BBE
:103880000E7819785F4B604A93F800805F4B8CF894
:1038900000401B7801935E4B92F800C093F800E063
:1038A00063E501221344FFF744BB5B457FF767AE36
:1038B000019A934200F38980012940F28680029A9E
:1038C00093427FF767AE039A9A42C0F2EE800129D5
:1038D00040F2EB80DFF820C19CF80040012C40F260
:1038E000F68001B13C704B4C2488002C00F0E48041
:1038F000002D40F0E180484A1288013A92B2062A2F
:1039000000F2DA80454A1278002A00F0D580444A55
:103910001268012A374A029200F0DC800329ACD1F8
:103920008342AADDB342A8DC9CF80030062BA4D168
:1039300007243C70A2E73B4A1268002A7FF73AABA3
:10394000394A3A4D12782D782A430CBF01250025BB
:10395000FFF731BB33490E6886EAE674D11AA4EB4F
:10396000E674A1422DDA324909680029B8BF4942FC
:103970008C4200DA531E02680892089A3A60029A52
:103980002B60136015B0BDE8F08F1B1AFFF779BBF1
:10399000184BDFF864C03C70032902937FF46EAFCC
:1039A0006BE7002F7ED0002877D1013BF0E6104B6B
:1039B0001B78002B3FF4CBAEBBF1000318BF0123F3
:1039C000C6E6931BD7E79319D5E704223A70094A54
:1039D000DFF824C00292A1E76C8EFF1F9899FF1FA9
:1039E000BC9BFF1F309BFF1F809BFF1F8299FF1F07
:1039F0008199FF1F2C9BFF1F889BFF1F9699FF1F1C
:103A00009799FF1F9299FF1F9599FF1F9399FF1F89
:103A10009499FF1FE29BFF1F089CFF1F4E9CFF1FF6
:103A2000B49BFF1F509BFF1F619CFF1F609CFF1FEB
:103A3000589BFF1F5F4B019E1A785F4B53F82A304B
:103A400001321A445D4B1B78A2EB0B021A4436B1CB
:103A50006346012B03D1BBF1000F18BF013A584B4D
:103A600058491878584B0C2616FB00221A60086833
:103A7000FFF768BA4F4B1A784F4BDB6B01321A4491
:103A80004E4B1B78A2EB0B021A44E8E703223A7074
:103A90004E4ADFF83CC1029240E71B1A002F18BFC4
:103AA000013B75E6013B1B1A72E602223A70474A57
:103AB000DFF81CC1029231E7464A1268012A434AE4
:103AC00002927FF42BAF444A0324147026E73F4A46
:103AD000029223E71268DFF804E10C2492FBF4F869
:103AE00004FB1822AEF80020EDE73D4B1A71019A55
:103AF0009A713C4A83F807E012785A703A4A9870F3
:103B00001278DA709E46012238480EF8091F83F8B1
:103B1000058083F808C01F701146531EDFF8C0C02F
:103B200001935FFA82FA8046B9460023894508D09E
:103B3000022906D0E64507D01CF8019F18F8011F9E
:103B4000F4E70133DBB2F5E7092B05D801321C2A73
:103B500023D010F80A1FE0E70A2B1BD0154B244A8C
:103B600001991B7852F8212001331344134A12782B
:103B7000A3EB0B03134416B1BAF1010F14D0104A92
:103B8000114816780F490C2212FB063202600868B1
:103B9000FFF7D8B9BAF11B0FE0D10A490A4B086800
:103BA00018600246FFF7CEB9BBF1000FE7D0013B2A
:103BB000E5E700BF6C8EFF1F088EFF1F9899FF1F5F
:103BC000BC9BFF1F809BFF1F309BFF1F2C9BFF1F79
:103BD000889BFF1FB49BFF1FBF8DFF1F6C9BFF1FA8
:103BE000509CFF1F8299FF1F8199FF1FB43601006F
:103BF000808EFF1FA34B1B78002B40F036812DE9F0
:103C0000F04F0E2091B00AF0E1FD0DF0C3FF014628
:103C10009D489E4C9E4DFCF787FC9B48FCF758FC4A
:103C20000EF0D2F980F30C002060FFF7EBF82B6860
:103C3000012B5DD0022B00F0FD84032B00F07C8172
:103C4000944C954E2368954C0F930F9B22683360DC
:103C5000991A934A1288013A914200F28383914C57
:103C600022689A1A092A00F287838F4C22689A1ACE
:103C70000D2A00F297838D4C22689A1A252A1CD9A6
:103C80008B4B1B8813B98B4B1B780BB1FDF762FF75
:103C9000FDF7BEFF884B1B881B3B9BB2022B08D84D
:103CA000864B1B782BB1864B1B7813B12B68012BED
:103CB00001D002F04BFB33682360824C22689A1AD1
:103CC000502A00F2358380490A689A1A052A03D9D6
:103CD0007E4A0B60012010707D4A1288012A00F094
:103CE000958205F009FC11B0BDE8F04F05F0A0B8D1
:103CF000DFF8E081784BB8F800001A78824240F093
:103D0000BC80764F764B38881A78824204D0754E44
:103D10003278002A40F00286734A236812885D4C8C
:103D20009A4280F2A48021680A917049704A0B601F
:103D30000A9B136002232B60DFF8B891DFF8B8A16B
:103D4000B9F80030BAF8002013439BB2002B40F0C2
:103D500061836A4B1E680E200AF038FD6FF45473BD
:103D60001E44864202DC664B00221A70654B1B889B
:103D7000002B00F08485644B64491A780B789342D9
:103D800062D0002A60D0624B1E78002E00F0488777
:103D900060480778002F40F04187DFF87CC15F4B17
:103DA0008CF80070DFF878A1DFF878C11B788AF80A
:103DB00000708CF800700127CDF804C0077033B193
:103DC000002707700198077001208AF80000564804
:103DD00090F800E0BEF1000F01F0348053480778FE
:103DE000002F41F06B81DFF83CC18CF80070012797
:103DF00007704F480078002800F08886464F97F8F3
:103E000000C0BCF1000F41F05381DFF8088188F851
:103E100000C04FF0010C87F800C0BEF1000F40F069
:103E200075863343184340F07186244B1B78002B72
:103E300040F0718637480370394803703B4803707F
:103E400038480370344803700A701B4B1B88A3F179
:103E50001B02012A40F21F851D2B7FF4F2AE174A88
:103E6000344B12780C4E1A70ECE607F07BB8114A0E
:103E70001278002A7FF457AF5EE7C0B2187005F0E1
:103E8000CBF93EE7D49AFF1F989AFF1F189CFF1F9B
:103E9000B49BFF1FF89DFF1FD89AFF1FC49AFF1FF6
:103EA0003A8DFF1FC89AFF1FCC9AFF1FD09AFF1FA1
:103EB0003E9BFF1F3C9BFF1FFC9BFF1FFA9BFF1FAE
:103EC0007E99FF1F9C99FF1FF89AFF1FF49AFF1F0E
:103ED000FC9AFF1F8899FF1FA099FF1FE69BFF1FF9
:103EE000A299FF1F029BFF1FBE9AFF1F749BFF1F1B
:103EF000C09AFF1F8E9BFF1F909BFF1F949AFF1F6E
:103F00001E9CFF1F089CFF1F629CFF1F8A9BFF1FB8
:103F10007B99FF1F619CFF1F609CFF1F7C99FF1F07
:103F2000E49BFF1F4E9CFF1F7899FF1F669CFF1F9D
:103F30007999FF1F899BFF1FA24B21681A888A422B
:103F400058DDA14B1B78002B54D1DFF8809299F8F3
:103F500000007F280BDD7F38A3F15533A3FB00233E
:103F6000DB0803EB4303A0EB83007330C0B2984B34
:103F700000931B8889F80000002B41F00F81DFF8C7
:103F800054A29AF80030002B00F05B86924F3B78E9
:103F9000002B00F05686914EDFF844B24FF0000837
:103FA00011E0ABFB0213DB0803EB4303A2EB83023C
:103FB00002F17300C0B205F0EDF93B7808F1010899
:103FC000434540F33E8699F8000056F8043F1844F4
:103FD0007F28A0F17F02E4DC0028C0F10002E9DACA
:103FE000ABFB0213DB0803EB4303A2EB8302C2F13A
:103FF0000C00DFE77B4E33687F2B00F3BE84002B81
:104000000ADA77485B42A0FB0370C00800EB40006F
:10401000A3EB8003C3F10C03DFF8B09199F80070B3
:104020009F4200F03585704B1B88002B46D16F4BAB
:104030006F491B6809889A4240F3F4871346891A2E
:1040400001F044809B1AC3EB833301EBD17203EB85
:10405000620303FB01F2002A93FBF1F0C1F2FD8041
:10406000FDF778F8C0F3C6100DF094FD614B804663
:1040700018880DF08FFD6049824640460DF0DEFD48
:10408000014650460DF0DAFD41460DF0CFFC4FF0F1
:104090007E5180460DF070FF002841F006805749A0
:1040A00040460DF087FF002841F0A18040460DF00A
:1040B000B1FFC3B2DFF8488188F800307F2F0ADDF6
:1040C000474B7F3FA3FB0723DB0803EB4303A7EB2F
:1040D00083077337FFB2DFF8FCA089F800709AF805
:1040E0000030002B40F0CF85464B474A02930192A7
:1040F0001B7812781A4340F0AC86354B0093019B35
:104100001B78002B40F0CC869AF80030002B00F092
:104110008E86009B1B88002B00F0748730687F28F8
:1041200040F370862E4A7F38A2FB0012D20802EBC1
:104130004202A0EB820073303060002B40F02987F0
:104140009AF80030002B00F07284234F3B78002B4C
:1041500000F06D84214ACDF80C900023B146DFF8C1
:10416000A0809B46164614E01D4BA3FB0102D2081B
:1041700002EB4202A1EB820101F1730098F80010FA
:10418000C0B205F0C9F83A780BF1010B5A4540F37B
:104190004B8456F8040FD9F8002010447F28A0F172
:1041A0007F01E1DC0028C0F10001E7DA0C4BA3FB42
:1041B0000102D20802EB4202A1EB8201C1F10C0024
:1041C000DCE700BFBE9AFF1F3C9BFF1FA199FF1FAA
:1041D0001C9CFF1FE49BFF1F388DFF1F448EFF1F99
:1041E000ABAAAAAA2C9BFF1F809CFF1FB89AFF1F97
:1041F000BC9AFF1F7C9CFF1FCDCCCC3D0000FE4233
:10420000829CFF1F669CFF1F4E9CFF1F6849694AE6
:1042100008681268A82441F6FF7104FB0011664C7F
:10422000183A84FB01042A200C4400FB02F2C81750
:10423000C0EB64300029ACBFA0F15401A0F15501DE
:104240005E4804785E480A446FF014055D490068D2
:1042500005FB04220A60002800F00E835A4D2978DD
:10426000002940F0448359490A68594800880028C9
:1042700039D0584C54F82000002800F04284B3FB99
:10428000F0F400FB1433C3EBC30300EBD07403EB77
:10429000031303EB640393FBF0F403FB00F000282B
:1042A0004D4BB8BF04F1FF3453F82430A3F2FF7331
:1042B0004A4C246804FB03F303F57D33162003F511
:1042C000607300FB03F3464C03F57D3303F5607325
:1042D00084FB0304D817C0EB6440002BACBF0B3841
:1042E0000C3802440A603F4B3F491B883F4803F2A9
:1042F0007C7302FB03F35B0003F5FC630A8880FB1D
:104300000310643A1844D917002B4FEA4202C1EB5C
:10431000E021C0F28785114481F30C0128200AF0C6
:104320000BFE05F0E9F811B0BDE8F04F04F080BDD8
:1043300003F0B4FE2E4B2F492F4A09781B781278D0
:104340000B432E4913432E4A097812780B4313432B
:104350002C4A1278134300F07C8701F0D7FF3368B2
:104360002360B0E4FCF73EFF33682360264C2268EC
:104370009A1A092A7FF679ACFDF716F8FDF774FC56
:10438000FEF772F8214B1B88082B01D1FCF7BAFB12
:10439000FEF7B8F8336823601D4C22689A1A0D2A7C
:1043A0007FF669ACFDF756FF3368236063E400BF16
:1043B000048EFF1F2C9BFF1F090002801F9CFF1F04
:1043C000289BFF1F689CFF1FF49AFF1FE09AFF1FA6
:1043D000F29AFF1FC4370100D4340100089BFF1F6D
:1043E000491B8940E49AFF1FF09AFF1F832008822F
:1043F0004E9CFF1F619CFF1FE49BFF1F669CFF1FDD
:10440000609CFF1F3C9BFF1FC89AFF1F7A9AFF1FEB
:10441000CC9AFF1F20200CF027F89B4B02901B68C2
:10442000039319200CF020F8984B994A1B881288A6
:104430001344984A1168984A834610688B45D4BF44
:10444000002201225E10B0EB530F944B1B6840F327
:1044500032829E424FF00003B4BF01201846049000
:10446000ACBF012018460893079009930E20CDE9B0
:1044700000120AF0ABF98A4B8A4A1B68DFF828C29F
:1044800005930133802B16680690019A9CF8000072
:104490000099A8BF8023012BB8BF0123904200F0F0
:1044A000398220680B908148DDF82CE0C0F800E0EC
:1044B00020680C900C98A0EB0E00282812D97C489C
:1044C00090F800E0BEF1000F40F04B828B4540F3C6
:1044D0004B8278494FF0010E80F800E0087880EABE
:1044E0000E0008708CF80020734ADFF8D0B1127803
:1044F000002A64D09BF80010914260D0398899421C
:1045000000F0B6846E493B806E4B09784FF0010C89
:1045100083F800C0DFF8B0C16C4B8BF800201B782B
:104520008CF80010002B67D1029B039A934263DC46
:10453000049B1BB1B9F80030002B5DD1069AA6F29E
:1045400052339A42BFF607ACBAF80030002B3FF462
:1045500002AC079B002B4FD15D4B1B8813B1099B0D
:10456000002B49D1089B002B3FF4F5AB594A137837
:10457000002B7FF4F0ABDFF860810123137098F813
:104580000020002A40F08286544A1278002A40F027
:10459000B386534A1278002A00F03787514A1278BE
:1045A000002A7FF4D8AB504A1278002A3FF4D3ABEC
:1045B0003A880A323A80434A1370FFF7CCBB40492D
:1045C000DFF804C109780029A6D09CF800E0714505
:1045D000A2D005984B2840F354841833802BB7F8A9
:1045E00000E0A8BF80239E4596D03B80354B4FF01E
:1045F000010E83F800E08FE73C4B18683C4B1A88AB
:104600003C4B1B881A443C4B1968431C802BA8BFA9
:104610008023012BB8BF0123B1EB520FC0F25981A7
:10462000A3F149020F2A3FF696AB483BA8F80030A9
:10463000FFF791BB314A20681288824204DB304B7D
:104640001B78002B00F093812E4C21680D912E4990
:104650000D9B09685B1A2D4909888B4260D8002997
:104660005ED02B4B198800293FF4EBAA294B1B681D
:104670008342B8BF034628489A42008840F3C18568
:10468000264B1A60C9B29EE0EC9BFF1FFE9BFF1FEA
:10469000009CFF1FA89BFF1FF49BFF1FF09BFF1FA9
:1046A000049CFF1F949AFF1F8B9BFF1F409BFF1FC3
:1046B000459BFF1F449BFF1FF89BFF1F8C9BFF1F09
:1046C000F99BFF1F029BFF1F8D9BFF1FE89BFF1F96
:1046D000769AFF1F1E9CFF1FBC9BFF1F7899FF1F30
:1046E0007999FF1F7A99FF1F7B99FF1F309BFF1F4E
:1046F000149BFF1F129BFF1F049BFF1FBE9AFF1FEF
:104700003C9BFF1FF89DFF1FC09AFF1F7E9CFF1F51
:10471000809CFF1F749BFF1FBC9AFF1FB89AFF1F4E
:10472000A74BA8491B688342B8BF03469A42088832
:1047300000F30B81A449A54E09888342A8BF034614
:10474000336000299ED19A42C8BF134640F30581C9
:10475000811A00F093839B1AC3EB833301EBD17270
:1047600003EB620393FBF1F003FB01F10029C0F2BC
:104770004F85FCF7EFFCC0F3C6100DF00BFA944B1D
:10478000064618880DF006FA9249074630460DF0A5
:1047900055FA014638460DF051FA31460DF046F90A
:1047A0004FF07E5106460DF0E7FB002840F03D83B8
:1047B000894930460DF0FEFB002840F02084304649
:1047C0000DF028FCC1B2DFF81482854E88F8001085
:1047D000FCF708FD30687F2840F38481814B7F38E7
:1047E000A3FB0023DB0803EB4303A0EB8300733040
:1047F0007D4B00931B883060002B40F09E81DFF8DA
:10480000ECA19AF80030002B00F04E81784F3B78F5
:10481000002B00F04981DFF8DCB14FF0000914E013
:10482000704BA3FB0213DB0803EB4303A2EB8302F1
:1048300002F1730098F80010C0B204F06DFD3B78EF
:1048400009F101094B4540F32F815BF8040F3368F0
:1048500018447F28A0F17F02E2DC0028C0F10002AA
:10486000E8DA604BA3FB0213DB0803EB4303A2EB84
:104870008302C2F10C00DDE75F490A60F5E45F4A9C
:104880005F4913705F4A0B70137058495E4A0B7092
:104890001370FFF7DABADFF8748198F80030002B54
:1048A0004AD05B4A1278002A40F08183594F5A4E11
:1048B0003B70FFF7C7B99E424FF00003B4BF012021
:1048C00018460890ACBF012018460793099004933E
:1048D000CCE54E4A1278002A5BD13A889A423FF4DE
:1048E0003AAA3B804D4B01221A70FFF734BA424975
:1048F0000C68A24259DC61DAD0F17F0048BF033076
:1049000080100130241AA24258DC0C60224600209C
:104910002870AAE44248D0F800E0C9E5C0B2187097
:1049200004F088FC35483149364A002303700B7087
:1049300013703370FFF7F0B9364F3B78002B40F01F
:104940006683354E3B70FFF77DB9204B1A601E4BD6
:10495000198800297FF496AE13468342A8BF034608
:10496000F6E68B453FF7BEAD00210170BAE50123A5
:104970002C4C294E2B60FFF765B91A487F3BA0FBF2
:104980000370C00800EB4000A3EB80037333FFF714
:1049900043BB4A2840F306831833802B3A88A8BFCC
:1049A00080239A429DD1FFF7D6B9D0F17F0048BF4E
:1049B000033004EBA0040134A242A6DA0A60A6E7A1
:1049C000749BFF1FBC9AFF1F809CFF1FB89AFF1F9C
:1049D0007C9CFF1FCDCCCC3D0000FE42829CFF1F83
:1049E0002C9BFF1FABAAAAAA1C9CFF1FE49BFF1FC6
:1049F000388DFF1F448EFF1FE09AFF1F619CFF1F31
:104A00004E9CFF1F669CFF1F609CFF1FFA9BFF1FB1
:104A10007E99FF1F899BFF1FD89AFF1F029BFF1FD4
:104A2000409BFF1FF89DFF1F4E46DDF80C90029B38
:104A30001B78002B40F04482019B1B78002B40F038
:104A40003B82009B1B88002B00F03082029A9AF870
:104A5000003012781343019A1278134300F0E08378
:104A6000A84B1B78002B4FD0A74A1378082B4BD8A4
:104A70000133DBB21370A54A30681268A449013BC8
:104A8000821A41F82320A34B21681A8889F8000074
:104A90008A42A14CBFF6D5A82268A04B0E920E9A6E
:104AA0009F4E1A60FFF7CEB8964B1B78002B40F054
:104AB000A5809C4B1B78002B4FD19B4B1B78002B68
:104AC00047D1009B1B88002B3DD0984B1B78002BB7
:104AD00040F09F80964A316811700323904E2B60FE
:104AE000FFF7B0B80028BFF683AE924B4042A3FB5D
:104AF0000023DB0803EB4303A0EB8300C0F10C00B1
:104B000076E66B23FFF7D4BB3068BCE78A4B1B7893
:104B1000002B3FF499A984480378002B40F0D282FF
:104B2000784F864E3B70864F3B707E4F3B70012323
:104B3000037003233370FFF787B998F80010C0B2F1
:104B400004F0EAFB5BE698F80010307804F0E4FB30
:104B5000BBE73078FCF76EF9B3E73368A3F10C00DC
:104B60007F2840F30682734A8B3BA2FB0312D208D4
:104B700002EB4202A3EB820303F1730098F80010EA
:104B8000C0B204F0C9FB9AF80030002B95D05E4FFC
:104B90003B78002B91D0DFF8AC91DFF898B14FF063
:104BA000000A13E0ABFB0213DB0803EB4303A2EBA9
:104BB000830202F1730098F80010C0B204F0ACFB5D
:104BC0003B780AF1010A53457FF777AF326859F80D
:104BD000043F1344A3F10C007F28A3F18B02E1DC16
:104BE0000028C3F10C03E6DAABFB0312D20802EB98
:104BF0004202A3EB8203C3F10C00DCE77F214020DB
:104C000004F04CFB414A404B3168116000221A709D
:104C10004FE77F21422004F041FB5BE70023037054
:104C2000494B1B78002B3FF4D2A8DFF814A19AF867
:104C30000000002800F0EF8200208AF80000FFF753
:104C4000C6B8384B1B78002B40F05382364B1B788C
:104C5000002B40F04982009B1B88002B00F03F8214
:104C6000284B1B78002B40F03582304B1B78002BF3
:104C700040F08F82354B274A216812880020186047
:104C800001232B6004E7324B00931B88002B40F07C
:104C90009982244B0293244B01931B4F3B78002BAA
:104CA00059D0284A0396DFF88CB04FF0000816461A
:104CB00010E0ABFB0103DB0803EB4303A1EB830133
:104CC00001F17300C0B204F065FB3B7808F1010804
:104CD00043453FDD99F8000056F8043F18447F280B
:104CE000A0F17F01E5DC0028C0F10001EADAABFBAE
:104CF0000103DB0803EB4303A1EB8301C1F10C00CB
:104D0000E0E700BF619CFF1F388DFF1F5C9CFF1F09
:104D1000488EFF1FBE9AFF1FF89DFF1FF89CFF1FC4
:104D2000D89AFF1F669CFF1F4E9CFF1F609CFF1FB1
:104D3000A199FF1FABAAAAAAFA9BFF1FBF8DFF1F55
:104D4000E49BFF1F448EFF1F7C99FF1FB89AFF1F33
:104D50001C9CFF1F039E029B1B78002B3FF4CFA9D6
:104D600099F80030A3F10C007F2840F31B82B34A6E
:104D70008B3BA2FB0312D20802EB4202A3EB82039D
:104D800003F17300C0B204F005FB9AF80030002B69
:104D900000F08280AA4F3B78002B00F06182A94985
:104DA0000396DFF898B24FF000080E4611E0ABFB17
:104DB0000203DB0803EB4303A2EB830202F173005F
:104DC000C0B204F0E7FA3B7808F10108434540F32C
:104DD000118256F8042F99F800301344A3F10C0007
:104DE0007F28A3F18B02E2DC0028C3F10C03E7DA91
:104DF000ABFB0302D20802EB4202A3EB8203C3F136
:104E00000C00DDE70028BFF697A98C4A4042A2FBC0
:104E10000012D20802EB4202A0EB8200C0F10C00AB
:104E2000FFF78AB90139FFF776BA0121CBE4019B7C
:104E30001B78029A127813437FF46BA9009B1B889E
:104E4000FFF76CB98048007800283EF4EAAFFEF71F
:104E5000D5BF7E4A00921288002A3FF47EAF3846C2
:104E600004F098FA9AF80030002B7FF416AF72E73E
:104E7000774BDFF8E0C11978FFF74EBB41F6FF70C2
:104E800077E4243B012BB7F800E0B8BF01239E452F
:104E90007FF4ABABFFF740BB019B1B78002BC8D066
:104EA00099F80000FBF770FEFFF72EB96A4B3078D7
:104EB000197804F031FAC9E53078FBF7BBFFC0E59B
:104EC0003368A3F10C007F2840F381815B4A8B3B60
:104ED000A2FB0312D20802EB4202A3EB820303F10E
:104EE0007300DFF87481C0B298F8001004F014FA6F
:104EF0009AF80030002B3FF49FAD514F3B78002BC8
:104F00003FF49AAD4F4ACDF80C900023B1469B4632
:104F1000164614E0494BA3FB0C12D20802EB4202E6
:104F2000ACEB820C0CF1730098F80010C0B204F0E6
:104F3000F3F93A780BF1010B5A4540F35E8156F8CC
:104F4000041FD9F800201144A1F10C007F28A1F121
:104F50008B0CDFDC0028C1F10C01E5DA374BA3FB39
:104F60000102D20802EB4202A1EB8201C1F10C0066
:104F7000DAE70028BFF602AE304AC3F10C03A2FB09
:104F80000312D20802EB4202A3EB8203C3F10C002E
:104F9000F4E5DFF8C480C0B298F8001004F0BCF962
:104FA000FFF7CEB8243B012BB8BF012395E42B4F6C
:104FB000387801F03DFA2A4B1B78002B5AD03B88F9
:104FC0007E2B57D8274EDFF8A0903268D9F8001012
:104FD000521A0F2A2CD9013399B2244B39801888E0
:104FE00000285ED0C9B2C0B204F058F9204F98F83A
:104FF00000303268C9F800203B70FEF723BE7F21E5
:10500000FFF7E1BB99F8000004F0C4F916E7134B71
:10501000144E19886A2004F0B5FB98F800303B70F4
:10502000FEF710BE8B42A8BF0B46FFF708B80D4E27
:105030000F4F98F800303B70FEF704BEABAAAAAA47
:10504000388DFF1F448EFF1F7999FF1F1C9CFF1F87
:10505000F99BFF1F8D9BFF1F829CFF1F949BFF1FCF
:105060007D99FF1FD89AFF1FB09BFF1F929BFF1FC8
:10507000899BFF1FB94B1B78002BD8D0398800299A
:10508000D5D0B74EDFF8DC923368D9F800209B1AF0
:105090000F2BCDD9B44B0139188889B2398000283B
:1050A000A0D1C8B204F0AEF9A0E70123FFF702B81F
:1050B0004FF0000C87F800C0FEF7AFBE0027077066
:1050C000FEF797BE00230370FEF7BEBE41F6FF70E9
:1050D000FEF7C6BF0021402004F0E0F8C5E599F8CE
:1050E000000004F057F9BBE599F80000FBF74CFD10
:1050F000B1E599F80030A3F10C007F2840F39980C6
:105100009A4A8B3BA2FB0312D20802EB4202A3EBAA
:10511000820303F17300C0B204F03CF99AF8003046
:10512000002B3FF493AD924F3B78002B3FF48EADB4
:10513000DFF840A28D4E4FF0000811E0A6FB0213ED
:10514000DB0803EB4303A2EB830202F17300C0B25E
:1051500004F020F93B7808F1010843457FF776AD6C
:105160005AF8042F99F800301344A3F10C007F285B
:10517000A3F18B02E2DC0028C3F10C03E7DAA6FB03
:105180000312D20802EB4202A3EB8203C3F10C002C
:10519000DDE70021422004F081F86BE504F0FAF825
:1051A000FEF7EDBE0028BFF6EDAD704AC3F10C036B
:1051B000A2FB0312D20802EB4202A3EB8203C3F16B
:1051C0000C00DFE56C4B02936C4B019347E6002823
:1051D000BFF687AE654AC3F10C03A2FB0312D208E7
:1051E00002EB4202A3EB8203C3F10C0079E67F23BA
:1051F000FEF760BF039EFEF782BF4E46DDF80C90BF
:105200001AE49842A8BF18465D4B1860FFF73ABAF7
:105210000138FFF7AEBA594F5A480197FEF7D0BD93
:105220004FF47A43013BFDD199F8000004F0B2F845
:1052300016E40028BFF66FAF4C4AC3F10C03A2FB83
:105240000312D20802EB4202A3EB8203C3F10C006B
:1052500061E701F04FF8FFF782B80138FEF700BFB1
:10526000019B1B78002B3EF454AF19E6464B1B788C
:10527000002B7EF470AD059BA3F12401434B81F319
:10528000470119605B20C9B204F008F898F80030B3
:10529000032B7EF45EADDFF8F88098F80020002A3A
:1052A00040F0A8803B4F3B78002B40F09780364E73
:1052B0003378002B40F08680374B1B78002B75D15C
:1052C000364A1380254B1B7853BB354B7F221A80FF
:1052D0003A7898F800301343327813437EF439ADAE
:1052E000304A7F210720138003F0D8FF7F210B2055
:1052F00003F0D4FFFEF72DBD274A1278E2B1254A0C
:105300001278002A7EF427AD1F4A1278002A3EF454
:1053100022AD3A880A3A3A80234A1370FEF71BBD41
:105320001F4B00227F2107201A8003F0B7FF7F2147
:105330000B2003F0B3FFCBE7164A1278002A7EF465
:105340000AAD114A1278002A3EF405AD3A88013AB6
:105350003A80154A1370FEF7FEBC00BF7C99FF1F10
:10536000D89AFF1FB09BFF1F929BFF1FABAAAAAA50
:10537000388DFF1F448EFF1F669CFF1F4E9CFF1F32
:10538000B89AFF1F619CFF1F7B99FF1F249CFF1F82
:105390007899FF1F7A99FF1F7999FF1F8C9AFF1F39
:1053A000809CFF1F8E9AFF1F029BFF1F1F4B012235
:1053B0007F2107201A8003F071FF7F210B2003F06B
:1053C0006DFF7FE71A4B04227F2107201A8003F02C
:1053D00065FF00210B2003F061FF6DE7144B0222F3
:1053E0007F2107201A8003F059FF7F210B2003F053
:1053F00055FF5CE70E4A00210720138003F04EFFA3
:105400007F210B2003F04AFF4CE70A4A1278002A5A
:105410007FF42CAF084A1278002A3EF49CAC3A88FC
:1054200001323A80054A1370FEF795BC8C9AFF1F33
:105430008E9AFF1F7A99FF1F7B99FF1F029BFF1F08
:1054400010B509F053FA0D4806F0F8FA0C4806F0CA
:10545000F5FA0C4806F0F2FA4FF07E5201210023D3
:105460000948FAF7F9FF0948094A0A498023002444
:1054700003710460BDE810400CF0CCBA749CFF1FAF
:10548000709CFF1F6C9CFF1F989AFF1FE89AFF1FDC
:10549000348DFF1FA905000010B50446A4206368E1
:1054A000198804F06FF9E368A620BDE81040198858
:1054B00004F068B903462A205B68198804F062B9D1
:1054C00010B5044622206368198804F05BF9E3688C
:1054D0002420BDE81040198804F054B910B50446E2
:1054E0000A206368198804F04DF9E3680C20BDE8D0
:1054F0001040198804F046B910B5044606206368C8
:10550000198804F03FF9E3680820BDE810401988C5
:1055100004F038B910B5044602206368198804F015
:1055200031F9E3680420BDE81040198804F02AB975
:1055300070B50E4D84B0122604220123CDE9002659
:1055400004460390029328461423102108F0F2F930
:10555000062209230293CDE9002603941423102187
:10556000284608F0E7F904B070BD00BF009DFF1F9A
:105570002DE9F041A14DB5F90030032B0CD083B3D8
:10558000022B4ED0052B79D0012B00F0A480042BE8
:1055900000F0C680BDE8F08110200AF065FFC83039
:1055A000B0F57A6FA8BF4FF47A60B0F5FA7FB8BF54
:1055B0004FF4FA7000F51673B3F57A6F904A914C78
:1055C00081B2A8BF4FF47A6322201180238004F0B7
:1055D000D9F82188242004F0D5F8B5F90030002B43
:1055E000CED10E2009F0F2F840F6FF73C830984291
:1055F000A8BF184620EAE07081B200F2DC50984261
:10560000814CA8BF1846814B20800220198004F0ED
:10561000B9F82188042004F0B5F8B5F90030022B60
:10562000B0D101200AF020FF044600200AF01CFF40
:105630008442B8BF044604F1C800B0F57A6FA8BF31
:105640004FF47A60B0F5FA7FB8BF4FF4FA7000F506
:105650004873B3F57A6F6E4A6E4CA8BF4FF47A6305
:1056600081B20A201180238004F08CF821880C205C
:1056700004F088F8B5F90030052B85D10F200AF029
:10568000F3FEC0F53F610431B1F5FA6FA8BF4FF4E6
:10569000FA61C0F54363B1F5AF6FB8BF4FF4AF61C6
:1056A000B3F5FA6FA8BF4FF4FA63B3F5AF6F5A4A78
:1056B0005A4CB8BF4FF4AF6389B2A4201180238045
:1056C00004F060F82188A62004F05CF8B5F90030F9
:1056D000012B7FF45CAF152009F078F841F25C23D0
:1056E00000F548709842A8BF1846B0F52F7FB8BFA4
:1056F0004FF42F7081B200F596609842484CA8BFD5
:105700001846484B20800620198004F03BF8218879
:10571000082004F037F8B5F90030042B7FF43AAFD5
:10572000DFF80481414E424D00274FF4AF74F9B2C7
:10573000304606F087F958F8043BC3F5967303FB2F
:1057400000F085FB0023C017C0EB6310844207F113
:105750000107A8BF0446062FE9D1DFF8D880364EEE
:10576000334D0027F9B2304606F06CF958F8043B87
:10577000C3F5967303FB00F085FB0023C017C0EB55
:105780006310844207F10107A8BF04460C2FE9D13A
:10579000DFF8A8802A4E264D0027F9B2304606F0E1
:1057A00051F958F8043BC3F5967303FB00F085FBF1
:1057B0000023C017C0EB6310844207F10107A8BFA4
:1057C00004460C2FE9D1143C322CB8BF322440F2ED
:1057D0003A72A4F5AF7302FB03F3963B85FB0325F6
:1057E0001848194ADB17A1B2A3EB651332330180C5
:1057F000BDE8F0412A20136003F0C4BFAC9CFF1F3A
:10580000149BFF1F129BFF1FBC9AFF1FBE9AFF1F16
:10581000009CFF1FFE9BFF1FA49BFF1F9A9BFF1F67
:10582000109CFF1F129CFF1F9C8DFF1F749CFF1F6D
:10583000B5814E1B6C8DFF1F709CFF1F3C8DFF1FA1
:105840006C9CFF1FD69AFF1F708EFF1F2DE9F04141
:10585000214D82B0012602B284B2CDE9002628464D
:105860007823192107F0CEFE04F10C0212B2CDE923
:105870000026284604EB060878231921A71C07F008
:10588000C1FE0FFA88F83FB2192300971946424625
:105890002846019607F0B6FE78234246009719463F
:1058A0002846019604F10A070B3407F0ABFE3FB21D
:1058B00024B2782319463A462846CDE9004607F037
:1058C000A1FE1923CDE900463A461946284607F0BD
:1058D00099FE02B0BDE8F081009DFF1FF0B5164EA5
:1058E000164FB6F90030834283B00D4603D1B7F9A5
:1058F00000308B421DD00023009304B25B2310487C
:1059000026221C2107F07CF801230D48262221467F
:1059100006F010FF6B1C04D1012034803D8003B0E1
:10592000F0BD2DB2064801232622294606F002FFCB
:10593000F2E7002003B0F0BDEC8EFF1FEE8EFF1FDC
:10594000009DFF1F2DE9F043C64D2B7883B01BB19E
:10595000C54B4FF6FF721A80C44BB3F900303BB110
:10596000013B042B1AD8DFE803F04972A6C62600D3
:10597000BF4BC0481B685A2283F30C0302FB03F39E
:1059800003F2FF73A0FB03201B1A00EB5300C00AB5
:105990004FF0FF311C30FFF7A1FF20B900232B701F
:1059A00003B0BDE8F083B44807F082FC00232B70FD
:1059B00003B0BDE8F0830F200AF056FDC0F53B6050
:1059C0000830B0F5FA6FA8BF4FF4FA60B0F5AF6FCA
:1059D000B8BF4FF4AF605A23A0F5AF6003FB00F0EF
:1059E000A64B00F59670A3FB003080094FF0FF3105
:1059F0001C30FFF773FF0028D0D0D4E7A04B1B78F2
:105A0000002B00F02A81152008F0E0FE024641F24A
:105A10005C239342A8BF1346B3F52F7FB8BF4FF462
:105A20002F735A21A3F52F7301FB03F39549964C6D
:105A300003F5FA63A1FB03131B0A4FF0FF3103F1D7
:105A40001C002260FFF74AFF0028A7D0ABE78F4B6E
:105A50008F4A1B681268B3F57A6FA8BF4FF47A6358
:105A6000B2F57A6FA8BF4FF47A62B3F5FA7FB8BF88
:105A70004FF4FA73B2F5FA7FB8BF4FF4FA72A3F598
:105A8000FA70A2F5FA715A2303FB00F003FB01F14F
:105A9000804B01F2D66100F2D660A3FB0121A3FB8B
:105AA0000030C90AC00A1C311C30FFF717FF00285C
:105AB0003FF474AF77E7784B764A1B68B3F57A6F9B
:105AC000A8BF4FF47A63B3F5FA7FB8BF4FF4FA7307
:105AD0005A21A3F5FA7001FB00F000F2D660A2FB98
:105AE0000020C00A4FF0FF311C30FFF7F7FE0028FE
:105AF0003FF454AF57E725220024CDE900245E4847
:105B0000664E674FDFF89C91DFF8708176231C2189
:105B100007F078FD18E0484526DC88FB0023C11714
:105B2000C1EB631132395A2303FB01F19631A8FB13
:105B3000013149091C3109B201231C444E48252278
:105B400006F0F8FD0C2C11D0E1B2384605F07AFFD2
:105B500056F8043BC3F5967343F6972203FB00F017
:105B60009042D8DC1C21E7E77621E5E726220024D5
:105B7000CDE9002440484C4E4C4FDFF82891DFF827
:105B8000FC8076231C2107F03DFD18E0484526DC0B
:105B900088FB0023C117C1EB631132395A2303FB81
:105BA00001F19631A8FB013149091C3109B20123E9
:105BB0001C443148262206F0BDFD0C2C11D0E1B268
:105BC000384605F03FFF56F8043BC3F5967343F69D
:105BD000972203FB00F09042D8DC1C21E7E77621F6
:105BE000E5E727220024CDE900242348304E314F39
:105BF000DFF8B090DFF8848076231C2107F002FDE7
:105C000017E088FB0023C117C1EB631132395A2317
:105C100003FB01F19631A8FB013149091C3109B29E
:105C2000154801340123272206F084FD062C3FF499
:105C3000BAAEE1B2384605F005FF56F8043BC3F5AD
:105C4000967303FB00F043F6972398424FF01C0134
:105C5000E6DD4845D5DD7621E2E711200AF004FCB7
:105C60000246D4E6B69CFF1FEC8EFF1FAC9CFF1FC4
:105C7000189CFF1F01011000009DFF1FB5814E1BE6
:105C80007C9AFF1FD34D6210809AFF1FF49BFF1F69
:105C9000F09BFF1F1BECCB95049BFF1F6C8DFF1F20
:105CA000709CFF1F539B01003C8DFF1F6C9CFF1FCE
:105CB0009C8DFF1F749CFF1F2DE9F043834D04460C
:105CC00083B02846E668D4F8008007F0E1FA112096
:105CD000FFF7BCFD012719234FF02809194624229C
:105CE00028460197CDF8009007F08CFC78231946E0
:105CF00024222846CDF80090019707F083FC39460E
:105D0000284608F035F9724B2B61B8F1000F07D027
:105D100040460CF0F5FF41460246284608F0F2FBEB
:105D20006A4808F051FC4FF4A0136A4967482B6198
:105D3000032208F0E7FB654808F046FC4FF40C131B
:105D4000654962482B61032208F0DCFB5F4808F0DC
:105D50003BFC002E40F09080604B012738461F70BE
:105D6000FFF7E6FB6368628919882389D21A61D03C
:105D7000C91A02EBD2735C205B1000FB013303FBFA
:105D800002F1002993FBF2F3554AACBF1B331A33DF
:105D900099B211801A2001221BB2CDE900021946E6
:105DA0004A48142207F02EFC002E4ED0238A628A25
:105DB000E168D21A098800F08680CB1A02EBD27112
:105DC0005C20491000FB031191FBF2F301FB02F28E
:105DD000002AACBF1B331A3399B21BB2414A3B486D
:105DE000118001263822CDE900261946322207F01B
:105DF00009FC0923002200934023019219463348ED
:105E000007F052FC3146314808F0B2F86368364A70
:105E10002A6119882D4808F0CFFB34492B483246B7
:105E200008F070FBE3682948198803B0BDE8F04327
:105E300008F0C2BB2A4A019749231A21009123483E
:105E400013801946142207F0DDFB402300220921AC
:105E5000CDE900121D48194607F026FC1B48012118
:105E600008F086F86368224A2A611988174803B047
:105E7000BDE8F04308F0A0BB2F20FFF7E7FC1D4969
:105E8000124803224FF448132B6108F03BFB0F48E4
:105E900008F09AFB0127114B38461F70FFF748FBAB
:105EA0006368628919882389D21A7FF461AF0C4A2A
:105EB000019749231A21009104481380194614229E
:105EC00007F0A0FB72E74923194687E7009DFF1FF3
:105ED00019000200783E01007C3E0100FC9CFF1F7F
:105EE000B29CFF1FB49CFF1F44000200843E0100CF
:105EF00068000200803E01002DE9F047D0F80C80D8
:105F000082B01E461446002A4AD0052A054654D0BF
:105F10000B9B864A00EBC307012C78893989D7F897
:105F200004C0A0EB010382FB03E21A444FEAE373CF
:105F3000C3EBA213BCF8002000F0F280042C77D051
:105F40007B4F7B4800224023092100910192194692
:105F500007F0AAFB7648012108F00AF8B8F1000F13
:105F600000F0D480734B3B616B687148198808F06E
:105F700023FB71496E48012208F0C4FAEB686C48B3
:105F8000198808F019FB6D4B022CB3F9001000F0D2
:105F90009080082C00F0C280012002B0BDE8F0879C
:105FA000674D684A2B681268CB1A93420F4600F27D
:105FB0009880204602B0BDE8F0875D4F4FF007099A
:105FC0004FF0000A5A2323223846CDE9009A1A21BD
:105FD00007F06AFB3846012107F0CAFF5A4B3B61C4
:105FE0004FF001134A467B615849384608F08AFA57
:105FF000384608F0E9FA384607F05AF94FF4FA60E3
:1060000009F0B4F9FFF7B4FA5A2323221A213846CB
:10601000CDE9009A07F048FB384607F049F92846D1
:10602000FFF74AFE4A4B01221A70FFF78BFC88E704
:1060300012FA83F2914203DC9042A8BF104681B26B
:106040000A9AACF80010B6F90030394802F1060996
:106050000FFA82FA0FFA89F9002219460192CDF857
:106060000090524607F0CEFA7B687A8919883B89FE
:10607000D21A58D0C91A02EBD2735B105C2000FB15
:10608000013303FB02F1002993FBF2F3ACBF1B3396
:106090001A339AB21BB2012132802548019152462F
:1060A0001946CDF8009007F0ADFA2A4B00221A707D
:1060B00046E74A1C12B291421A803FF46DAF0A9A29
:1060C000B6F900301A480632012412B2CDE9002494
:1060D0000A9A194612B207F095FA204602B0BDE8B6
:1060E000F0871C4933880A781148013A18BF012209
:1060F00001920A700A9A063212B200920A9A1BB2F0
:1061000012B2194607F07EFA2F6045E76B68124A13
:106110003A611988064808F04FFA34E70022CAE7C6
:106120009BB2D21A86E749231A46B4E7C94216B28F
:10613000009DFF1F44000200843E0100AE9CFF1F33
:10614000F89CFF1F1C58010035002300883E010009
:10615000B69CFF1FFC9CFF1F680002002DE9F04F5A
:10616000594F5A4D91F801A09846B7F9003083B0C5
:1061700055F823900646BAF1000F01D091F800A01F
:10618000DFF84CB11AB99BF80030002B38D0514DD4
:10619000002348462B808BF80030FFF78DFD4E4AD8
:1061A0004E4BB5F90040012111704FF6FF721A8075
:1061B0005CB3012C5246314647D032230124CDE94D
:1061C00000344846464BFFF797FE00260446B5F9D3
:1061D0000030022B46DD00232B80B7F90030002B66
:1061E00049DB052BC4BF00233B80B8F1000F47D12A
:1061F000002E0CBF20464FF0FF3003B0BDE8F08FFB
:10620000344DB5F90040002CD3D1364B364A1968CD
:106210001368F31A8B420AD9344B18780124001BF7
:1062200018BF01201870FFF783F92F4A1660BAF1E2
:10623000010F36D0BAF1040F25D0BAF1020F36D0D3
:10624000BAF1080F37D00026C1E7142300260093C7
:106250000196274B4846FFF74FFEB5F90030022B59
:106260000446B8DCB9D1D9F80C30002BB3D0B7F95B
:106270000030002BB5DA05233B80B8F1000FB7D012
:10628000FFF760FBB4E73B88013B1BB23B80D9F8CA
:10629000143001228BF800203BB100264846984775
:1062A00095E73B8801331BB2F0E71E468FE70123D9
:1062B0002B80002691E7D9F8143000222A804FF075
:1062C000FF36002BEAD188E7AC9CFF1FF08EFF1F42
:1062D000B09CFF1FAE9CFF1FB69CFF1FEC8EFF1FE4
:1062E000B49CFF1F1C580100F89CFF1FFC9CFF1F63
:1062F000B29CFF1F01210D2008F0A8BF00210D2036
:1063000008F0A4BF01460D2008F0A0BF08B50D207D
:1063100008F0C2FFB0FA80F1BDE8084049090D203D
:1063200008F094BF10B50446002164080D2008F061
:106330008DFF204609F01AF80D20012108F086FF94
:106340002046BDE8104009F011B800BF08B5314A39
:10635000314B12681B8893421ADA30490888B0EB37
:10636000030C54D00CEBDC718242D4BFC3EB0203AC
:10637000C3EB0003491040F2532202FB031101FB5F
:106380000CF3002B91FBFCF1ACBF0531043100E0B4
:1063900000210A2008F0D0FD214B197859B3214B78
:1063A00021491B6840F2271283F3070302FB03F322
:1063B0003F33A1FB03215B1A01EB5301890905312E
:1063C000092008F0B9FD194B1968D9B181F307010B
:1063D000C1EB011101EB4111134A01F13F03A2FB93
:1063E00003215B1A01EB53018909BDE8084005311F
:1063F000162008F0A1BD092008F09EFD0B4B19687E
:106400000029E3D1BDE80840162008F095BD4FF4FF
:106410009771BEE7B89AFF1FBE9AFF1FBC9AFF1F75
:106420000A9CFF1FDC9BFF1F11080402089BFF1F33
:106430007F28A8BF7F204FF4167300FB03F3104999
:106440003F33A1FB03215B1A01EB530110B589090E
:1064500004460A2008F070FDA4F17F034FF4967201
:1064600002FB03F307493F3B81FB03211944DB1780
:10647000BDE81040A3EBA111092008F05DBD00BFED
:10648000110804020904028138B5094D7824204618
:1064900004F0C2FC35F8021F00B28842204601D049
:1064A00003F070F90234A4B2802CF0D138BD00BFE3
:1064B000389CFF1F024B4420198803F063B900BFCA
:1064C0002C9CFF1F024B7620198803F05BB900BF9C
:1064D000389CFF1F024B8020198803F053B900BF7E
:1064E000449CFF1F024B4E20198803F04BB900BF9C
:1064F0001C9CFF1F024B9A20198803F043B900BF70
:10650000369BFF1F024B9820198803F03BB900BF50
:10651000389BFF1F024B8C20198803F033B900BF52
:106520003A9BFF1F024B9C20198803F02BB900BF38
:106530006E9BFF1F024BA020198803F023B900BFF8
:10654000E29BFF1F024B9620198803F01BB900BF86
:106550006C9BFF1F024B8A20198803F013B900BF00
:10656000089CFF1F024BB620198803F00BB900BF2F
:10657000E49AFF1F024BB420198803F003B900BF4F
:10658000F09AFF1F024B6420198803F0FBB800BF8C
:10659000FC9AFF1F024B1020198803F0F3B800BFCC
:1065A0008899FF1F024B2820198803F0EBB800BF21
:1065B000BA9BFF1F024B0E20198803F0E3B800BFFF
:1065C000789CFF1F024B9E20198803F0DBB800BFA8
:1065D0003A8DFF1F024B3020198803F0D3B800BF5B
:1065E0007C9CFF1F024B2E20198803F0CBB800BF04
:1065F0007E9CFF1F024B2C20198803F0C3B800BFFC
:10660000DC9AFF1F024B1620198803F0BBB800BFAD
:10661000809CFF1F024B5A20198803F0B3B800BFBB
:10662000929AFF1F024BBE20198803F0ABB800BF3F
:10663000549BFF1F024B1A20198803F0A3B800BF18
:106640008A99FF1F024BBA20198803F09BB800BF3C
:10665000289CFF1F024B6C20198803F093B800BFE1
:10666000349BFF1F024B6E20198803F08BB800BFCC
:10667000AC9BFF1F024B6820198803F083B800BF52
:10668000929BFF1F024B3220198803F07BB800BF9A
:10669000FC9BFF1F024B2020198803F073B800BF3A
:1066A000FE9AFF1F024B7220198803F06BB800BFDF
:1066B000649BFF1F024B6620198803F063B800BF7C
:1066C0000E9BFF1F024B1C20198803F05BB800BF14
:1066D0000C9BFF1F024BBC20198803F053B800BF6E
:1066E0000E9CFF1F024BA220198803F04BB800BF7D
:1066F0000C9CFF1F024B1820198803F043B800BF01
:10670000149CFF1F024BB220198803F03BB800BF56
:10671000969BFF1F024BB020198803F033B800BFCF
:10672000989BFF1F024BAE20198803F02BB800BFC7
:10673000789AFF1F024BAC20198803F023B800BFE2
:106740007A9AFF1F024BC220198803F01BB800BFC2
:10675000748EFF1F024BC020198803F013B800BFCE
:10676000849CFF1F024B5E20198803F00BB800BF0A
:106770007E8EFF1F024B5C20198803F003B800BF18
:106780007A8EFF1F024B5420198802F0FBBF00BF16
:106790007C8EFF1F024B5020198802F0F3BF00BF10
:1067A000788EFF1F024B5620198802F0EBBF00BF06
:1067B000889CFF1F024B5220198802F0E3BF00BFE4
:1067C000768EFF1F024B1E20198802F0DBBF00BF30
:1067D000A89CFF1F0C4B1B880846032B13D8DFE82F
:1067E00003F00E0A0602094904220CF011BA084906
:1067F00004220CF00DBA074904220CF009BA06492C
:1068000004220CF005BA70473A9BFF1F5C3F010061
:10681000583F0100543F0100503F01001E4B1B88B0
:1068200008460B2B37D8DFE803F00A0E12161A1EA3
:1068300022262A2E3206194904220CF0E9B91849F9
:1068400004220CF0E5B9174904220CF0E1B916490D
:1068500004220CF0DDB9154904220CF0D9B9144911
:1068600004220CF0D5B9134904220CF0D1B9124915
:1068700004220CF0CDB9114904220CF0C9B9104919
:1068800004220CF0C5B90F4904220CF0C1B90E491D
:1068900004220CF0BDB970476C9BFF1F6C440100D3
:1068A00094450100603F0100D0400100643F0100B9
:1068B000E0450100683F01006C3F0100D842010043
:1068C000703F010078440100743F0100074B10B491
:1068D000B3F800C0064C074B08460422BCF1000F79
:1068E00014BF2146194610BC0CF092B9269BFF1F1D
:1068F000783F01007C3F0100074B10B4B3F800C0A3
:10690000064C074B08460422BCF1000F14BF214679
:10691000194610BC0CF07CB9169BFF1F783F010094
:106920007C3F0100074B10B4B3F800C0064C074B86
:1069300008460422BCF1000F14BF2146194610BCC2
:106940000CF066B93E9BFF1F783F01007C3F0100C1
:10695000074B10B4B3F800C0064C074B084604229E
:10696000BCF1000F14BF2146194610BC0CF050B901
:10697000909BFF1F783F01007C3F0100074B10B444
:10698000B3F800C0064C074B08460422BCF1000FC8
:1069900014BF2146194610BC0CF03AB98E9BFF1F5C
:1069A000783F01007C3F0100074B10B4B3F800C0F2
:1069B000064C074B08460422BCF1000F14BF2146C9
:1069C000194610BC0CF024B98C9AFF1F783F0100C7
:1069D0007C3F01001C4B1B8808460A2B33D8DFE89C
:1069E00003F00A0E12161A1E22262A2E0600174936
:1069F000042207F0F9BF1649042207F0F5BF154934
:106A0000042207F0F1BF1449042207F0EDBF134937
:106A1000042207F0E9BF1249042207F0E5BF11493B
:106A2000042207F0E1BF1049042207F0DDBF0F493F
:106A3000042207F0D9BF0E49042207F0D5BF0D4943
:106A4000042207F0D1BF7047089CFF1FA43F01003C
:106A50007C3F0100803F0100843F0100883F01002E
:106A60008C3F0100903F0100943F0100983F0100DE
:106A70009C3F0100A03F01003C4B1B880846182B9F
:106A800072D8DFE803F06D6965615D5955514D4974
:106A900045413D3935312D2925211D1915110D008F
:106AA000334904220CF0B4B8324904220CF0B0B8D7
:106AB0003149042207F098BF304904220CF0A8B8ED
:106AC0002F49042207F090BF2E4904220CF0A0B8F1
:106AD0002D49042207F088BF2C4904220CF098B8F5
:106AE0002B4904220CF094B82A49042207F07CBFF9
:106AF000294904220CF08CB82849042207F074BFFD
:106B00002749042207F070BF264904220CF080B800
:106B10002549042207F068BF244904220CF078B804
:106B20002349042207F060BF224904220CF070B808
:106B30002149042207F058BF204904220CF068B80C
:106B40001F4904220CF064B81E49042207F04CBF10
:106B50001D4904220CF05CB81C49042207F044BF14
:106B60001B4904220CF054B8704700BF789CFF1FEB
:106B7000084001000440010000400100FC3F01000A
:106B8000F83F0100F43F0100F03F0100EC3F01003D
:106B9000E83F0100E43F0100E03F0100DC3F01006D
:106BA000D83F0100D43F0100D03F0100CC3F01009D
:106BB000C83F0100C43F0100C03F0100BC3F0100CD
:106BC000B83F0100B43F0100B03F0100AC3F0100FD
:106BD000A83F0100014B187802F054BD0A8FFF1F37
:106BE000014B187802F028BDBC9CFF1F394BF0B553
:106BF000B3F800E0384D394B06461C680FCD87B01E
:106C0000EC46ACE80F0095E803004CF8040BBEF12D
:106C1000030FACF8001016D94FF4346540F698070E
:106C20002F4903220DF10D0007F0DEFE40F69A33E6
:106C30009C4248DCAC4215DD2A4904220DF11100CA
:106C400007F0D2FE16E0284B53F82E70274B53F86E
:106C50002E50E5D0AC4214DC214903220DF10D0089
:106C600007F0C2FEBC4212DC214904220DF11100E2
:106C700007F0BAFE1622694630460BF0C9FF07B08E
:106C8000F0BD1C4903220DF10D0007F0ADFEA4F686
:106C90009804C4EBC404184A630003F5D773A2FB3D
:106CA00003231B0A154A2433A2FB0312D20802F164
:106CB000300102EB8202A3EB420330338DF8111056
:106CC0008DF81330D6E70E4904220DF1110007F0BC
:106CD0008BFECFE7749AFF1F2C400100A499FF1F81
:106CE0000C400100204001003848010048480100E4
:106CF00010400100284001000564344CCDCCCCCCC0
:106D000018400100F8B51A4C1A4E22781A4D0B465D
:106D1000003A18BF01220146184633782F88FFF742
:106D20001DFA00239842337023701BDB14BF01202F
:106D300000202B889F4214D040F23A72A3F5AF7323
:106D400002FB03F30D49963B81FB0321DA17A2EB0B
:106D50006112002BD4BF02F1320302F13103084A61
:106D60001360F8BD074A1846012313702370E0E74B
:106D7000088FFF1FBE9CFF1FD69AFF1FB5814E1BB9
:106D8000708EFF1FE59CFF1F054B1B8808461BB13B
:106D9000044904220BF03CBF034904220BF038BF26
:106DA0001C9CFF1F4440010048400100054B1B880C
:106DB00008461BB1044904220BF02ABF03490422F0
:106DC00007F012BE369BFF1F783F01007C3F010099
:106DD00038B5FCF717F8154B1B7813B1144C237812
:106DE00033B9144B1020198802F0CCFC012038BDB7
:106DF000114D124A2B781188B3FA83F35B0981F0A5
:106E0000080142202B70118002F0BCFC23783BB1BA
:106E10002B782BB10121212008F018FA002038BD71
:106E20000021212008F012FA002038BDFA9BFF1F34
:106E3000AA9CFF1F8899FF1FAB9CFF1F009BFF1F91
:106E4000054B1B8808461BB90449042207F0CCBD3A
:106E50000349042207F0C8BD849CFF1F4C40010079
:106E600050400100054B1B8808461BB90449042209
:106E700007F0BABD0349042207F0B6BD889CFF1F86
:106E8000544001005840010030B50D4B0D4CB3F893
:106E900000E089B008AB0D4603EB8E0E0FCCEC463C
:106EA000ACE80F0094E80F008CE80F005EF8201C9F
:106EB0000422284609B0BDE830400BF0A9BE00BF4F
:106EC000349BFF1F1847010008B5742003F0A4FF8E
:106ED000044B1988884200D108BDBDE808407420E1
:106EE00002F050BC629BFF1F30B50D4B0D4CB3F848
:106EF00000E089B008AB0D4603EB8E0E0FCCEC46DC
:106F0000ACE80F0094E80F008CE80F005EF8201C3E
:106F10000422284609B0BDE830400BF079BE00BF1E
:106F2000629BFF1F3847010030B50D4B0D4CB3F885
:106F300000E087B006AB0D4603EB8E0E0FCC0DF1D3
:106F4000040CACE80F002368CCF800305EF8141C89
:106F50000C22284607B0BDE830400BF059BE00BFF8
:106F60000C9BFF1F5847010030B50D4B0D4CB3F87B
:106F700000E087B006AB0D4603EB8E0E0FCCEC465F
:106F8000ACE80F0094E803008CE803005EF8181CDE
:106F90000422284607B0BDE830400BF039BE00BFE0
:106FA000149CFF1F6C47010030B50D4B0D4CB3F81E
:106FB00000E089B008AB0D4603EB8E0E0FCCEC461B
:106FC000ACE80F0094E80F008CE80F005EF8201C7E
:106FD0000522284609B0BDE830400BF019BE00BFBD
:106FE000989BFF1F8447010030B50E4B0E4CB3F841
:106FF00000E08BB00AAB0D4603EB8E0E0FCC0DF10B
:10700000040CACE80F000FCCACE80F002368CCF800
:1070100000305EF8241C052228460BB0BDE8304045
:107020000BF0F6BD7A9AFF1FA447010008B51420A3
:1070300003F0F2FE054B1988884200D108BD1420E8
:1070400002F0A0FBBDE8084002F05EBA8C9AFF1F78
:1070500008B5582003F0E0FE054B1988884200D19E
:1070600008BD582002F08EFBBDE8084002F04CBA83
:10707000909AFF1F08B5122003F0CEFE054B198829
:10708000884200D108BD122002F07CFBBDE8084018
:1070900002F03ABA8E9AFF1F30B50F4B0F4CB3F87F
:1070A00000E08DB00CAB0D4603EB8E0E0FCC0DF156
:1070B000040CACE80F000FCCACE80F0094E807001C
:1070C0008CE807005EF82C1C042228460DB0BDE8B1
:1070D00030400BF09DBD00BF8E9AFF1FC8470100D6
:1070E00008B5702003F098FE044B1988884200D13F
:1070F00008BDBDE80840702002F044BB749AFF1F31
:1071000000B50A4B8C460FCB85B00DF1100E0EE981
:107110000F00074B1B880EEB8303042253F8101C4F
:10712000604605B05DF804EB0BF072BDF44701005A
:10713000749AFF1F08B5B82003F06EFE044B19883F
:10714000884200D108BDBDE80840B82002F01ABB53
:10715000F29AFF1F10B5064B064C1A8820460721ED
:1071600002F000FB21884220BDE8104002F00ABB7B
:10717000269BFF1F009BFF1F10B5064B064C1A886D
:107180002046002102F0EEFA21884220BDE810409E
:1071900002F0F8BA169BFF1F009BFF1F10B4094BAB
:1071A000094C0A4A1B8883B0CDE9004202A800EBD3
:1071B0008303084653F8081C052203B010BC0BF0EB
:1071C00027BD00BFFC9AFF1F5C4001006440010026
:1071D00010B5064B064C1A882046042102F0C2FA6C
:1071E00021884220BDE8104002F0CCBA3E9BFF1F30
:1071F000009BFF1F10B5064B064C1A882046022143
:1072000002F0B0FA21884220BDE8104002F0BABA7C
:10721000909BFF1F009BFF1F10B5064B064C1A8862
:107220002046012102F09EFA21884220BDE810404C
:1072300002F0A8BA8E9BFF1F009BFF1F80EAE07C34
:10724000ACEBE07C002810B51FFA8CFC20DBCAB93F
:10725000012000EB8002BCEB420F03464FEA4200E4
:10726000F7DA0D4CBCFBF3F2A4FB03E002F1300EA5
:1072700003FB12C2C30801F801EB1FFA82FCF1D133
:107280000B7010BD0028E3D02B2301F8013BDFE792
:107290002D2301F8013BDBE7CDCCCCCC1A4B1B886E
:1072A0000C2B084609D0A3F11902062A25D8DFE8DD
:1072B00002F00C1014181C2008001449042207F0D6
:1072C00093BB1349042207F08FBB1249042207F035
:1072D0008BBB1149042207F087BB1049042207F039
:1072E00083BB0F49042207F07FBB0E49042207F03D
:1072F0007BBB0D49042207F077BB0C3B0146012202
:1073000018B2FFF79BBF00BFFC9BFF1F6C40010042
:107310008840010070400100744001007840010085
:107320007C4001008040010084400100094B1B8823
:1073300008465BB10D2B05D0A3F10D00012200B270
:10734000FFF77CBF0449042207F04EBB0349042227
:1073500007F04ABBAC9BFF1F8C4001007C3F010043
:10736000044B18880122A0EB8000904000B2FFF788
:1073700065BF00BFBC9CFF1F034B18886438012207
:1073800000B2FFF75BBF00BFE49AFF1F034B1888F2
:107390006438012200B2FFF751BF00BFF09AFF1F0F
:1073A000034B18880338012200B2FFF747BF00BF24
:1073B000BA9BFF1F034B18881838012200B2FFF751
:1073C0003DBF00BF449CFF1F034B188818380122A3
:1073D00000B2FFF733BF00BF389CFF1F034B188874
:1073E0001838012200B2FFF729BF00BF2C9CFF1FF5
:1073F000C36818881838012200B2FFF71FBF00BF0A
:10740000054B1B8808461BB1044904220BF000BC45
:107410000349042207F0E8BAE29BFF1F783F01000E
:107420007C3F0100054B1B8808461BB10449042220
:107430000BF0EEBB0349042207F0D6BA389BFF1FBE
:10744000783F01007C3F010038B5094D8224204679
:1074500003F0E2FC35F8021F00B28842204601D05A
:1074600002F090F90234A4B28A2CF0D138BD00BFEA
:10747000449CFF1F38B5094D4624204603F0CCFC40
:1074800035F8021F00B28842204601D002F07AF996
:107490000234A4B24E2CF0D138BD00BF2C9CFF1F8B
:1074A00070B5414E357804461DB9637873B92846E6
:1074B00070BD3E48AE2105F08DFC3C4805F0E8FE6D
:1074C0000023337063780125002BF0D0FBF79AFC82
:1074D0003749384B0978384A1B78127803EB410357
:1074E000217803EB82034A1E0E2AE0D801A050F84F
:1074F00022F000BF3175000063750000AF7400001A
:1075000031750000AF740000AF740000AF7400006C
:1075100091750000AF740000AF740000AF740000FC
:10752000AF740000AF740000AF740000A3750000DA
:10753000CBB9224B1B886BB12148028804294FF636
:10754000FF7302F1FF3208BF0123134403F07F03EE
:10755000013303801B4A0221012311703370284636
:1075600070BD002BF6D0154A1288002AF2D0164AB8
:10757000013B32F81330002BECD0114A1348138032
:107580001349144A01230370002008701370E1E7C7
:107590000648AF2105F01EFC0A4A01231370337020
:1075A00085E709F059F800BF088FFF1F009DFF1FF6
:1075B0008099FF1F7F99FF1F8199FF1F269BFF1F47
:1075C000E69BFF1FE59CFF1F189BFF1F029BFF1FF1
:1075D000A299FF1FBF9CFF1F134BB3F9003010B5DA
:1075E00083EAE372002BA2EBE372BCBF2D2301F808
:1075F000013B92B24FF0010C0CEB8C00B2EB400F50
:1076000063464FEA400CF7DA084CB2FBF3FCA4FBEC
:1076100003E003FB1C220CF1300EC30801F801EB60
:1076200092B2F2D10B7010BD969BFF1FCDCCCCCC8B
:10763000134BB3F9003010B583EAE372002BA2EBD1
:10764000E372BCBF2D2301F8013B92B24FF0010C55
:107650000CEB8C00B2EB400F63464FEA400CF7DABC
:10766000084CB2FBF3FCA4FB03E003FB1C220CF16F
:10767000300EC30801F801EB92B2F2D10B7010BDCD
:107680000C9CFF1FCDCCCCCC134BB3F9003010B504
:1076900083EAE372002BA2EBE372BCBF2D2301F857
:1076A000013B92B24FF0010C0CEB8C00B2EB400F9F
:1076B00063464FEA400CF7DA084CB2FBF3FCA4FB3C
:1076C00003E003FB1C220CF1300EC30801F801EBB0
:1076D00092B2F2D10B7010BD0E9CFF1FCDCCCCCC62
:1076E000134BB3F9003010B583EAE372002BA2EB21
:1076F000E372BCBF2D2301F8013B92B24FF0010CA5
:107700000CEB8C00B2EB400F63464FEA400CF7DA0B
:10771000084CB2FBF3FCA4FB03E003FB1C220CF1BE
:10772000300EC30801F801EB92B2F2D10B7010BD1C
:107730000A8FFF1FCDCCCCCC134BB3F9003010B562
:1077400083EAE372002BA2EBE372BCBF2D2301F8A6
:10775000013B92B24FF0010C0CEB8C00B2EB400FEE
:1077600063464FEA400CF7DA084CB2FBF3FCA4FB8B
:1077700003E003FB1C220CF1300EC30801F801EBFF
:1077800092B2F2D10B7010BD7E8EFF1FCDCCCCCC4F
:10779000134BB3F9003010B583EAE372002BA2EB70
:1077A000E372BCBF2D2301F8013B92B24FF0010CF4
:1077B0000CEB8C00B2EB400F63464FEA400CF7DA5B
:1077C000084CB2FBF3FCA4FB03E003FB1C220CF10E
:1077D000300EC30801F801EB92B2F2D10B7010BD6C
:1077E000748EFF1FCDCCCCCC134BB3F9003010B549
:1077F00083EAE372002BA2EBE372BCBF2D2301F8F6
:10780000013B92B24FF0010C0CEB8C00B2EB400F3D
:1078100063464FEA400CF7DA084CB2FBF3FCA4FBDA
:1078200003E003FB1C220CF1300EC30801F801EB4E
:1078300092B2F2D10B7010BD768EFF1FCDCCCCCCA6
:10784000134BB3F9003010B583EAE372002BA2EBBF
:10785000E372BCBF2D2301F8013B92B24FF0010C43
:107860000CEB8C00B2EB400F63464FEA400CF7DAAA
:10787000084CB2FBF3FCA4FB03E003FB1C220CF15D
:10788000300EC30801F801EB92B2F2D10B7010BDBB
:10789000788EFF1FCDCCCCCC134BB3F9003010B594
:1078A00083EAE372002BA2EBE372BCBF2D2301F845
:1078B000013B92B24FF0010C0CEB8C00B2EB400F8D
:1078C00063464FEA400CF7DA084CB2FBF3FCA4FB2A
:1078D00003E003FB1C220CF1300EC30801F801EB9E
:1078E00092B2F2D10B7010BD7C8EFF1FCDCCCCCCF0
:1078F000134BB3F9003010B583EAE372002BA2EB0F
:10790000E372BCBF2D2301F8013B92B24FF0010C92
:107910000CEB8C00B2EB400F63464FEA400CF7DAF9
:10792000084CB2FBF3FCA4FB03E003FB1C220CF1AC
:10793000300EC30801F801EB92B2F2D10B7010BD0A
:107940007A8EFF1FCDCCCCCC134BB3F9003010B5E1
:1079500083EAE372002BA2EBE372BCBF2D2301F894
:10796000013B92B24FF0010C0CEB8C00B2EB400FDC
:1079700063464FEA400CF7DA084CB2FBF3FCA4FB79
:1079800003E003FB1C220CF1300EC30801F801EBED
:1079900092B2F2D10B7010BD3A8DFF1FCDCCCCCC82
:1079A000134BB3F9003010B583EAE372002BA2EB5E
:1079B000E372BCBF2D2301F8013B92B24FF0010CE2
:1079C0000CEB8C00B2EB400F63464FEA400CF7DA49
:1079D000084CB2FBF3FCA4FB03E003FB1C220CF1FC
:1079E000300EC30801F801EB92B2F2D10B7010BD5A
:1079F000789AFF1FCDCCCCCC154BB3F9003083EA7D
:107A0000E370002BA0EBE370BCBF2D2301F8013B1A
:107A100030B580B24FF0010E0EEB8E0CB0EB4C0F78
:107A200073464FEA4C0EF7DA0A4DB0FBF3FEA5FBA6
:107A3000034C03FB1E000EF130045FEADC0301F887
:107A4000014B80B2F1D104480B70106030BD00BF13
:107A5000929AFF1FCDCCCCCC80430100144B1B88E5
:107A600001331BB210B583EAE372002BA2EBE37281
:107A7000BCBF2D2301F8013B92B24FF0010C0CEB7F
:107A80008C00B2EB400F63464FEA400CF7DA094C2A
:107A9000B2FBF3FCA4FB03E003FB1C220CF1300E51
:107AA000C30801F801EB92B2F2D10B7010BD00BF18
:107AB000289CFF1FCDCCCCCCC368B3F9003010B5E7
:107AC00083EAE372002BA2EBE372BCBF2D2301F823
:107AD000013B92B24FF0010C0CEB8C00B2EB400F6B
:107AE00063464FEA400CF7DA074CB2FBF3FCA4FB09
:107AF00003E003FB1C220CF1300EC30801F801EB7C
:107B000092B2F2D10B7010BDCDCCCCCC164B1B88F1
:107B100008462BB31BB283EAE372002BA2EBE3729D
:107B2000B8BF2D2310B5B8BF00F8013B92B20121B8
:107B300001EB810CB2EB4C0F0B464FEA4C01F7DA2C
:107B40000A4CB2FBF3FCA4FB03E103FB1C220CF187
:107B5000300ECB0800F801EB92B2F2D1037010BDE9
:107B60000349042206F040BFA89CFF1FCDCCCCCC1B
:107B70007C3F0100164B1B8808462BB31BB283EADF
:107B8000E372002BA2EBE372B8BF2D2310B5B8BF90
:107B900000F8013B92B2012101EB810CB2EB4C0FDA
:107BA0000B464FEA4C01F7DA0A4CB2FBF3FCA4FB9C
:107BB00003E103FB1C220CF1300ECB0800F801EBB3
:107BC00092B2F2D1037010BD034904220BF020B829
:107BD000929BFF1FCDCCCCCC90400100164B1B8854
:107BE00008462BB31BB283EAE372002BA2EBE372CD
:107BF000B8BF2D2310B5B8BF00F8013B92B20121E8
:107C000001EB810CB2EB4C0F0B464FEA4C01F7DA5B
:107C10000A4CB2FBF3FCA4FB03E103FB1C220CF1B6
:107C2000300ECB0800F801EB92B2F2D1037010BD18
:107C30000349042206F0D8BE649BFF1FCDCCCCCCF8
:107C40007C3F0100164B1B8808462BB31BB283EA0E
:107C5000E372002BA2EBE372B8BF2D2310B5B8BFBF
:107C600000F8013B92B2012101EB810CB2EB4C0F09
:107C70000B464FEA4C01F7DA0A4CB2FBF3FCA4FBCB
:107C800003E103FB1C220CF1300ECB0800F801EBE2
:107C900092B2F2D1037010BD0349042206F0A4BED3
:107CA000F29AFF1FCDCCCCCC7C3F0100164B1B8839
:107CB00008462BB31BB283EAE372002BA2EBE372FC
:107CC000B8BF2D2310B5B8BF00F8013B92B2012117
:107CD00001EB810CB2EB4C0F0B464FEA4C01F7DA8B
:107CE0000A4CB2FBF3FCA4FB03E103FB1C220CF1E6
:107CF000300ECB0800F801EB92B2F2D1037010BD48
:107D00000349042206F070BE809CFF1FCDCCCCCC72
:107D100094400100164B1B8808462BB31BB283EA24
:107D2000E372002BA2EBE372B8BF2D2310B5B8BFEE
:107D300000F8013B92B2012101EB810CB2EB4C0F38
:107D40000B464FEA4C01F7DA0A4CB2FBF3FCA4FBFA
:107D500003E103FB1C220CF1300ECB0800F801EB11
:107D600092B2F2D1037010BD0349042206F03CBE6A
:107D7000909AFF1FCDCCCCCC7C3F0100164B1B88CA
:107D800008462BB31BB283EAE372002BA2EBE3722B
:107D9000B8BF2D2310B5B8BF00F8013B92B2012146
:107DA00001EB810CB2EB4C0F0B464FEA4C01F7DABA
:107DB0000A4CB2FBF3FCA4FB03E103FB1C220CF115
:107DC000300ECB0800F801EB92B2F2D1037010BD77
:107DD0000349042206F008BE0E9BFF1FCDCCCCCC7D
:107DE0007C3F0100164B1B8808462BB31BB283EA6D
:107DF000E372002BA2EBE372B8BF2D2310B5B8BF1E
:107E000000F8013B92B2012101EB810CB2EB4C0F67
:107E10000B464FEA4C01F7DA0A4CB2FBF3FCA4FB29
:107E200003E103FB1C220CF1300ECB0800F801EB40
:107E300092B2F2D1037010BD0349042206F0D4BD02
:107E40007C9CFF1FCDCCCCCC7C3F0100184B1B8809
:107E500008464BB31BB283EAE37C002BACEBE37C1C
:107E6000B8BF2D2330B5B8BF00F8013B1FFA8CFC1A
:107E7000012101EB810EBCEB4E0F0B464FEA4E0188
:107E8000F7DA0C4DBCFBF3FEA5FB034103FB1ECC54
:107E90000EF13004CB0800F8014B1FFA8CFCF1D135
:107EA00005490370116030BD0449042206F09CBDF1
:107EB0007E9CFF1FCDCCCCCC984001007C3F0100C4
:107EC000184B1B8808464BB31BB283EAE37C002B9C
:107ED000ACEBE37CB8BF2D2330B5B8BF00F8013B55
:107EE0001FFA8CFC012101EB810EBCEB4E0F0B46FF
:107EF0004FEA4E01F7DA0C4DBCFBF3FEA5FB034144
:107F000003FB1ECC0EF13004CB0800F8014B1FFA26
:107F10008CFCF1D105490370116030BD0449042285
:107F200006F062BDFE9AFF1FCDCCCCCC984001007C
:107F30007C3F0100194B1B88072B084629D91BB22F
:107F400083EAE37C002BACEBE37CB8BF2D2330B598
:107F5000B8BF00F8013B1FFA8CFC012101EB810E38
:107F6000BCEB4E0F0B464FEA4E01F7DA0C4DBCFB53
:107F7000F3FEA5FB034103FB1ECC0EF13004CB083E
:107F800000F8014B1FFA8CFCF1D106490370116017
:107F900030BD0549042206F027BD00BF549BFF1FDA
:107FA000CDCCCCCC984001007C3F010010B51C4CDE
:107FB00022880B466AB31B490222184606F014FDBC
:107FC000B4F90010002981EAE172A2EBE172B7BFB7
:107FD0002D2100F1020C00F1030C817092B20120FE
:107FE00000EB8001B2EB410F03464FEA4100F7DAA4
:107FF0000D4CB2FBF3F0A4FB03E103FB102200F1F4
:10800000300ECB080CF801EB92B2F2D18CF80030B4
:1080100010BDBDE8104005490422184606F0E4BC36
:108020008A99FF1F9C400100CDCCCCCC7C3F010045
:1080300030B5154C85B001252B463C220221009518
:10804000204604F041FF204605F022F9002240239B
:1080500080201146019300900C4B0295204605F0BC
:1080600097FC204605F024F909480A490A4A0023EA
:108070000360436003720B604B600B7213605360CC
:10808000137205B030BD00BF009DFF1F40510100BD
:10809000C09CFF1FCC9CFF1FDC9CFF1F014B0122DB
:1080A0001A707047BE9CFF1F30B50A4C0A480B4B34
:1080B00085B0042502900190402280210095204641
:1080C00004F00EFD064A0749204605B0BDE83040E1
:1080D00009F0A0BC009DFF1F40420F007890FF1FD9
:1080E000348DFF1F35CB0000F0B5461C83B0032351
:1080F000012736B20AB2CDE9003705468CB23748BF
:10810000314605F01BFB0C23A21C009312B2052381
:1081100029B23248019705F011FB314A314B1188E1
:108120001B6803293DD8DFE801F02916020240F65A
:10813000AE02934235DD40F6FD12934246DC2A4AF8
:10814000A3F6CA0382FB03121A44DB17C3EB221502
:10815000A9B22BB228E040F68602934221DD40F618
:108160005D12934232DC214AA3F6980382FB03128C
:10817000DB17C3EBA205A9B22BB215E040F6CA0289
:10818000934220DD40F62132934223DC184AA3F6C5
:10819000FC0382FB0312DB17C3EB2215A9B22BB23F
:1081A00002E0002319461D4604F10D02521A012176
:1081B000019100930948032312B2314605F074FA85
:1081C000284603B0F0BD00231D46EDE70A231946FB
:1081D0001D46E9E70A210B460D46E5E7009DFF1F16
:1081E000749AFF1FA499FF1F93244992398EE33894
:1081F0001F85EB512DE9F0438FB283B0DFF84C803F
:10820000461DBD1D04B22DB236B24FF001090AB2AF
:108210002346314640460095CDF8049005F0F2F92A
:1082200033462A4621464046CDE9005905F0EAF991
:1082300007F10C02CDF804900095334612B22146A6
:10824000404605F0DFF903B0BDE8F083009DFF1F55
:108250002DE9F047074684B0002936D101212F4887
:1082600005F086FE2E49BA793B7A11F802809845CE
:1082700021DADFF8A8A046460C244FF00009FB687D
:1082800053F826305D68AAF8124001362846AAF84D
:10829000109035B10AF034FD29460246504606F0EA
:1082A00031F9504606F090F93B7A0934B342A4B252
:1082B00001DD422CE3D1B8F1000F20D108F106080E
:1082C00098450CDB04B0BDE8F0870021342300930F
:1082D000124801913F230C2205F0E6F9BEE73C234A
:1082E00001213B2203910293019200930B48392311
:1082F0003F223A2105F01EFB04B0BDE8F0870F23B2
:1083000001213B22039102930192009303483923F8
:108310000C223A2105F00EFB3B7ACFE7009DFF1FB0
:10832000CC9CFF1F10B50E4C4FF0011320460121CD
:10833000636105F01DFE0B4B0B49236102222046B1
:1083400006F0E0F809490522204606F0DBF8204651
:1083500006F03AF92046BDE8104004F0A9BF00BF7E
:10836000009DFF1F55003400A0400100A440010003
:108370002DE9F04F314DDFF8C8B0DFF8C880DFF8E5
:10838000C890DFF8C8A00FCD91B003AC0FC40FCDDB
:108390000FC40FCD0FC400262B6823603546374627
:1083A000B4B2B8F8003004EB041004EB00105BF832
:1083B00023205146112380B2F8F792FE00EBC00350
:1083C00000EB8300224B83FB00230344C0173A4693
:1083D000C0EB6337C7F13C0005F1410100B204F185
:1083E0004103C2F13C020124CDE9000435461BB231
:1083F00012B209B2484605F005F93B2D2644CFD10B
:10840000144B1148C9F81030002105F0B1FDB8F83F
:10841000003010AA02EB830353F8344C54B12046C9
:108420000AF06EFC02460848214611B0BDE8F04F44
:1084300006F068B811B0BDE8F08F00BF0448010035
:10844000443E0100DC9AFF1F009DFF1F203E0100FB
:10845000090002806B00340030B53D4C3D4D83B0C7
:10846000204604F015FF2B785BBB3948062105F048
:108470007FFD2B78012B10D9022B0CBF36493749D1
:1084800033484FF00A130322236106F03BF83048CB
:1084900003B0BDE8304006F097B8314B1988092980
:1084A00033D9642934BF1F220A220A232848228292
:1084B000638206F081F8264803B0BDE8304006F03C
:1084C00083B8284B1A780121052302BB0191009340
:1084D0001146204605F032F9234B1A78052312B3D2
:1084E000012201920093002219480A2105F0DCF8CC
:1084F0001E4B1A78052312B30122019214480093EF
:108500000022142105F0D0F8AFE73022CDE7002299
:10851000019100931146204605F0C6F8124B1A78D7
:108520000523002ADCD101210191009308480A218A
:1085300005F004F90D4B1A780523002ADCD101213E
:10854000019103480093142105F0F8F88DE700BF6E
:10855000009DFF1FBF9CFF1FAC400100B040010009
:10856000E69BFF1F7F99FF1F8099FF1F8199FF1FC7
:10857000304B70B5B3F9003083EAE372A2EBE372DB
:10858000002B82B092B240DB6C46A446012000EB87
:108590008001B2EB410F03464FEA4100F7DA264D66
:1085A000B2FBF3F0A5FB036103FB102200F1300ED8
:1085B000CB080CF801EB92B2F2D18CF800302046D7
:1085C0000AF09EFB1D4E02210546304605F0D0FC08
:1085D00005EB450343F31D035B00C3F16003212258
:1085E0002046338272820AF08BFB214602463046D7
:1085F00005F088FF304605F0E7FF114B1B7813B1FB
:10860000104B1B7843B902B070BD2D238DF800309C
:108610000DF1010C6C46B9E73046012105F0A8FCCC
:10862000094B0A4933610422304605F06BFF02B062
:1086300070BD00BF8899FF1FCDCCCCCC009DFF1F23
:10864000AA9CFF1FAB9CFF1F64003300B4400100D5
:10865000F0B52A4B1B5C51F82340237885B043B911
:1086600000936A46A36901A920469847A38A9B07FD
:1086700002D5012005B0F0BD01A80AF041FB009E23
:1086800000EB40008400A6B330460AF039FB00EB53
:10869000400004EB40041A4D6410C4F160076034DC
:1086A00028230121A4EB400428466B822C8205F08C
:1086B0005FFC30460AF024FB31460246284605F0AE
:1086C00021FF284605F080FF02210D4805F050FCEF
:1086D000212301A86B822F820AF012FB01A9024616
:1086E000074805F00FFF064805F06EFF012005B0B2
:1086F000F0BD6010024DC0F16007E5E7C09CFF1FB0
:10870000009DFF1F2DE9F041774F3A78002A04467B
:108710000D4614BF4FF001084FF000084CD1734EC6
:108720003368CB1AB3F5FA6F04D8637893B940462F
:10873000BDE8F0816E4B6F4819886F4B1A706F4B14
:108740001A700123037026203B7001F01BF8637838
:10875000002BECD03560FAF755FB6949694B097875
:10876000694A1B78127803EB4103217803EB8203FB
:108770004A1E0E2ADBD801A050F822F0CF87000055
:108780005F8800002F870000CF8700002F87000040
:108790002F8700002F870000478800002F870000E8
:1087A000038800002F8700002F8700002F8700001C
:1087B0002F870000D388000054484C4EAF2104F0AE
:1087C00009FBFFF749FE002335603B70ADE7002B46
:1087D00064D04F4A1288002A60D04E4A013B32F8DA
:1087E0001310002970D04248424D4B4C434A01803F
:1087F00001232B70262000252570137000F0C2FF86
:1088000062E0424C204604F043FD2046022105F080
:10881000AFFB424B236142490522204605F072FE20
:10882000204605F0D1FE3F4B3F49236105222046FB
:1088300005F068FE204605F0C7FE204604F038FD2E
:1088400000F0BEFE73E72D4C2378012B43D9284B53
:108850002620198800F096FF0023237067E7002B7D
:108860003FF465AF2A4A1288002A3FF460AF294AD4
:10887000013B32F81330002B3FF459AF1D4C1C491B
:1088800025481E4A0B804FF0010884F80080002420
:10889000047082F80080FFF7DFFD48E714481E4CA3
:1088A000028804294FF6FF7302F1FF3208BF01234B
:1088B000134403F07F03013303800E490F4B002262
:1088C0000120227008701A70FFF7C6FD4FF00108F2
:1088D0002DE707F0C1FE084B00221A70054A01235C
:1088E0003B701370B3E700BF088FFF1FB89CFF1FDA
:1088F000E69BFF1F029BFF1FE59CFF1FBF9CFF1F06
:108900008099FF1F7F99FF1F8199FF1F009DFF1F07
:10891000269BFF1F189BFF1FA299FF1F23000F001C
:10892000BC40010023001E00C44001002DE9F04FAF
:10893000DFF8B4B24FF00113CBF81430838813F092
:1089400001068BB004460D46914606D08368114659
:1089500028460BB0BDE8F04F1847DFF8908298F832
:108960000030002B40F09780A079A14B1F5CB7B17D
:1089700069782A78002958D0E168013F013A51F816
:108980002750E9680E88072A6CD8DFE812F0170133
:1089900007016B001E016B006B006B006500DFF8C8
:1089A00054A269782A781AF8006000292FD1924FD2
:1089B0003B68A9EB0303B3F5967F40F297808F4B9A
:1089C0001B5C8F48F61A017806EBC606013906F1E2
:1089D0000F0218BF0121D3B201701A460391991EEC
:1089E000023300933D2302917F480193392104F023
:1089F000A1FFC7F800900127A3889B0703D56B78D8
:108A0000002B40F0298138460BB0BDE8F08F013AC9
:108A1000217A072A7AD8DFE812F01001F7007900EE
:108A20001801790079007900DF00734A1368A9EB17
:108A30000303B3F5967F40F2AF80714DC2F800900A
:108A40002E78012E00F08281E16801232B700BB09B
:108A5000BDE8F04FFFF7FCBD00221A54EB69284631
:108A60009847E9680E8000252522CDE900253C23A2
:108A700018225D48412104F017FEE168A079FFF754
:108A8000E7FD5F4A5C4B157007463846C3F8009017
:108A90000BB0BDE8F08F584604F0FAFB01215846B0
:108AA00005F066FACBF81060A3885E0720D523682E
:108AB00004A8984704A80AF023F904A902465846D6
:108AC00005F020FD584605F07FFD09220123CDE980
:108AD000002345487F23002104F094FD0021204617
:108AE000FFF7B6FB002388F800303DE70F4683E729
:108AF00026683EB130460AF003F931460246584630
:108B000005F000FD384805F05FFDDEE7B3465E4541
:108B100000F09180394B13F800903348A6EB09061A
:108B200006EBC60606F10F02D3B2991E1A460233AF
:108B30000291009300213D2301930391392104F018
:108B4000F9FE237A052B00F2B580ABEB09095FFA39
:108B500089F909EBC90909F10F02D3B21A46991E26
:108B60000233009301273D231F48029101933921CD
:108B7000039704F0DFFE224A1B4800230193137081
:108B8000342300930B2240233F2104F08DFDA07974
:108B90005E460AF800602FE70F4634E7AA8A12F013
:108BA00004023FF45AAF2A6A9047114BE968002843
:108BB0003FF458AFA2790020985453E72B8AB34270
:108BC00080F0BE80013EB6B24CE76B8AB34240F201
:108BD000B1800136B6B245E70A4BE2791A7001233B
:108BE00088F800300027D4E7009DFF1F088FFF1F83
:108BF000DC9CFF1FC09CFF1FF89CFF1FCC9CFF1F2D
:108C0000FC9CFF1FE59CFF1FE26831B252F82190E7
:108C10007B4A99F80070126804927A4A04991160AC
:108C2000002F00F09F80012F05D1774B99F8082085
:108C300088F800701A700027ABE70139B142FADDFD
:108C400006F1010B5FFA8BFB61E7002EF3D006F112
:108C5000FF3B5FFA8BFB5AE7FAF7D4F86B496C4A93
:108C60006C4B08781B7811782A78022414FB0303D4
:108C70000A2A03EB810343D00C2A7FF4C4AE002BF5
:108C80003FF4C1AE644A1288002A3FF4BCAE5E4A8B
:108C9000581E1470614A002122F810101933012265
:108CA00003FA02F088F8002000F06CFD5C4B032210
:108CB0001A70A8E6ABEB0902042A1CDDABF104092B
:108CC000B9F1FF3F0DD1D9460023A2795548815C07
:108CD00099423FF43EAF875401212046FFF7B8FA8E
:108CE00037E7063B4B45A8BF4B46DFB2ABEB070966
:108CF0005FFA89F9E9E7002AF3DC0BF1FF39DFE7D6
:108D0000002B3FF480AE444A1288002A3FF47BAE29
:108D10003D4A454914700122581E88F800203F4AF8
:108D2000098822F810101933580000F02BFD3C4B35
:108D30001C7068E6AB8ADA077FF594AE2E8A91E65E
:108D4000AB8AD8077FF58EAE6E8A8BE6252301911C
:108D50000093364829703C2318224121374604F0FD
:108D6000A3FC50E6721C1A542E4AA3792F48D25CF9
:108D7000B21A02EBC2020F32D3B201211A4603919A
:108D8000991E023300933D2302910193392104F08F
:108D9000D1FDD9F808900197342724480097402343
:108DA0000B223F2104F080FC01210B2240231F48AD
:108DB000009701913F2104F0C1FC01211B480F469F
:108DC00005F0D6F8484609F09BFFA0EB800000F1C3
:108DD0005F03ABF810300F23ABF81230484609F0B0
:108DE0008FFF49460246114805F08CFB0F4805F0FD
:108DF000EBFBE168A079FFF72BFCA079C9E600BF87
:108E0000F89DFF1FF89CFF1FE59CFF1F7F99FF1F28
:108E10008199FF1F8099FF1F269BFF1F189BFF1F33
:108E2000BF9CFF1FCC9CFF1FE69BFF1F009DFF1FE9
:108E30002DE9F04FDFF85091544B99F800501B6822
:108E4000534F83B0003D01934FF0030018BF01253D
:108E5000019E97F8008006F01FFA8246042006F073
:108E60001BFA8346052006F017FA8400062006F058
:108E700013FA44EA4B0444EA0A0464B2454944EA5A
:108E8000C00040B20A7880F00F03DBB29A42424A37
:108E900015D0166000220B7040498DF800800B78C9
:108EA0008DF8012063BB3E4832466946FFF73EFD20
:108EB0002843C5B2002D35D103B0BDE8F08F12684C
:108EC000B21A1E2A5DD93A78934249D0354C3B708C
:108ED0002660354C0E2882EA030226609846DAD0D6
:108EE0000B28D8D130480068301AB0F5C87FD2D9E5
:108EF0002E4C2068301A3228CDD926601A46CAE78F
:108F0000284A12684EF66020B21A82422DD8013BE0
:108F10000B2BCFD8DFE803F022201E1C1A181614E2
:108F200012100E0C224804F0C3F903B0BDE8F08F14
:108F30002048B9E72048B7E72048B5E72048B3E71D
:108F40002048B1E72048AFE72048ADE72048ABE72D
:108F50002048A9E72048A7E72048A5E72048A3E73D
:108F60000E284FF00002BBD1BCE7002301220B709A
:108F700089F800201B491C4A0B7013605360137260
:108F800091E7002287E700BF088FFF1FF89DFF1FB2
:108F9000E69CFF1FE79CFF1FEC9CFF1FE59CFF1F4B
:108FA000704C0100D89CFF1FF09CFF1FE89CFF1F26
:108FB000009DFF1F0C560100FC550100EC550100FF
:108FC0000C510100084E0100745601001C560100AE
:108FD000B8550100FC500100F0500100EC4E0100BA
:108FE00020580100689DFF1FDC9CFF1FF8B5724EE2
:108FF00030780C4640B9714B1B68994203D3704AD4
:10900000012313703370F8BD6E4D6F4F284604F086
:109010003FF96A4B04F6AC541C6031232B614FF0CE
:1090200001136B6100212846317004F0A1FF6749EC
:109030000522284605F066FA284605F0C5FA644B75
:109040002B6164490B22284605F05CFA624905222F
:10905000284605F057FA284605F0B6FA5F4B604AF5
:109060001C68A4F69803C3EBC3035B0003F5D77336
:1090700082FB0312002B4FEAE3763B88C6EB2226E5
:10908000ACBF24362336032B9CBF564A52F82330FC
:10909000554A2A6188BF00239C424FF022014FF0BD
:1090A000040038DCFFF720F83C880746002C50D03D
:1090B000012C4FF00C024FD04C49424805F022FAE7
:1090C000404805F081FA4A4B3E482B61394605F08D
:1090D00073FA48493B48072205F014FA464B3948D1
:1090E00083FB0623F417C4EBA304214605F064FABE
:1090F00004EB840401224149324805F003FAA6EB4F
:109100004401304805F058FA3D492E48012205F047
:10911000F9F90120F8BDFFF76DF80922394929480E
:1091200005F0F0F93B88324A2A61022BD6D940F685
:109130009A339C4206DD344922480C2205F0E2F9BC
:109140000120F8BD31491F480D2205F0DBF901204F
:10915000F8BD2F491022B0E72E491A4805F0D2F980
:10916000184805F031FA224B2B613946154805F0B5
:1091700023FA07221F49134805F0C4F91E4B114872
:1091800083FB0623F517C5EBA305294605F014FA62
:1091900005EB8505224619490A4805F0B3F9A6EB07
:1091A0004501084805F008FA15490648224605F029
:1091B000A9F92046F8BD00BF088FFF1FF49CFF1FD0
:1091C000E59CFF1F009DFF1F749AFF1FCC4001000C
:1091D00010000C00D4400100A4400100A499FF1F1E
:1091E0000564344C5848010010002000384101004B
:1091F00010002A002041010067666666FC580100E5
:109200006C580100E0400100EC400100FC4001000E
:109210000C4101002841010028B1054B1028A8BFCE
:10922000102018607047024B01201860704700BF83
:109230006C9DFF1F38B5164C2378451EEDB2581EA5
:1092400000022B0403F4FE0300F47060184340F4A2
:10925000404040F00C0007F069FE2468013C64F0D7
:109260003F04E4B2204606F067FF284606F064FF9C
:10927000084B1B7813B1084B1B7803B938BD204647
:1092800006F0BEFA2846BDE8384006F0B9BA00BF7D
:109290006C9DFF1FAA9CFF1FAB9CFF1F70B51B4C52
:1092A0002378013B02041B0202F4FE0203F4706304
:1092B00013430A0602F0FE421343054643F43040CE
:1092C00040F00B000E4607F031FE2468013C64F0CC
:1092D0004F04E4B2204606F02FFF284606F02CFF8C
:1092E000304606F029FF0A4B1B7813B1094B1B7857
:1092F00003B970BD204606F083FA284606F080FACE
:109300003046BDE8704006F07BBA00BF6C9DFF1F81
:10931000AA9CFF1FAB9CFF1F70B51B4C2378013B21
:1093200002041B0202F4FE0203F4706313430A06F4
:1093300002F0FE421343054643F4104040F009009A
:109340000E4607F0F3FD2468013C64F06F04E4B2BC
:10935000204606F0F1FE284606F0EEFE304606F006
:10936000EBFE0A4B1B7813B1094B1B7803B970BD98
:10937000204606F045FA284606F042FA3046BDE897
:10938000704006F03DBA00BF6C9DFF1FAA9CFF1FF6
:10939000AB9CFF1F38B5184C2378013B02041B021D
:1093A00002F4FE0203F470631343054643F41040D5
:1093B00040F0090007F0BAFD2468013C64F06F0436
:1093C000E4B2204606F0B8FE284606F0B5FE0020BE
:1093D00006F0B2FE094B1B7813B1094B1B7803B999
:1093E00038BD204606F00CFA284606F009FABDE81A
:1093F0003840002006F004BA6C9DFF1FAA9CFF1F96
:10940000AB9CFF1F38B5154C2378013B02041B02AF
:1094100002F4FE0203F470631343054643F4504024
:1094200040F00D0007F082FD2468013C64F02F0439
:10943000E4B2204606F080FE284606F07DFE084B8A
:109440001B7813B1074B1B7803B938BD204606F0D3
:10945000D7F92846BDE8384006F0D2B96C9DFF1F09
:10946000AA9CFF1FAB9CFF1F70B5A0F5005241F6F0
:10947000FF711E4D8A42A8BF0A462B7802F50052A2
:109480001104013B01F4FE011B02D21141EA026208
:1094900003F470631343044643F4604040F00E004D
:1094A00007F044FD2D68013D65F01F05EDB204F0A5
:1094B0007F06284606F040FEC4F3C614304606F088
:1094C0003BFE204606F038FE094B1B7813B1094BD2
:1094D0001B7803B970BD284606F092F9304606F0B5
:1094E0008FF92046BDE8704006F08AB96C9DFF1FD9
:1094F000AA9CFF1FAB9CFF1F08B5002007F0E8FDEA
:109500000028FAD108BD00BF70B5284E284833782E
:10951000284D013B1B0203F47063184307F006FD5E
:109520003468013C64F04F04E4B2204606F004FEC7
:10953000072006F001FE642006F0FEFD2B7813B133
:109540001D4B1B783BBB33781C48013B1B0203F4CB
:109550007063184307F0EAFC3468013C64F04F0480
:10956000E4B2204606F0E8FD0B2006F0E5FD7F2082
:1095700006F0E2FD2B7813B10F4B1B7803B970BDD9
:10958000204606F03DF90B2006F03AF9BDE87040A0
:109590007F2006F035B9204606F032F9072006F0A4
:1095A0002FF9642006F02CF9CDE700BF6C9DFF1F5A
:1095B0000BB00764AA9CFF1FAB9CFF1F0BB00B7F77
:1095C00010B5194C19482378013B1B0203F4706352
:1095D000184307F0ABFC2468013C64F04F04E4B28C
:1095E000204606F0A9FD7B2006F0A6FD002006F02F
:1095F000A3FD0F4B1B7813B10E4B1B7853B90024FE
:10960000E0B2FFF7C7FE0134022005F0AFFE802C68
:10961000F6D110BD204606F0F3F87B2006F0F0F8F6
:10962000002006F0EDF8EAE76C9DFF1F0BB07B0011
:10963000AA9CFF1FAB9CFF1F30B5114A034692E85E
:10964000030083B0032B0090ADF8041001D903B0E0
:1096500030BDF0208DF805306C4606F06DFD0DF143
:109660000505002001E014F8010F06F065FDAC428D
:10967000F9D1F72003B0BDE8304006F05DBD00BF72
:109680003058010030B5114A034692E8030083B018
:109690001A1F4C2A0090ADF8041001D903B030BD58
:1096A000F0208DF805306C4606F046FD0DF10505FD
:1096B000002001E014F8010F06F03EFDAC42F9D1A4
:1096C000F72003B0BDE8304006F036BD3858010041
:1096D000030203F4FE43C0F3C6101843704700BFF3
:1096E00003784078DB0103F47E5300F07F001843D9
:1096F000704700BF82B001AA019002A9002012F8B1
:10970000013B03F07F03914243EA0020F7D102B00E
:10971000704700BF10B547F6122104460D4804F00B
:1097200011FD06F027FD0C4B1B7853B92CB10B4BE8
:10973000102CA8BF10241C6010BD084B01241C6015
:1097400010BD074847F6122104F044FC06F05CF90E
:10975000ECE700BF0492FF1FAA9CFF1F6C9DFF1F38
:10976000F091FF1F0388003A4FF0010C0CFA01FC46
:1097700018BF012223EA0C0302FA01F10B43038014
:10978000704700BF70B5CEB20C46054605F0E4F850
:10979000864203D03146284605F0F8F801352846C0
:1097A00005F0DAF8210A814200D170BD2846BDE8F3
:1097B000704005F0EBB800BF70B50546002005F01D
:1097C000CBF84FF000040346012063F3070405F0D3
:1097D000C3F860F30F24002D01F0CA824FF4AF618B
:1097E0000220FFF7CFFF4FF47A610420FFF7CAFF92
:1097F0004FF496610620FFF7C5FF4FF4FA61082089
:10980000FFF7C0FF4FF4FA610A20FFF7BBFF40F6F5
:10981000B8310C20FFF7B6FF4FF42F612220FFF77D
:10982000B1FF40F6AC512420FFF7ACFF7D212A2088
:10983000FFF7A8FF0C210E20FFF7A4FF0121102045
:10984000FFF7A0FF02211220FFF79CFF0021142048
:10985000FFF798FF00211620FFF794FF0221182040
:10986000FFF790FF01211A20FFF78CFF01211C2038
:10987000FFF788FF04211E20FFF784FF142120201A
:10988000FFF780FF01212620FFF77CFF032128201E
:10989000FFF778FF04212C20FFF774FF14212E20FE
:1098A000FFF770FF00213020FFF76CFF0C21322002
:1098B000FFF768FF00213420FFF764FF0021362006
:1098C000FFF760FF00213820FFF75CFF00213A20FE
:1098D000FFF758FF00213C20FFF754FF00213E20F6
:1098E000FFF750FF00214020FFF74CFF00214220EE
:1098F000FFF748FF1F214420FFF744FF13214620B4
:10990000FFF740FF0E214820FFF73CFF11214A20BE
:10991000FFF738FF0A214C20FFF734FF00214E20CB
:10992000FFF730FF06215020FFF72CFF02215220C5
:10993000FFF728FF0C215420FFF724FF00215620B9
:10994000FFF720FF00215820FFF71CFF01215A20BC
:10995000FFF718FF08215C20FFF714FF0F215E209E
:10996000FFF710FF00216020FFF70CFF04216220A9
:10997000FFF708FF01216420FFF704FF00216620A4
:10998000FFF700FF0B216820FFF7FCFE7F216A2014
:10999000FFF7F8FE00216C20FFF7F4FE00216E2097
:1099A000FFF7F0FE00217020FFF7ECFE002172208F
:1099B000FFF7E8FE00217420FFF7E4FE1F21762068
:1099C000FFF7E0FE13217820FFF7DCFE0E217A205E
:1099D000FFF7D8FE11217C20FFF7D4FE0A217E205C
:1099E000FFF7D0FE1F218020FFF7CCFE132182203D
:1099F000FFF7C8FE0E218420FFF7C4FE1121862048
:109A0000FFF7C0FE0A218820FFF7BCFE00218A2054
:109A1000FFF7B8FE00218C20FFF7B4FE002196204E
:109A2000FFF7B0FE00219820FFF7ACFE00219A203E
:109A3000FFF7A8FE05219C20FFF7A4FE06219E202B
:109A4000FFF7A0FE0021A020FFF79CFE7F21A220AF
:109A5000FFF798FE40F2A461A420FFF793FE4FF4B5
:109A6000E161A620FFF78EFE0021A820FFF78AFE05
:109A70000021AA20FFF786FE0221AC20FFF782FE1C
:109A80000121AE20FFF77EFE0121B020FFF77AFE14
:109A90000B21B220FFF776FE6421B420FFF772FE9F
:109AA0006421B620FFF76EFE0321B820FFF76AFE9F
:109AB0000121BA20FFF766FE0021BC20FFF762FEFD
:109AC0000021BE20FFF75EFE0121C020FFF75AFEF5
:109AD0000A21C220FFF756FE30210020FFF752FE78
:109AE000022004F039FF4FF000040346032063F323
:109AF000070404F031FF60F30F24A4B2B4F5805FD3
:109B000006D34FF4AF610220FFF73CFE4FF4AF6481
:109B1000D24B04201C8004F01FFF4FF000040346CA
:109B2000052063F3070404F017FF60F30F24A4B2C9
:109B3000B4F5805F06D34FF47A610420FFF722FE6C
:109B40004FF47A64C64B06201C8004F005FF4FF0EA
:109B500000040346072063F3070404F0FDFE60F3EE
:109B60000F24A4B2A4F52F73B3F57A6F06D940F68B
:109B700028210620FFF706FE40F62824B94B0820CE
:109B80001C8004F0E9FE4FF000040346092063F353
:109B9000070404F0E1FE60F30F24A4B2A4F52F73D0
:109BA000B3F57A6F06D940F6E4410820FFF7EAFDE5
:109BB00040F6E444AC4B0A201C8004F0CDFE4FF08C
:109BC000000403460B2063F3070404F0C5FE60F3B2
:109BD0000F24A4B2A4F5FA739BB240F6AC529342A0
:109BE00006D94FF4FA610A20FFF7CCFD4FF4FA646E
:109BF0009E4B0C201C8004F0AFFE4FF00004034687
:109C00000D2063F3070404F0A7FE60F30F24A4B251
:109C1000A4F5FA739BB240F6AC52934206D940F6D3
:109C2000B8310C20FFF7AEFD40F6B834904B0E2053
:109C30001C8004F091FE4FF0000403460F2063F3F4
:109C4000070404F089FE60F30F24A4B2182C04D991
:109C50000C210E20FFF796FD0C24864B10201C8053
:109C600004F07AFE4FF000040346112063F307046A
:109C700004F072FE60F30F24A4B2631E0F2B04D90C
:109C800001211020FFF77EFD01247B4B12201C8058
:109C900004F062FE4FF000040346132063F3070450
:109CA00004F05AFE60F30F24A4B20A2C04D9022156
:109CB0001220FFF767FD0224704B14201C8004F073
:109CC0004BFE4FF000040346152063F3070404F035
:109CD00043FE60F30F24A4B2012C04D90021142008
:109CE000FFF750FD0024664B16201C8004F034FE64
:109CF0004FF000040346172063F3070404F02CFE22
:109D000060F30F24A4B27F2C04D900211620FFF7A2
:109D100039FD00245B4B18201C8004F01DFE4FF021
:109D200000040346192063F3070404F015FE60F3F2
:109D30000F24A4B2052C04D902211820FFF722FD1C
:109D40000224514B1A201C8004F006FE4FF0000440
:109D500003461B2063F3070404F0FEFD60F30F24A9
:109D6000A4B20C2C04D901211A20FFF70BFD012409
:109D7000464B1C201C8004F0EFFD4FF0000403460E
:109D80001D2063F3070404F0E7FD60F30F24A4B281
:109D9000042C04D901211C20FFF7F4FC01243C4BC6
:109DA0001E201C8004F0D8FD4FF0000403461F2045
:109DB00063F3070404F0D0FD60F30F24A4B2092C70
:109DC00004D904211E20FFF7DDFC0424314B2020A0
:109DD0001C8004F0C1FD4FF000040346212063F312
:109DE000070404F0B9FD60F30F24A4B2462C04D993
:109DF00014212020FFF7C6FC1424274B22201C80AE
:109E000004F0AAFD4FF000040346232063F3070487
:109E100004F0A2FD60F30F24A4B2A4F5FA739BB280
:109E200040F6AC52934206D94FF42F612220FFF73F
:109E3000A9FC4FF42F64194B24201C8004F08CFDE6
:109E40004FF000040346252063F3070404F084FD6B
:109E500060F30F24A4B2A4F5FA7321E0BE9AFF1FA9
:109E6000BC9AFF1F129CFF1F109CFF1F009CFF1F2E
:109E7000FE9BFF1F789CFF1F8899FF1F8E9AFF1F74
:109E80008C9AFF1F809CFF1F149CFF1F8A99FF1F45
:109E90000C9BFF1FA89CFF1FFE9AFF1F149BFF1F18
:109EA0009BB240F6AC55AB4204D929462420FFF7BB
:109EB00069FC2C46D44B26201C8004F04DFD4FF04D
:109EC00000040346272063F3070404F045FD60F314
:109ED0000F24A4B27F2C04D901212620FFF752FCC5
:109EE0000124CA4B28201C8004F036FD4FF00004EA
:109EF0000346292063F3070404F02EFD60F30F24CA
:109F0000A4B2062C04D903212820FFF73BFC03242C
:109F1000BF4B2A201C8004F01FFD4FF000040346B5
:109F20002B2063F3070404F017FD60F30F24A4B2A1
:109F3000A4F13203B3F5967F04D97D212A20FFF7DF
:109F400021FC7D24B34B2C201C8004F005FD4FF038
:109F5000000403462D2063F3070404F0FDFC60F3C6
:109F60000F24A4B20C2C04D904212C20FFF70AFCE6
:109F70000424A94B2E201C8004F0EEFC4FF00004BA
:109F800003462F2063F3070404F0E6FC60F30F247C
:109F9000A4B21E2C04D914212E20FFF7F3FB1424A5
:109FA0009E4B30201C8004F0D7FC4FF00004034689
:109FB000312063F3070404F0CFFC60F30F24A4B254
:109FC000092C04D900213020FFF7DCFB0024944B3E
:109FD00032201C8004F0C0FC4FF000040346332004
:109FE00063F3070404F0B8FC60F30F24A4B21F2C41
:109FF00004D90C213220FFF7C5FB0C24894B3420F7
:10A000001C8004F0A9FC4FF000040346352063F3E4
:10A01000070404F0A1FC60F30F24A3B27F2B04D942
:10A0200000213420FFF7AEFB00237F4C3620238035
:10A0300004F092FC4FF000050346372063F3070558
:10A0400004F08AFC60F30F25ADB27F2D04D9002106
:10A050003620FFF797FB00256580382004F07CFC54
:10A060004FF000050346392063F3070504F074FC44
:10A0700060F30F25ADB27F2D04D900213820FFF702
:10A0800081FB0025A5803A2004F066FC4FF0000516
:10A0900003463B2063F3070504F05EFC60F30F25E5
:10A0A000ADB27F2D04D900213A20FFF76BFB0025CC
:10A0B000E5803C2004F050FC4FF0000503463D20B5
:10A0C00063F3070504F048FC60F30F25ADB27F2D64
:10A0D00004D900213C20FFF755FB002525813E20B7
:10A0E00004F03AFC4FF0000503463F2063F30705F8
:10A0F00004F032FC60F30F25ADB27F2D04D90021AE
:10A100003E20FFF73FFB00256581402004F024FC42
:10A110004FF000050346412063F3070504F01CFCE3
:10A1200060F30F25ADB27F2D04D900214020FFF749
:10A1300029FB0025A581422004F00EFC4FF000040D
:10A140000346432063F3070404F006FC374D60F335
:10A150000F2444202C8004F0FFFB4FF00004034642
:10A16000452063F3070404F0F7FB60F30F24A4B267
:10A17000302C04D91F214420FFF704FB1F242C4E50
:10A180004620348004F0E8FB4FF0000403464720EB
:10A1900063F3070404F0E0FB60F30F24A4B2302C57
:10A1A00004D913214620FFF7EDFA132474804820C8
:10A1B00004F0D2FB4FF000040346492063F3070488
:10A1C00004F0CAFB60F30F24A4B2302C04D90E2192
:10A1D0004820FFF7D7FA0E24B4804A2004F0BCFBD5
:10A1E0004FF0000403464B2063F3070404F0B4FB74
:10A1F00060F30F24A4B2302C1CD911214A20FFF7A0
:10A20000C1FA112416E000BF129BFF1FE69BFF1F3F
:10A21000BA9BFF1FD69AFF1FDC9AFF1F7E9CFF1F71
:10A220007C9CFF1FFC9BFF1F189BFF1F009BFF1FB9
:10A230002C9CFF1FF4804C2004F08EFB4FF0000498
:10A2400003464D2063F3070404F086FB60F30F24FC
:10A25000A4B2302C04D90A214C20FFF793FA0A2427
:10A2600034814E2004F078FB4FF0000403464F2069
:10A2700063F3070404F070FB60F30F24A4B2012C15
:10A2800004D900214E20FFF77DFA0024CF4B502047
:10A290001C8004F061FB4FF000040346512063F37F
:10A2A000070404F059FB60F30F24A4B2631E0B2BC8
:10A2B00004D906215020FFF765FA0624C44B52202A
:10A2C0001C8004F049FB4FF000040346532063F365
:10A2D000070404F041FB60F30F24A4B2042C04D95A
:10A2E00002215220FFF74EFA0224BA4B54201C8060
:10A2F00004F032FB4FF000040346552063F30704DB
:10A3000004F02AFB60F30F24A4B2631E1D2B04D9B2
:10A310000C215420FFF736FA0C24AF4B56201C803A
:10A3200004F01AFB4FF000040346572063F30704C0
:10A3300004F012FB60F30F24A4B2012C04D9002115
:10A340005620FFF71FFA0024A44B58201C8004F06D
:10A3500003FB4FF000040346592063F3070404F0A5
:10A36000FBFA60F30F24A4B27F2C04D900215820FB
:10A37000FFF708FA00249A4B5A201C8004F0ECFAEC
:10A380004FF0000403465B2063F3070404F0E4FA93
:10A3900060F30F24A4B2631E092B04D901215A20B3
:10A3A000FFF7F0F901248F4B5C201C8004F0D4FAF5
:10A3B0004FF0000403465D2063F3070404F0CCFA79
:10A3C00060F30F24A4B2631E102B04D908215C2073
:10A3D000FFF7D8F90824844B5E201C8004F0BCFAF7
:10A3E0004FF0000403465F2063F3070404F0B4FA5F
:10A3F00060F30F24A4B2631E1D2B04D90F215E202D
:10A40000FFF7C0F90F24794B60201C8004F0A4FAF8
:10A410004FF000040346612063F3070404F09CFA44
:10A4200060F30F24A4B2022C04D900216020FFF7AE
:10A43000A9F900246E4B64201C8004F08DFA4FF0C3
:10A4400000040346652063F3070404F085FA60F313
:10A450000F24A4B2012C04D901216420FFF792F942
:10A460000124644B62201C8004F076FA4FF0000453
:10A470000346632063F3070404F06EFA60F30F24CD
:10A48000A4B2E31E012B04D904216220FFF77AF95C
:10A490000424594B66201C8004F05EFA4FF000043F
:10A4A0000346672063F3070404F056FA60F30F24B1
:10A4B000A4B27F2C04D900216620FFF763F90024A1
:10A4C0004E4B68201C8004F047FA4FF0000403460E
:10A4D000692063F3070404F03FFA60F30F24A4B289
:10A4E0007F2C04D90B216820FFF74CF90B24444B37
:10A4F0006A201C8004F030FA4FF0000403466B2001
:10A5000063F3070404F028FA60F30F24A4B27F2C4D
:10A5100004D97F216A20FFF735F97F24394B6C205D
:10A520001C8004F019FA4FF0000403466D2063F319
:10A53000070404F011FA60F30F24A4B2072C04D925
:10A5400000216C20FFF71EF900242F4B6E201C8089
:10A5500004F002FA4FF0000403466F2063F307048F
:10A5600004F0FAF960F30F24A4B2192C04D90021E5
:10A570006E20FFF707F90024244B70201C8004F0A4
:10A58000EBF94FF000040346712063F3070404F075
:10A59000E3F960F30F24A4B2032C04D90021702046
:10A5A000FFF7F0F800241A4B72201C8004F0D4F955
:10A5B0004FF000040346732063F3070404F0CCF962
:10A5C00060F30F24A4B2062C29D923E01C9CFF1FA2
:10A5D000788EFF1F768EFF1F7C8EFF1F889CFF1FCB
:10A5E000909AFF1F929AFF1F7A8EFF1F7E8EFF1F89
:10A5F000869CFF1FFC9AFF1F7A9CFF1F0E9BFF1F6C
:10A60000929BFF1F949BFF1F349BFF1FAC9BFF1F60
:10A61000749AFF1F00217220FFF7B4F80024D44B76
:10A6200074201C8004F098F94FF000040346752054
:10A6300063F3070404F090F960F30F24A4B2072C2D
:10A6400004D900217420FFF79DF80024C94B8A200B
:10A650001C8004F081F94FF0000403468B2063F363
:10A66000070404F079F960F30F24A4B20A2C04D98A
:10A6700000218A20FFF786F80024BF4B8C201C8025
:10A6800004F06AF94FF0000403468D2063F30704D9
:10A6900004F062F960F30F24A4B2042C04D9002161
:10A6A0008C20FFF76FF80024B44B98201C8004F036
:10A6B00053F94FF000040346992063F3070404F0B4
:10A6C0004BF960F30F24A4B2012C04D90021982087
:10A6D000FFF758F80024AA4B9A201C8004F03CF99C
:10A6E0004FF0000403469B2063F3070404F034F9A1
:10A6F00060F30F24A4B2012C04D900219A20FFF7A3
:10A7000041F800249F4B96201C8004F025F94FF05F
:10A7100000040346972063F3070404F01DF960F377
:10A720000F24A4B20B2C04D900219620FFF72AF89D
:10A730000024954B9C201C8004F00EF94FF000047F
:10A7400003469D2063F3070404F006F960F30F2429
:10A75000A4B2A31E032B04D905219C20FFF712F8F5
:10A7600005248A4B76201C8004F0F6F84FF0000494
:10A770000346772063F3070404F0EEF860F30F2438
:10A78000A4B2302C04D91F217620FEF7FBFF1F2432
:10A790007F4E7820348004F0DFF84FF00004034649
:10A7A000792063F3070404F0D7F860F30F24A4B210
:10A7B000302C04D913217820FEF7E4FF1324748091
:10A7C0007A2004F0C9F84FF0000403467B2063F3BD
:10A7D000070404F0C1F860F30F24A4B2302C04D9AC
:10A7E0000E217A20FEF7CEFF0E24B4807C2004F0E8
:10A7F000B3F84FF0000403467D2063F3070404F030
:10A80000ABF860F30F24A4B2302C04D911217C20C2
:10A81000FEF7B8FF1124F4807E2004F09DF84FF07D
:10A82000000403467F2063F3070404F095F860F307
:10A830000F24A4B2302C04D90A217E20FEF7A2FFF7
:10A840000A243481802004F087F84FF00004034686
:10A85000812063F3070404F07FF860F30F24A4B2AF
:10A86000302C04D91F218020FEF78CFF1F24494E75
:10A870008220348004F070F84FF0000403468320F7
:10A8800063F3070404F068F860F30F24A4B2302CDB
:10A8900004D913218220FEF775FF132474808420CD
:10A8A00004F05AF84FF000040346852063F30704D0
:10A8B00004F052F860F30F24A4B2302C04D90E2116
:10A8C0008420FEF75FFF0E24B480862004F044F855
:10A8D0004FF000040346872063F3070404F03CF8BC
:10A8E00060F30F24A4B2302C04D911218620FEF786
:10A8F00049FF1124F480882004F02EF84FF0000462
:10A900000346892063F3070404F026F860F30F245C
:10A91000A4B2302C04D90A218820FEF733FF0A2480
:10A920003481A02004F018F84FF000040346A12061
:10A9300063F3070404F010F860F30F24A4B2012CB1
:10A9400004D90021A020FEF71DFF0024124B9E20F9
:10A950001C8004F001F84FF0000403469F2063F3CD
:10A96000070403F0F9FF60F30F24A4B216E000BF60
:10A97000649BFF1F629BFF1F089CFF1F3A9BFF1FEA
:10A98000389BFF1F369BFF1F6C9BFF1F6E9BFF1F9B
:10A99000389CFF1F449CFF1FE29BFF1FE31E0C2BF4
:10A9A00004D906219E20FEF7EDFE0624CF4BA220FF
:10A9B0001C8003F0D1FF4FF000040346A32063F393
:10A9C000070403F0C9FF60F30F24A4B27F2C04D95D
:10A9D0007F21A220FEF7D6FE7F24C54BA4201C8039
:10A9E00003F0BAFF4FF000040346A52063F3070409
:10A9F00003F0B2FF60F30F24A4B2A4F5AF63B3F584
:10AA0000167F06D940F2A461A420FEF7BBFE40F2F7
:10AA1000A464B84BA6201C8003F09EFF4FF00004F6
:10AA20000346A72063F3070403F096FF60F30F24A7
:10AA3000A4B2A4F5AF63B3F5167F06D94FF4E16174
:10AA4000A620FEF79FFE4FF4E164AB4BA8201C80CC
:10AA500003F082FF4FF000040346A92063F30704CC
:10AA600003F07AFF60F30F24A4B2062C04D900216E
:10AA7000A820FEF787FE0024A04BAA201C8003F02C
:10AA80006BFF4FF000040346AB2063F3070403F0B1
:10AA900063FF60F30F24A4B2032C04D90021AA2081
:10AAA000FEF770FE0024964BAC201C8003F054FF90
:10AAB0004FF000040346AD2063F3070403F04CFF9E
:10AAC00060F30F24A4B2082C04D90221AC20FEF7B5
:10AAD00059FE02248B4BB0201C8003F03DFF4FF049
:10AAE00000040346B12063F3070403F035FF60F36D
:10AAF0000F24A4B2072C04D90121B020FEF742FE96
:10AB00000124814BAE201C8003F026FF4FF000048F
:10AB10000346AF2063F3070403F01EFF60F30F2426
:10AB2000A4B27F2C04D90121AE20FEF72BFE012414
:10AB3000764BB2201C8003F00FFF4FF00004034659
:10AB4000B32063F3070403F007FF60F30F24A4B2FC
:10AB50007F2C04D90B21B220FEF714FE0B246C4B82
:10AB6000B4201C8003F0F8FE4FF000040346B5202B
:10AB700063F3070403F0F0FE60F30F24A4B2631E36
:10AB8000C62B04D96421B420FEF7FCFD6424614B7C
:10AB9000B6201C8003F0E0FE4FF000040346B7200F
:10ABA00063F3070403F0D8FE60F30F24A4B2631E1E
:10ABB000C62B04D96421B620FEF7E4FD6424564B6D
:10ABC000B8201C8003F0C8FE4FF000040346B920F3
:10ABD00063F3070403F0C0FE60F30F24A4B2082C53
:10ABE00004D90321B820FEF7CDFD03244B4BBA2036
:10ABF0001C8003F0B1FE4FF000040346BB2063F35A
:10AC0000070403F0A9FE60F30F24A4B2032C04D9B7
:10AC10000121BA20FEF7B6FD0124414BBC201C8067
:10AC200003F09AFE4FF000040346BD2063F30704CF
:10AC300003F092FE60F30F24A4B27F2C04D900210C
:10AC4000BC20FEF79FFD0024364BBE201C8003F085
:10AC500083FE4FF000040346BF2063F3070403F0B4
:10AC60007BFE60F30F24A4B27F2C04D90021BE2008
:10AC7000FEF788FD00242C4BC0201C8003F06CFEE6
:10AC80004FF000040346C12063F3070403F064FEA1
:10AC900060F30F24A4B2012C04D90121C020FEF7D7
:10ACA00071FD0124214BC2201C8003F055FE4FF0A2
:10ACB00000040346C32063F3070403F04DFE60F372
:10ACC0000F24A4B21E2C04D90A21C220FEF75AFD7B
:10ACD0000A242B881648174A048003F001011648FD
:10ACE0001180C3F340041549048029E03A8DFF1F09
:10ACF0000C9CFF1FA49BFF1F9A9BFF1F869AFF1FA0
:10AD0000849AFF1F7A9AFF1F989BFF1F789AFF1F54
:10AD1000969BFF1FF09AFF1FE49AFF1FF29AFF1FF6
:10AD2000289CFF1F0E9CFF1F549BFF1F849CFF1F2E
:10AD3000748EFF1F169BFF1F8E9BFF1F909BFF1F94
:10AD4000C3F380052F4A304C0D803048C3F3C00157
:10AD5000C3F30015117025802D492E4AC3F340140A
:10AD60000480C3F38010C3F3C0130880138070BD48
:10AD7000A3B24FF6FF7293423EF430AD302B3EF457
:10AD8000AFAE172B7EF62AAD192B7EF693AD1B2B9B
:10AD90007EF6B0AD1C2B3EF4C5AD1E2B7EF6CAADC3
:10ADA0001F2B3EF4CFAD202B3EF4E8AD212B3EF41B
:10ADB000F1AD222B3EF4F6AD232B3EF4FFAD242B58
:10ADC0003EF430AE252B3EF435AE262B3EF436AEA7
:10ADD000272B3EF43BAE282B3EF446AE292B3EF407
:10ADE0004BAE2A2B3EF458AE2B2B3EF45DAE2C2BF3
:10ADF0003EF45EAE2D2B3EF45FAE2F2B3EF66CAED6
:10AE0000FEF75EBEAB9CFF1F3E9BFF1F649CFF1FB7
:10AE1000769AFF1F269BFF1F38B5054603F09CFD61
:10AE20004FF000040346681C63F3070403F094FD2D
:10AE300060F30F24A0B238BD70B5D52082B007F002
:10AE400009F92C4B2C491B680546180C0822A870E0
:10AE5000E81C2B8003F0C8FDC420FEF739FCC0F3CA
:10AE60000F23E8722B730024204603F075FD034680
:10AE7000601C63F3070603F06FFD60F30F26B0B2AA
:10AE8000FEF726FC2B190234C42CA3F80D00EBD1DD
:10AE90001A486C1E05F1D0064FF0FF3114F8013F3F
:10AEA0000822594041F30003013A034012F0FF0227
:10AEB00083EA5101F6D1A642F0D1C8430192FEF7D0
:10AEC00019FCC0F30741030EC0F3072485F8D10035
:10AED00085F8D3102846019A85F8D240D52185F807
:10AEE000D43006F073F8284602B0BDE8704007F091
:10AEF000B9B800BF98590100405801002083B8ED4F
:10AF000010B5154C0FCC86B0EC46ACE80F0094E8B9
:10AF10000300124B4CF8040B1B68ACF800101C0C1F
:10AF20000F49ADF8003005220DF10D008DF80240FB
:10AF300003F05AFD3020FEF7CBFB00220346C0F39E
:10AF40000F24122168468DF80B308DF80C4006F066
:10AF50003DF806B010BD00BF5858010098590100D7
:10AF6000A4400100002006F0B3B800BF03F0BEBC4F
:10AF700030B5104D83B00021402300932022802360
:10AF800001910446284602F08FFB4FF400124FF067
:10AF900001132A616B613CB1204607F0B1FE2146E6
:10AFA0000246284603F0AEFA024803B0BDE830403E
:10AFB00002F07EB9009DFF1F70B50546414882B082
:10AFC00005F1FF3C05F1D0064FF0FF321CF8013FC0
:10AFD00008245A4042F30003611E034011F0FF04AD
:10AFE00083EA5202F6D1B445F0D1D043FEF782FB9A
:10AFF0000422064605F1D1010DEB020003F0F4FC3A
:10B00000019B9E4202D0B3F17F2F4ED105F10B0080
:10B01000FEF766FBC42835D10D352846FEF760FBE8
:10B02000302848D1002440F6AC561CE0042B20D038
:10B03000062B33D0082B31D00A2B29D00C2B27D04C
:10B04000222B25D0242B23D02A2B05D1A0F132028C
:10B0500092B2B2F5967F03D801461846FEF792FBEE
:10B060000234C42C0BD02819FEF73AFB022CA3B2F1
:10B07000DCD1B0F5805FEFD30234C42CF3D10120D2
:10B0800002B070BD1048FFF773FF002002B070BD22
:10B09000A0F5FA7292B2B242DED9E1E7A0F52F72C2
:10B0A00092B2B2F57A6FDBD8D6E70848FFF760FFB7
:10B0B000204602B070BD0648FFF75AFF002002B0DC
:10B0C00070BD00BF2083B8ED8458010070580100A6
:10B0D0009858010003292CD930B5437885B005462E
:10B0E0002BBB0B290C4605D938490522043007F043
:10B0F00049FDF8B13648374CFFF73AFF364B93E835
:10B100000700364B25681C6801AB83E807002A0C52
:10B110004FEA144C8DF80620184600220B21ADF89A
:10B120000450ADF80C408DF80EC005F04FFF05B08F
:10B1300030BD7047032205F10901684607F068FD3C
:10B14000BDF8003043F26302934210D043F2630231
:10B1500093421BD043F26302934223D020481D4CFC
:10B16000FFF706FF1C4B93E807001E4BCAE79DF84C
:10B170000220302AEAD11C48FFF7FAFEFFF75CFEF6
:10B180001A4805B0BDE83040FFF7F2BE9DF8022036
:10B19000332ADFD11648FFF7EBFE05B0BDE830409B
:10B1A000FFF7AEBE9DF80230322BD7D11148FFF722
:10B1B000DFFEA31E9BB2D42B06D9681CFFF7FCFE52
:10B1C0000028B4D00C48DCE70C48DAE7C858010086
:10B1D000D0580100985901004C580100E458010072
:10B1E0005459010068590100EC5801000059010050
:10B1F000145901002C59010040590100B0580100B8
:10B200002DE9F843184F3B6881460C46164613B3A8
:10B21000DFF85880B8F800506918184689B2A8F8C5
:10B22000001007F0E3F903462844224649463B60F4
:10B2300003F0DAFB0EB9BDE8F883B8F800103868FF
:10B24000FFF748FF386806F00DFF00233B60A8F8C1
:10B250000030BDE8F883DFF814800846A8F8001035
:10B2600006F0F8FE0346E0E7749DFF1F709DFF1F88
:10B2700010B51C4C4FF4FA70FBF754F8204602F05E
:10B2800007F84FF00113002120466361216102F0AD
:10B290006FFE15490B22204603F034F9204603F0D7
:10B2A00093F912490F22204603F02CF9204603F0AF
:10B2B0008BF90F490722204603F024F9204603F0BA
:10B2C00083F9204601F0F4FF0A4B0B4A1A604FF451
:10B2D000FA70FBF727F8FFF713FEBDE810400748A8
:10B2E000FFF746BE009DFF1F6C5901007859010011
:10B2F0008859010058A0FF1F01B2000090590100B9
:10B300000020704790F8612090F86000101A704794
:10B3100090F8603090F861209A4205D95A1C034495
:10B3200080F86020187E70474FF0FF30704700BFF4
:10B3300090F8603090F861209A4286BFC018007E75
:10B340004FF0FF30704700BF704700BFB0F8AE301D
:10B350002BB190F8AD30482B03D901234360002076
:10B360007047C218013380F8AD30012082F86310B5
:10B37000704700BF38B5B0F8AE40A4B190F8AD301A
:10B38000C3F14904A24284BF01224260054698BF2E
:10B39000144663301844224603F026FB95F8AD307E
:10B3A000234485F8AD30204638BD00BF70B5164C3B
:10B3B0002369DB7813F0200514D094F8B030013302
:10B3C000DBB2012B84F8B03002D894F8AF3043B927
:10B3D000636994F8B1201344BDE87040187A03F013
:10B3E00009BD70BD636994F8B1201344187A03F065
:10B3F00001FDD4F8B830002BF3D094F8610084F844
:10B400006050BDE8704018473491FF1F70B5164C6E
:10B410002369DB7813F0200514D094F8B0300133A1
:10B42000DBB2012B84F8B03002D894F8AF3043B9C6
:10B43000636994F8B1201344BDE87040187A03F0B2
:10B44000D9BC70BD636994F8B1201344187A03F035
:10B45000D1FCD4F8B830002BF3D094F8610084F814
:10B460006050BDE8704018477890FF1F4269002384
:10B47000A0F86030C0F8AC3010B4D2E900140A680B
:10B48000C0F8B43022430469C0F8B8300A60A37031
:10B49000426990F8B1301849134493F808C05B7BB7
:10B4A00001EBCC0C1B02DCF8044003F4E06343F036
:10B4B0006403236090F8B23013449C7CDB7D01EB85
:10B4C000C4011B024C68116803F4E06343F0640399
:10B4D000236009685368194205D0036927225A700E
:10B4E000036904229A71036920225A710369802238
:10B4F0009A7010BC704700BFB06501004369D3E982
:10B50000002312681A420CD0084B99420AD9084B02
:10B510009942036994BF1A220D225A7003690422CA
:10B520009A717047036927225A70F7E77F1A06005D
:10B530003F420F0010B50369D978CAB2C906044664
:10B5400022D510215006D9701DD512F0040250D01A
:10B550003D49D4F8B42000230B7084F8AD30002AA4
:10B560005BD0904794F8AD30002B56D02369D022A1
:10B570009A70236994F863201A712369012284F870
:10B58000AC200222DA7010BD5106DED4997811F099
:10B59000100117D12D4A80F8B01090424FD02C4A9C
:10B5A000904241D094F861101A794729D2B2E8D874
:10B5B000254800780028E4D0481C214484F8610024
:10B5C0000A76DEE712F0010220D190F8AC1090F874
:10B5D000AD00884281BF4A1C091984F8AC2091F85B
:10B5E00063201A712369D0229A7023690222DA70CB
:10B5F000C9E7236984F86120C0219970124A236940
:10B600000121117002221879DA70BCE7C0229A7009
:10B6100003691A790222DA70B5E70122002384F85F
:10B62000AD2084F86330A1E7436990F8B12009495F
:10B6300013440322187A03F069FB2369B2E74369D4
:10B6400090F8B1200449F3E7789DFF1F7890FF1F21
:10B650003491FF1FADB300000DB400002DE9F04799
:10B66000374C0269236882B00093DDF80080D378FC
:10B67000990618D5334E0546002102E0D3789B0683
:10B6800011D523680193019BA3EB08030F2BF5D978
:10B6900069B1102BF2D0002090702B6980229A7033
:10B6A00002B0BDE8F087012002B0BDE8F08795F850
:10B6B000B1206B6913440521187A03F0FBFD6B6917
:10B6C00095F8B1201344012193F812A0504603F0DD
:10B6D000F1FD09274FF0A0090021504603F0B6FD07
:10B6E0004B46013BFDD10121504603F0AFFD4B46D7
:10B6F000013BFDD1013FEFD1696995F8B1300B44B1
:10B700004FF4A072187A5B7B06EBC0001B02406806
:10B7100003F4E06343F06403036095F8B2300B4434
:10B72000997CDB7D06EBC1011B02496803F4E063F1
:10B7300043F064030B60013AFDD101212A699DE7C2
:10B74000F89DFF1FB0650100F0B503691222DA70A1
:10B750000269937813F0200685B004460D4652D056
:10B76000B4239370324920690B680093009E05E072
:10B770000A680192019A921B042A3DD8C37813F0FB
:10B780002003F5D094F8AD306BB34FF0000CE646D3
:10B79000022604EB0E0393F8633003710B680293E7
:10B7A000029F206907E092060AD50A680392039A6D
:10B7B000D21B052A20D8C378DAB213F00203F2D0E4
:10B7C000C6702369DA78D7B2D206184626D4BA06EC
:10B7D00024D5FA0726D494F8AD300CF1010C5FFAA9
:10B7E0008CFE7345D5D8002015B1236980229A704C
:10B7F000002384F8AE3004E08370236980229A70BD
:10B80000042005B0F0BDFFF729FF28B1236984F8B3
:10B81000AF60B0229A70A5E70420F2E780229A7008
:10B820000420E1E7BEF1000F0CBF02200320DDE79A
:10B83000F89DFF1F2DE9F0479046994600220369C5
:10B84000A0F860201222DA7003699C7814F02005B9
:10B8500088B007468A4600F09F80B4229A70704EE6
:10B860003B6932680092009A08E030680190019CC0
:10B87000A4EB020CBCF1040F00F28680DC7814F01B
:10B880002005F2D04FEA4A0242F00102D2B21A7108
:10B890003368029302983A6906E033680393039988
:10B8A000091A052900F28280D47814F00205F4D038
:10B8B0004FF0020C82F803C03B69DC7814F01105EC
:10B8C0007CD1B8F1000F00F08480B8F1010F00F0D6
:10B8D0008D80A0229A7039690B794FF0A80E3368D9
:10B8E0000493049805E032680592059A121A052A15
:10B8F00068D8CB7813F00203F5D081F803C039691A
:10B90000CB78DCB2DB0608460A4641D4A4063FD514
:10B9100008F1FF385FFA88F8B8F1010F04D181F817
:10B9200002E0396908460A46472D59D90379B8F12A
:10B93000010FD4D133680693069805E0316807916A
:10B940000799091A052956D8D37813F00203F5D0C0
:10B950000223D3703A69D378D806D9B255D48B066E
:10B9600016D5B023472D93704CD83A697C191279BB
:10B9700022766B1CDDB2B9F1000F02D03B69802248
:10B980009A7087F8615003E09D703B6980229A703D
:10B99000284608B0BDE8F087FFF760FE0028F7D022
:10B9A0003B6987F8AF50B0229A7058E795703B69B1
:10B9B000802228469A7008B0BDE8F08780229A70ED
:10B9C0000025E5E78B703B6980229A7087F861500B
:10B9D000DEE7B9F1000F14BF8022A0229A70D7E7EA
:10B9E0007B19007918766C1CE5B2A0E7A8229A7042
:10B9F0003A6913799EE793703B6980229A7087F8C1
:10BA00006150C5E73B691B79B5E71021A023D170D0
:10BA1000013BFDD13A69937803F0F7039370B7E7E0
:10BA2000F89DFF1F0148FFF785BD00BF7890FF1FFD
:10BA30000148FFF77FBD00BF3491FF1F0022026065
:10BA4000704700BF0C2901D90020704710B50231A2
:10BA50008AB04A0001240023016802F0FE02CDE909
:10BA6000003403A8022300F0EFF803A800F0E0F987
:10BA700080B20AB010BD00BF2DE9F04391B001279C
:10BA80004FF000080197CDF800800C463B46016856
:10BA90000546164602A85E2200F0D6F802A800F07D
:10BAA000C7F95E2C03D0A4F17303072B10D8012330
:10BAB0002246002429680193009409A800F0C4F8E4
:10BAC0002246314609A800F029F911B0BDE8F083FB
:10BAD00081464246414602A800F020F929680197B4
:10BAE0003B462246CDF8008009A800F0ADF842465A
:10BAF000314609A800F012F942465FFA89F102A81E
:10BB000000F00CF911B0BDE8F08300BF2DE9F0435F
:10BB100005468BB000689DF848800E4691461F464A
:10BB200010B1102103F09EF8102003F099F831466F
:10BB300004464A4600F0BEF92C600121204600F080
:10BB4000C3F9064620B9002630460BB0BDE8F083A5
:10BB5000632280212846FFF78FFF012003F006FCB7
:10BB600000225E212846FFF787FF01230022019370
:10BB7000009229685D2203A800F066F803A800F08F
:10BB800057F9C0B22428DED1412421463A4628463E
:10BB9000FFF772FF611C02344246C9B22846E4B284
:10BBA000FFF76AFF592CF0D1284601222B21FFF71D
:10BBB00063FF284601222C21FFF75EFF28460E2254
:10BBC0002D21FFF759FF284600222E21FFF754FFB1
:10BBD000284601222F21FFF74FFF2846052230215A
:10BBE000FFF74AFF284601223121FFF745FF28468B
:10BBF00000223221FFF740FF284600223321FFF7C1
:10BC00003BFF284600223421FFF736FF284600225A
:10BC10003521FFF731FF284600225B21FFF72CFF7B
:10BC2000284610225C21FFF727FF284620225D21AD
:10BC3000FFF722FF28468C225E21FFF71DFF3046CA
:10BC40000BB0BDE8F08300BF03740023C2818361A1
:10BC50009DF8042043609DF80030016042748374B5
:10BC6000704700BF70B58446B0F80EE0006884B03D
:10BC7000ADF80CE048B19CF8114003ABCDE90034BD
:10BC8000012300F03DF904B070BDDCF804000D465E
:10BC90001446D8B19CF80C60032E5FFA8EF32CD0BA
:10BCA0007EB1022E1ED163F07F038DF80C309CF81C
:10BCB00011300093224603AB294600F03FFB04B04D
:10BCC00070BD03F07F038DF80C30F0E7DCF808005E
:10BCD0000028D8D09CF8112000940B4603A900F04E
:10BCE000D9F8D0E7012EE2D19DF80C3003F07F03A4
:10BCF00043F040038DF80C30D9E78DF80D309CF8F7
:10BD000011304FEA1E2E01332EF0010E009303ABCB
:10BD10008DF80CE000F012FBB5E700BF30B50B4624
:10BD20005AB9047C042C26D8816154B900F113015E
:10BD30002246BDE83040FFF795BF042A14461AD8C2
:10BD40008361857C00F1130104F1120C50FA8CFC24
:10BD50008E4600F112025DB98EF800300CF1FF3C06
:10BD600094454FEA13230EF1010EE1D0002DF3D0DC
:10BD70008CF80030F2E7002030BD00BF10B58446DB
:10BD800084B0C089ADF80C0014464FEA102EC2B240
:10BD9000DCF800000B4648B100219CF8112001910D
:10BDA000009403A900F01CF904B010BDDCF80400F5
:10BDB000C8B19CF80C10032929D079B102291DD1F2
:10BDC00002F07F028DF80C20FF219CF811200191D8
:10BDD000009403A900F008FB04B010BD62F07F02DC
:10BDE0008DF80C20F0E7DCF808000028DCD09CF887
:10BDF0001120009403A900F03DF8D5E70129E3D113
:10BE00009DF80C2062F03F028DF80C20DCE70094D6
:10BE10008DF80D209CF81120FF214EF0010E0191AC
:10BE2000013203A98DF80CE000F0DEFABCE700BF98
:10BE300038B500F11305027C29460446FFF79EFF42
:10BE4000A0B1207C70B112302318A27C2946123494
:10BE5000002000023AB91D782843013BA34201F1BA
:10BE60000101F6D138BD0D782843F6E74FF0FF30D9
:10BE700038BD00BF30B4047CBDF8085034B18468CC
:10BE800024B10295A446406930BC6047002030BC14
:10BE9000704700BF30B4047CBDF8085034B1C468AA
:10BEA00024B10295A446406930BC6047002030BCF4
:10BEB000704700BF4FF0000C42602022017080F8F4
:10BEC00008C0C260704700BF38B5044640680D46E0
:10BED000FFF7CCFA012121720DB9084638BD22784E
:10BEE00063688A4083F8632083F8AE1083F8AD104E
:10BEF0006068FFF729FCB0FA80F0400938BD00BF48
:10BF00002DE9F041DDF81C801F46C3681546424408
:10BF10009A4218D802784368520083F863200122BD
:10BF200004460E4683F8AE2083F8AD20B8F1000F2A
:10BF30000CD0069B53B140680699036842465B6883
:10BF40009847804502D00020BDE8F0816068036812
:10BF500031465B682A4698478542F4D16068394685
:10BF6000FFF7F2FBB0FA80F04009BDE8F08100BFB6
:10BF70002DE9F84315460646D2B20F4601784068CF
:10BF8000FFF758FC854223D1FDB10024DFF84C9027
:10BF9000A04612E090F8603090F861209A4203F1D8
:10BFA0000101034417D980F860101B7E07F80830A0
:10BFB0000134A4B2A542A04607D9706803685B6942
:10BFC0004B45E7D09847C3B2F0E70120BDE8F883BE
:10BFD0000020BDE8F883FF23E8E700BF11B30000AD
:10BFE0002DE9F0411F46C368069E9DF81C809A42C9
:10BFF00011D8054600786B68400083F86300012083
:10C0000083F8AE0083F8AD00686803685B68144687
:10C010009847844202D00020BDE8F081686841461C
:10C02000FFF792FB04460028F5D196B1EB68321B6E
:10C030009A4228BF1A46B31AA3428CBF0023012399
:10C04000391928461444FFF793FF0028E3D0A6428D
:10C05000ECD80120BDE8F0812DE9F04F037B91F889
:10C0600000E0002B0CBF012780271EEA070F804B42
:10C070000D4608BF01268168B3FBF1F318BF002607
:10C08000002A00F0F280DCB2013A5B0103F4FF51B8
:10C0900005EB02083B464FF0000C002C62D0002953
:10C0A00000F0A9800A46013AFDD1427B12F0F70F59
:10C0B00040F0C28090F91020B2F1FF3F00F0CA803A
:10C0C0001EEA030914BF01220022B2420ED0B9F1C8
:10C0D000000F00F0A580D0F8149090F824A099F8F3
:10C0E000002042EA0A02012689F80020D0F81890C0
:10C0F00090F826A099F8002042EA0A0289F8002068
:10C100001CB111B10A46013AFDD190F9112001325A
:10C1100008D0C26990F82590127812EA090F18BF6A
:10C1200043EA0C0CD0F8189090F826A099F800205B
:10C1300022EA0A0289F8002090F91120013201D088
:10C1400085F800C0027B4AB95B00DBB2002BA4D1AA
:10C15000A84500F08A8015F801EF9BE75B08002BEB
:10C160009BD1F5E7427B12F0F70F0FD190F9102029
:10C17000B2F1FF3FA4D1D0F8189090F826A099F81A
:10C18000002042EA0A0289F80020BEE7D0F81890A1
:10C1900090F826A099F8002042EA0A0289F80020C7
:10C1A00090F9102001320ED0D0F8149090F824A00D
:10C1B00099F800201EEA030F14BF42EA0A0222EA9D
:10C1C0000A0289F80020D0F8189090F826A099F873
:10C1D000002022EA0A0289F8002090F91120013299
:10C1E000B0D0C26990F82590127812EA090F18BFF2
:10C1F00043EA0C0CA4E7427B12F0F70FC6D190F98A
:10C200001020B2F1FF3F7FF45BAFD0F8189090F8A8
:10C2100026A099F8002042EA0A0289F8002074E773
:10C22000D0F814A090F824B09AF8002022EA0B026B
:10C230004E468AF8002059E7D0F8189090F826A0CA
:10C2400099F8002042EA0A0289F800200A46013AD9
:10C25000FDD1A5E7D0F8189090F826A099F8002015
:10C2600042EA0A0289F800204CE7BDE8F08F00BFDF
:10C2700020A107000368002B36D030B44268D97A79
:10C28000126819B372B6D97ACC0708D54FF0E024FA
:10C29000DD68D4F8800128409861C4F880018807DF
:10C2A00008D54FF0E0241D69D4F884012840D861F6
:10C2B000C4F88401490708D54FF0E0205C69D0F844
:10C2C000881121401962C0F8881162B61B68D968CC
:10C2D000914207D0054C06491C6042F08040DA606C
:10C2E0001861196030BC7047704700BF01403F00C3
:10C2F00000003F8010B5044690F90E00431C03D0A7
:10C300000121C0B202F0A2FF2368B3B1DA7AA2B170
:10C31000D00704D54FF0E0219869C1F800019107DA
:10C3200004D54FF0E021D869C1F80401520704D5C3
:10C330004FF0E0221B6AC2F8083110BD2DE9F0472A
:10C34000044682B01E460A9D8A469046FFF792FF39
:10C3500094F90E00431C42D1D5B1013E06EB05090C
:10C360000DF1070503E0FFF777FE4E4510D0276873
:10C3700016F8013F8DF80730012229462046002F8C
:10C38000F1D0134638462A4600F0CEF94E45EED19C
:10C39000B8F1000F1CD0D0440AF1FF3608F1FF3885
:10C3A0000DF1070503E0FFF757FEB04510D02768F1
:10C3B00016F8013F8DF80730012229462046002F4C
:10C3C000F1D0134638462A4600F0AEF9B045EED11A
:10C3D0002046FFF78FFF012002B0BDE8F087C0B212
:10C3E000002102F033FFB7E72DE9F04F044683B098
:10C3F0009B46DDF830A09DF834800F461546FFF7C8
:10C4000039FF94F90E00431C48D1D5B1013F07EB29
:10C4100005090DF1070503E0FFF71EFE4F4510D09B
:10C42000266817F8013F8DF807300122294620467B
:10C43000002EF1D0134630462A4600F075F94F45DC
:10C44000EED1BAF1000F22D0DA440BF1FF360AF137
:10C45000FF3A0DF1070507E0FFF7FEFD9DF80730F5
:10C4600006F8013FB24512D027688DF807800122F7
:10C4700029462046002FEFD0134638462A4600F0C2
:10C4800053F99DF8073006F8013FB245ECD120463C
:10C49000FFF730FF012003B0BDE8F08FC0B20021EC
:10C4A00002F0D4FEB1E700BF844600682DE9F041F8
:10C4B0000C4611461A46C36813F0807F7A4B03601E
:10C4C0004BD1D30700F1D1809CF82460174646EA8F
:10C4D0000626002F00F0B78034B12678637846EA4C
:10C4E000032676BA0234B6B2DCF8043093F808E0DA
:10C4F000022F0EF1FF3E4FEA0E3E0CBF46F0805376
:10C5000046F010431FFA8EFE4363023F0AE011B16A
:10C5100005F8010B2946013A03F47043734517D916
:10C52000DCF80000C36A13F0F00FF5D012F0010F31
:10C53000806B0D46EBD1C0F3072819B105F8028BCB
:10C540004870294603F470437345A2F10202E7D80C
:10C55000002F78D0DCF80000BEE7D3075FD49CF84A
:10C5600024701646BFB2002E45D024B1637814F86B
:10C57000027B47EA0327DCF8043093F808E0022E38
:10C580000EF1FF3E4FEA0E3E0CBF47F0805347F0DE
:10C5900010431FFA8EFE4363023E0AE011B105F814
:10C5A000010B2946013A03F47043734517D9DCF8AF
:10C5B0000000C36A13F0F00FF5D012F0010F806B8A
:10C5C0000D46EBD129B105F8020BC0F307204870E6
:10C5D000294603F470437345A2F10202E7D856B12D
:10C5E000DCF80000C1E729B100F8023BC3F30723E0
:10C5F0004B700146023A82B1DCF80030D86A10F084
:10C60000F00FF8D0D4079B6B0846ECD511B100F8B9
:10C61000013B0146013A002AEED1BDE8F08184B326
:10C6200014F8013B012A18BF43F0004343639CF810
:10C630002470561E96E7C3F3072419B100F8024B85
:10C640004B700146023A002AE7D0DCF80030D86A85
:10C6500010F0F00FF7D0D4079B6B0846EBD511B163
:10C6600000F8013B0146013AEDE79CB114F8013BAB
:10C67000012A18BF43F0004343639CF82460571E0F
:10C6800025E79CF82470012A1ABF47F00043436352
:10C690004763CEE79CF82460012A1ABF46F00043A6
:10C6A00043634663EBE700BF00041F80436810B498
:10C6B0001C685A682168114302682160154C1649AC
:10C6C0001460D160154C164914611160417A154A05
:10C6D0005C180A3194F824C053F8214002EBCC01D5
:10C6E00049680C60017A5C1803EB810194F818C06A
:10C6F000CC6902EBCC0149680C60817A10BC5818F7
:10C7000003EB810390F83000596B02EBC0025368D1
:10C710001960704701401F000110003801100078B7
:10C7200000001F80B06501000BB1FFF7BDBE704770
:10C73000704700BF00291CDBB0F90CC08C4518DD28
:10C74000002A16DBB0F90EC0944512DD10B490F843
:10C750001AC0BCF1020F0DD0BCF1030F59D0BCF1CF
:10C76000010F4CD0012B39D0022B25D083B110BC46
:10C7700070477047B0F808C00CF1FF3CACEB01010A
:10C78000B0F80AC0ACEB0202013A09B212B2E9E712
:10C79000002AB0F808C0C46A1346B8BFD31DDB1026
:10C7A00013FB0C1302F00702E15C012000FA02F215
:10C7B00021EA0202E254DAE7002A0489C06A134639
:10C7C000B8BFD31DDB1013FB041302F00702C45CD7
:10C7D000012101FA02F26240C254C8E7002A04892A
:10C7E000C06A1346B8BFD31DDB1013FB041302F05D
:10C7F0000704C15C0122A2400A43C254B7E7B0F863
:10C8000008C0ACEB020C0CF1FF3C0A460FFA8CF1AD
:10C81000A8E7B0F80AC00CF1FF3CACEB010C1146E4
:10C820000FFA8CF29EE700BF0029BEBF5B181BB257
:10C830000021B0F908C030B55D1865458E46C4BF0B
:10C84000ACEB01010BB2002BBDF80C400EDDC16A50
:10C85000D0101CFB00EC02F0070001228240012CEA
:10C860006144D2B219D0022C0DD004B130BDD243F4
:10C87000D2B211FA83F311F8010B1040994201F87A
:10C88000010CF8D130BD11FA83F311F8010B5040BF
:10C890008B4201F8010CF8D130BD11FA83F311F885
:10C8A000010B1043994201F8010CF8D130BD00BFD3
:10C8B0002DE9F041B0F908E0BDF818408E452FDDB4
:10C8C000002ABEBF9B1800221BB2B0F90A50944642
:10C8D0009C44AC45C4BFAD1A2BB2002B20DDC2F383
:10C8E000C405C66A1EFB051512F00702DBB206EB93
:10C8F00005012BD0C2F1080C5FFA8CFC3E4F63455A
:10C9000017F80C700ED2ACEB03084FF0FF0E4EFA86
:10C9100008FE012C07EA0E0764D0022C3ED03CB181
:10C92000BDE8F081012C5DD0022C37D0002C3AD12B
:10C9300016F805E02EEA070E06F805E06345B0F9A3
:10C940000850EDD3083A13442944DBB2072B16D91B
:10C95000022C33D0B4F1000C18BF4FF0010CCCF115
:10C96000000C5FFA8CFC1A4681F800C0083AB0F956
:10C970000850D2B2072A2944F6D803F00703002B47
:10C98000CED01E4A012CD35C31D0022C26D0002CF4
:10C99000C6D10A7822EA03030B70C1E716F805E056
:10C9A00087EA0E0EC8E7083A1344DBB2072B71443E
:10C9B000D0D8002BB4D0114AD35CE6E71A460C78E5
:10C9C000E4430C70083AB0F90840D2B2072A214477
:10C9D000F5D813F00703A3D0084AD35C0A78534074
:10C9E0000B709DE716F805E047EA0E0EA4E70A78FB
:10C9F00013430B7094E700BFF85E0100005F010075
:10CA000010B48C461146827EBDF80440022A23D021
:10CA1000032A1AD0012A0DD0002909DBB0F90A2017
:10CA20008A4205DD01940A4610BC6146FFF7FCBE50
:10CA300010BC70470289521A013A11B20029F7DB83
:10CA40000194624610BCFFF733BF42899C44A2EBBD
:10CA50000C020FFA82FCF1E74289521A013A11B234
:10CA600002899C44A2EB0C020FFA82FCD4E700BFBF
:10CA700010B49446827EBDF80440022A24D0032AD2
:10CA800012D0012A06D000290CDB0194624610BCAA
:10CA9000FFF70EBF02899C44A2EB0C0200290FFA9B
:10CAA00082FC07DA10BC70474289521A013A11B26F
:10CAB0000029F7DBB0F90A208A42F3DD01940A4627
:10CAC00010BC6146FFF7B0BE0289521A013A11B29A
:10CAD00042899C44A2EB0C020FFA82FCD3E700BF10
:10CAE00070B504469DF910601D4600F00BFF059AD5
:10CAF000A265069A0C4BE2650C4A6366FF23002D83
:10CB000008BF154684F833304FF6FF7284F836308C
:10CB100000236362E36284F83760054BA2862046F7
:10CB2000A562236070BD00BF011001387890FF1F1F
:10CB3000A85E010010B50446C06A08B105F092FA7B
:10CB4000204610BDF8B5836A04460D46CBB190F877
:10CB500030200126B24083F8632083F8AE6083F86A
:10CB6000AD60806A036800211B689847A06A03686B
:10CB700029461B689847A06A3146BDE8F840FEF791
:10CB8000E3BD026C016D136823EA0103416A13607F
:10CB900049B10A684FF00043D3625563D36A002B52
:10CBA000FCDA936BF8BDA66BC36B8021082032685A
:10CBB000A76C0D4214BF3A43BA4332601A68E76C5F
:10CBC0003A431A601A68E76C013822EA07024FEA12
:10CBD00051011A60EBD1F8BD70B50446806A0D466C
:10CBE00080B1A16DFEF78AFCA5F15A012046C9B2B9
:10CBF000FFF7A8FFA06A002841D0E16DBDE87040B2
:10CC0000FEF77CBC636A002B32D0D97A626E19B30E
:10CC100072B6D97ACE0708D54FF0E02CDE68DCF882
:10CC2000800130409861CCF88001880708D54FF02A
:10CC3000E02C1E69DCF884013040D861CCF8840116
:10CC40004E0708D54FF0E0205E69D0F888113140DA
:10CC50001962C0F8881162B61B68D9688A4207D089
:10CC600016491960DA6042F08041154A19611A606C
:10CC7000626C616D136823EA01031360B4E7626CB0
:10CC8000606D1368616A03431360B1B1CB7AA3B1DD
:10CC9000D80704D54FF0E0228869C2F800019A074E
:10CCA00004D54FF0E022C869C2F804015B0704D53F
:10CCB0004FF0E0230A6AC3F8082170BD01403F002D
:10CCC00000003F802DE9F843836A04460D469046F4
:10CCD000002B3BD090F830200126520083F86320CF
:10CCE00083F8AE6083F8AD60806A036800211B683A
:10CCF0009847B8F1000F23D005EB0807B046A06AAB
:10CD000015F8011B03681B6898470136AF42B6B29D
:10CD100016D0482EF3D10121A06AFEF715FD94F834
:10CD20003020A36A520083F8632083F8AE8083F832
:10CD3000AD80A06A036800211B6898470126DEE7E2
:10CD4000A06A0121BDE8F843FEF7FEBC026C016D4C
:10CD5000136823EA01031360B8F1000F11D0476A8A
:10CD600005EB08024FF0004E15F8016B5FB1396812
:10CD7000C1F82CE04E63CB6A002BFCDA8B6B95423A
:10CD8000F2D1BDE8F883E36BA16B4FF0080C802073
:10CD9000D1F80080D4F84890064214BF48EA090848
:10CDA00028EA0908C1F80080D3F80080D4F84C9034
:10CDB00048EA0908C3F80080D3F80080D4F84C9002
:10CDC000BCF1010C28EA09084FEA5000C3F80080C2
:10CDD000DED1D4E770B50446806A0D4670B1A16D0E
:10CDE000FEF78CFB20462946FFF7ACFEA06A002820
:10CDF00047D0E16DBDE87040FEF780BB636A002B51
:10CE000032D0D97A626E19B372B6D97ACE0708D504
:10CE10004FF0E02CDE68DCF8800130409861CCF8FF
:10CE20008001880708D54FF0E02C1E69DCF88401EA
:10CE30003040D861CCF884014E0708D54FF0E0208F
:10CE40005E69D0F8881131401962C0F8881162B665
:10CE50001B68D968914207D019491960DA6042F01D
:10CE60008041184A19611A60626C616D136823EA87
:10CE70000103204613602946FFF764FEA06A0028DC
:10CE8000B7D1626C606D1368616A03431360B1B11E
:10CE9000CB7AA3B1D80704D54FF0E0228869C2F855
:10CEA00000019A0704D54FF0E022C869C2F80401D6
:10CEB0005B0704D54FF0E0230A6AC3F8082170BD70
:10CEC00001403F0000003F802DE9F043044685B05B
:10CED000C06A9DF830801E460F46B4F90A301546E8
:10CEE000002800F0748113F1070948BF03F10E090F
:10CEF000B4F908304FEAE90903FB09F94A46002171
:10CF000005F0EEFDB4F90A00202800F3E880B4F93A
:10CF100008102038733900EBD07073234FF0010EE6
:10CF200001EBD1714FF020098DE8084240F34F0228
:10CF3000B54B204641F34F0100F02AFDA06A84F86A
:10CF40003170002800F0E980002D40F03481B4F900
:10CF50000A30202B0CBF3C253D2584F83050B8F119
:10CF6000000F40F02F81002E00F0FF8094F9370071
:10CF7000002818DB0121C0B202F09CF9012194F8CD
:10CF8000370002F063F9012002F0F0F9002194F873
:10CF9000370002F05BF90A2002F0E8F994F8370054
:10CFA000012102F053F9A06A002840F0DE80636A94
:10CFB000002B32D0D97A626E19B372B6D97ACF0704
:10CFC00008D54FF0E025DE68D5F880013040986143
:10CFD000C5F880018E0708D54FF0E0251E69D5F809
:10CFE00084013040D861C5F884014D0708D54FF061
:10CFF000E0205D69D0F8881129401962C0F88811D5
:10D0000062B61B68D9688A4207D0804D80491D608E
:10D0100042F08040DA6018611960626C616D1368DB
:10D0200023EA0103136004227A492046FFF74AFEEF
:10D03000618901392046C9B2FFF784FD764904228F
:10D040002046FFF73FFE94F93130012B0CBF102131
:10D0500014212046FFF776FD704904222046FFF791
:10D0600031FEA3686E4A8F21934284F8601008D085
:10D0700002F50012934200F0BD806A4A934200F02C
:10D08000D9800225DA212046FFF75CFD294620469B
:10D09000FFF758FD81212046FFF754FD94F86010FA
:10D0A0002046FFF74FFDD9212046FFF74BFD94F9AD
:10D0B0003130012B0CBF2221F1212046FFF742FD28
:10D0C000204659490622FFF7FDFDA06A002850D0EE
:10D0D000E16DFEF713FA012005B0BDE8F083B4F965
:10D0E00008104038C0F3C033523903FA80F04FF0D3
:10D0F000400C52234FF0010E01EBD1718DE8085026
:10D1000042104A4B204641F34F0100F041FCA06A17
:10D1100084F8317000287FF417AF94F83500444F3D
:10D12000012102F0C7F894F83600012102F0C2F89C
:10D1300094F93530606A57F83330236494F9363007
:10D14000012557F83330256565651A6863642A43FD
:10D150001A6000287DD0B8F1000F75D1002E7FF441
:10D1600005AFA06A00283FF422AFA16DFEF7C6F913
:10D1700059E7626C606D1368616A03431360B1B173
:10D18000CB7AA3B1D80704D54FF0E0228869C2F862
:10D1900000019A0704D54FF0E022C869C2F80401E3
:10D1A0005B0704D54FF0E0230A6AC3F80821012089
:10D1B00005B0BDE8F0836DB284F83050B8F1000FCF
:10D1C0003FF4D1AEFEF752F9002ECAD0CEE613F1ED
:10D1D000070948BF03F10E09B4F908304FEAE9091D
:10D1E00003FB09F9484604F035FFE06200287FF4AC
:10D1F00085AE71E794F93130012B0CBF9F23CF230B
:10D20000122584F860303DE7C05C010001403F001A
:10D2100000003F80085F01000C5F0100105F01000B
:10D220008000200060001000145F0100005A01001F
:10D23000B065010094F93130012B0CBF1023AF23EE
:10D24000022584F860301DE7FFF730FA002E88D001
:10D250008CE694F83300294602F02CF894F8340058
:10D26000294602F027F894F9333057F83330A36396
:10D2700094F93430A56457F83330E5641A68E363F1
:10D2800022F001021A60002E3FF46BAF6EE600BF81
:10D29000B0F90A20D31D48BF02F10E03B0F90820EF
:10D2A000C06ADB1003FB02F2002105F019BC00BFCD
:10D2B0002DE9F8430446806A002861D0A16DFEF78D
:10D2C0001DF905227D492046FFF7FCFC2189013923
:10D2D0002046C9B2FFF736FCB4F90A20B4F808C0FA
:10D2E000E56AD31D48BF02F10E03DB10A26A1CFBE6
:10D2F00003FC1FFA8CF8002A7FD094F83030012606
:10D300005B0082F8633082F8AE6082F8AD60A06A9C
:10D31000036840211B689847B8F1000F23D005EB44
:10D320000807B046A06A15F8011B03681B689847F8
:10D330000136BD42B6B216D0482EF3D10121A06A03
:10D34000FEF702FA94F83020A36A520083F86320B3
:10D3500083F8AE8083F8AD80A06A036840211B6823
:10D3600098470126DEE7A06A0121FEF7EDF9A06AE1
:10D37000002800F0A080E16DBDE8F843FEF7BEB8DC
:10D38000636A002B32D0D97A626E19B372B6D97A39
:10D39000CE0708D54FF0E025DE68D5F88001304093
:10D3A0009861C5F880018D0708D54FF0E0251E690A
:10D3B000D5F884013040D861C5F88401480708D504
:10D3C0004FF0E0205D69D0F8881129401962C0F85B
:10D3D000881162B61B68D9688A4207D0384D39492E
:10D3E0001D6042F08040DA6018611960626C616D06
:10D3F000136823EA0103136063E7226C216D13684D
:10D40000676A0B431360B8F1000F10D005EB080CEE
:10D410004FF0004E15F8016B47B33A68C2F82CE0A4
:10D420005663D36A002BFCDA936B6545F2D1626CCC
:10D43000616D13680B431360B7B1FB7AA3B1D907D1
:10D4400004D54FF0E022B969C2F800119A0704D55B
:10D450004FF0E022F969C2F804115B0704D54FF0E0
:10D46000E0233A6AC3F80821BDE8F883E36BA06BB8
:10D4700008218022D0F80080D4F84890164214BFCA
:10D4800048EA090828EA0908C0F80080D3F80080B3
:10D49000D4F84C9048EA0908C3F80080D3F800801B
:10D4A000D4F84C90013928EA09084FEA5202C3F82F
:10D4B0000080DFD1B9E7676AB9E700BF1C5F0100F0
:10D4C00001403F0000003F80704700BF10B4046877
:10D4D0002469A44610BC604730B40468BDF8085005
:10D4E0000295A46BA44630BC604700BF30B404680A
:10D4F000BDF808500295E46BA44630BC604700BFFD
:10D5000030B4BDF9085002950468BDF80C5003957D
:10D51000246CA44630BC604710B582B0B0F90E2030
:10D520000468019100920022246CB0F90C3011467D
:10D53000A04702B010BD00BF704700BF01F0030359
:10D540008376CB0759BF0289B0F90A304289B0F916
:10D5500008308281C38170472DE9F0411C460B469B
:10D560000168124E4F6984B0B742BDF82880054665
:10D5700010D1013C144424B2CDF8048000948C6A8C
:10D5800028461946A0472B68DB6AB34209D104B08C
:10D59000BDE8F08103920293B8472968039A029B81
:10D5A000E7E7284604B0BDE8F0411847C9D40000B9
:10D5B0002DE9F0410668124F1C46736984B0BB42E6
:10D5C000BDF8288005460FD1631ECDF804800B44BA
:10D5D00000921BB2B46A2846A0472B68DB6ABB42A4
:10D5E00009D104B0BDE8F0810392029198472E68FA
:10D5F000039A0299E8E7284604B0BDE8F0411847CD
:10D60000C9D400002DE9F04387B09942BDF93840F4
:10D61000BDF83C60054622D0A24212D00768DFF870
:10D620008480D7F81490C14533D1CDE9004628460F
:10D63000BC6AA0472B68DB6A434525D107B0BDE82B
:10D64000F08399421CDC0E962C680133E46B5B1A64
:10D650001BB22846A44607B0BDE8F0436047A2428B
:10D6600002DD134622461C460E96631C2C68A46BF2
:10D670009B1A1BB22846A44607B0BDE8F04360479A
:10D68000084619460346DEE7284607B0BDE8F043E2
:10D690001847059304920391C84703A90EC92F6840
:10D6A000C3E700BFC9D400002DE9F04FD0F800C097
:10D6B00090461F461F4ADCF8143083B09342BDF9F0
:10D6C0003090BDF834A005460C4629D12744A74226
:10D6D0001EDDDFF864B00AE0CDF800A00134DCF80C
:10D6E000386024B2B047BC42D5F800C010DADCF88C
:10D6F00020605E454B46424621462846ECD0013428
:10D70000CDF800A024B2B047BC42D5F800C0EEDB93
:10D71000DCF82C30074A934206D103B0BDE8F08F05
:10D720009847D5F800C0D1E7284603B0BDE8F04FD0
:10D73000184700BFC9D40000D9D400002DE9F04F2C
:10D740001D460368894616462C495A6983B08A42A9
:10D75000BDF93080BDF83470044641D1D3F824B00F
:10D76000DFF89CA00097D34508BFD3F83CB0324601
:10D770002B4649462046D8472368D3F824B0009763
:10D7800008F1FF323244D34512B231D1D3F83CA074
:10D7900049462B462046D0472368DFF868A0D3F8D7
:10D7A00020B00097D34508BFD3F838B0324643467F
:10D7B00049462046D847013D23684D4429B21D6A99
:10D7C0000097554508BF9D6B324643462046A84703
:10D7D00023680A4ADB6A934205D103B0BDE8F08FA3
:10D7E00090472368BAE7204603B0BDE8F04F1847DA
:10D7F0002B4649462046D847CEE700BFC9D4000093
:10D80000EDD40000D9D400002DE9F04F85B01F46BB
:10D81000BDF938C0BDF83C80A7EB010AACEB0203B0
:10D82000BAF1000F814683EAE370A0EBE370B8BF62
:10D83000CAF1000A50450D46164600905ADD394699
:10D840002C462A463B463546674626468C46BD4210
:10D8500008DD9646344629461A4666463D467346D6
:10D86000A4460F469B1A7A1B002BC2F3C03404FA5D
:10D8700082F4B8BF5B4292B2B44502924FEA6404AC
:10D8800030DD012203929BB2CB460193B94618E0EA
:10D890008769DFF86CC06745314628D1076958466B
:10D8A000B847019BE31A1CB20135002C2DB29BB284
:10D8B00005DA029A13441CB2039B1E4436B2A945F2
:10D8C00012DB009BDBF8000053452A4643462946FD
:10D8D000DEDC8769DFF828C067453246DED058466F
:10D8E000B847DEE7BD4207DD05B0BDE8F08F58461A
:10D8F000B847D6E76346AAE74FF0FF320392C2E784
:10D90000CDD400004281C281084A018110B40024B4
:10D91000818182614FF0FF31054A446004610477E0
:10D920000462416110BC0260704700BF0101000148
:10D930002C6401002DE9F04F85B00446BDF8446029
:10D94000BDF938A00196CDF800A00568BDF940905A
:10D95000D5F848B00392BDF93C800D461F46D84724
:10D960000196CDF8009023685246394620469F6CB8
:10D970004346B847039B0E930F962B4625682046D7
:10D98000AC6C4A464146A44605B0BDE8F04F60473E
:10D990002DE9F04F87B08246BDF940600593F31D35
:10D9A00048BF06F10E030068BDF94440BDF848B019
:10D9B000DB1017460393304A43699342884651D19E
:10D9C000002C48DD3C44A3B20493002302931D467F
:10D9D0005B468446D3469A46002E30DD059A02996E
:10D9E0000A44D9460023D3460192BA4613F0070FE2
:10D9F00008BF019A9CB24FEAE3034FEA45050CBF0A
:10DA0000D55CEDB204EB080115F0800F09B20FD020
:10DA1000DCF81870194A974208BFDCF810705B46B2
:10DA200052461CBF5B4652464846B847D9F800C02C
:10DA3000013423B2B342D9D15746DA46CB46029BD2
:10DA4000039A01371344049A0293BBB29A423FB23D
:10DA5000C2D16046DA46C36A074A934207D107B08B
:10DA6000BDE8F08F50469847DAF80000A8E7504626
:10DA700007B0BDE8F04F1847C9D40000CDD400006E
:10DA80002DE9F04F93B083461C46BDF874300593E2
:10DA900092469DF87830DBF82020BDF870000493A2
:10DAA0009DF87C30069007910393002A00F0AD802A
:10DAB000137A516812680592E31ADBB201EBC302D4
:10DAC00031F833700399049B92F8028092F9064072
:10DAD0000B43D1780C91012B92F90510109140F273
:10DAE00090800BB2089323B20D93904BDBF800208B
:10DAF0001193194653698B4240F072810C9B002BA5
:10DB000074D01FFA8AF30E9323440F93DDF810901C
:10DB100000230A931D4609935846B8F1000F5DD0C3
:10DB20000D9B0999039C0A9E03EB010A0E9B0AFBBD
:10DB3000043A0F9B0B441BB20FFA8AFA0B93002492
:10DB400005E00134E4B26D00A045EDB242D93346A0
:10DB5000590706F10106F6B203D105997B1CCD5D8C
:10DB60009FB22B06EDD5B9F1010F1DD0089BD2F85D
:10DB70001CB0DFF8BCE1BDF90CC0CDF800C019192C
:10DB8000079BF34501FB093109B20FFA89F335D13F
:10DB9000DDF818C0CDF804C0D2F840B00490524669
:10DBA000D84704980268CCE7039B012BDED1109B79
:10DBB0000799D2F818B0049059185E4B21449B4540
:10DBC00008BFD2F810B0069B0B9A09B2D847049848
:10DBD0000268B6E70A9B4344DBB20A93099B0C999F
:10DBE0000133DBB29942099397D88346D36A119ADD
:10DBF000934240F0D78013B0BDE8F08F069A0192AF
:10DC0000CCE700230D9308936FE7BBF90C308B42F0
:10DC10000A46F0DDBBF90E305345ECDD04990623CE
:10DC200013FB0123002BE6DD039B0AEBC303002B50
:10DC3000E1DD9BF81C30002B00F0D7803B4ADBF87D
:10DC40000030119211465A698A4240F0D3803A4A14
:10DC5000BDF81C10039F0D9104EB840422440A922A
:10DC60004A1D92B20B92BDF810200C9209910891B6
:10DC7000D846CDF81CA00A9ABDF910A012F8016B85
:10DC8000BDF920B00A92C14608240025D04620E004
:10DC9000049A012A36D0D3F81CA0079A244805FB21
:10DCA000072239B2824512B2009140F09480069961
:10DCB0000191D3F840A0434659464846D047D9F889
:10DCC0000030013C013514F0FF046DB24FEA5606F6
:10DCD00034D0F007DCD4069A05998A42F1D0049A30
:10DCE000012A64D0D3F81CA0079A114805FB07222B
:10DCF00039B2824512B2009170D105990191D3F8E1
:10DD000040A0D8E7012FC6D1D3F818A0079A094838
:10DD1000BDF9241082452A4408BFD3F810A0069B01
:10DD200012B24846D047D9F80030CAE7C9D400003B
:10DD300001D50000CDD40000245F0100089A0C98A2
:10DD40000999024492B2013108920B9A89B28A422F
:10DD5000C84609918FD105A991E806048A42CB46AD
:10DD60001BD0049A012A4AD00C9A0D99DC69314ED5
:10DD7000039802EB82021144B442BDF9102009B2AB
:10DD80004FEAC0054ED10598019000951C6C1346D2
:10DD900058465246A047DBF80030DB6A119A93429E
:10DDA0003FF429AF584613B0BDE8F04F1847012F94
:10DDB00098D1D3F818A0079A1F48BDF924108245BE
:10DDC0002A4408BFD3F810A0059B12B24846D0479A
:10DDD000D9F8003075E7069B01936CE7059BFBE7DC
:10DDE00058469847DBF8002088E6AF2C84BF631CB8
:10DDF000DCB223E758469047DBF8003027E7039A68
:10DE0000012AB1D11C6A0D4ABDF92C1094420DD1E2
:10DE1000059A00929C6B082352465846A047DBF8AF
:10DE20000030BAE7059B01930095B0E7059B00938E
:10DE3000F1E700BF01D50000CDD40000D9D4000027
:10DE400070B5026A84B004460B46002A36D00A290F
:10DE500029D00D292FD0117A8B422CD3907A984259
:10DE600029D35568591AC9B205EBC105A97899B1EA
:10DE7000E87888B1E07E00285FD1267E607EB4F924
:10DE80001010B4F9122003900296E08A0190A08A43
:10DE900000902046FFF7F4FD2979238A227E01FBBA
:10DEA0000233238207E000230382127B438A417EF0
:10DEB00001FB02334382012004B070BD0A291CD04B
:10DEC0000D29F8D0C17E09BBB0F91010B0F91220AD
:10DED000657E007E03950290E08A0190A08A009002
:10DEE0002046FFF7CDFD237E228A03EB430302EB9E
:10DEF00043030120238204B070BD438A417E028225
:10DF000003EBC1034382012004B070BDB0F91010CF
:10DF1000007EB4F90CC0062515FB0015654508DD2B
:10DF2000657E22821146628A02EBC50212B26282CB
:10DF3000D0E7B4F91220657ECCE795F90500267E7E
:10DF4000B4F90CC00844B4F9101006FB0010604589
:10DF500003DC607EB4F9122095E70021218292F85B
:10DF60000CC0607E628A0CFB002212B262828AE7D9
:10DF7000012938BF012101764176704770B5EFF372
:10DF8000108272B60C4C206880B10C4E002543699B
:10DF9000236073B19D6102B962B683684577984783
:10DFA000EFF3108272B620680028F0D102B962B691
:10DFB00070BD3360EFE700BF849DFF1F809DFF1F92
:10DFC000FFF7DCBF024A136801331360704700BFDC
:10DFD000F89DFF1F4B0803F1376303F5D83310B5E5
:10DFE0000446B3FBF1F001F00DFA044B1B7803B1CA
:10DFF00010BD2046BDE8104003F032BB2D93FF1F3B
:10E0000008B5084601F0FCFB012008BD08B508462C
:10E0100001F0F6FB012008BD38B508460D4604F0B6
:10E020006FFE04460146284601F066FC204638BDD6
:10E0300010B508461446114601F05EFC204610BD9E
:10E040000846114601F086BE0846114601F066BE3C
:10E0500001F07EBD08B5084601F0B2FB003818BFDC
:10E06000012008BD08B5084601F088FB003818BF3C
:10E07000012008BD0846114601F014BB084601F016
:10E080004FBB00BF084601F0F1BA00BF01F086BAED
:10E0900010B54B0803F13763144603F5D833B3FBCF
:10E0A000F1F001F0AFF92046BDE8104001F018BAD8
:10E0B00001F028BD01F0E0BC01F0CABC01F0A4BC35
:10E0C00001F0AEBC0368064A1B68934205D110B547
:10E0D000C8B201F095FB012010BDC9B2184700BFBE
:10E0E0000DE000000368064A1B68934205D110B595
:10E0F000C8B201F085FB012010BDC9B2184700BFAE
:10E100000DE000000368064A1B68934205D110B574
:10E11000C8B201F075FB012010BDC9B2184700BF9D
:10E120000DE000000368064A1B68934205D110B554
:10E13000C8B201F065FB012010BDC9B2184700BF8D
:10E140000DE000004B0803F1B76303F5584310B529
:10E150000446B3FBF1F001F083FE044B1B7803B1DE
:10E1600010BD2046BDE8104003F07ABA2E93FF1F81
:10E1700008B5084601F0E0FF012008BD08B50846D3
:10E1800001F0DAFF012008BD38B508460D4604F05D
:10E19000B7FD04460146284601F0D8FF204638BDA9
:10E1A00010B508461446114601F0D0FF204610BDB8
:10E1B0000846114602F044B90846114602F024B957
:10E1C00002F07CB808B5084601F096FF003818BF89
:10E1D000012008BD08B5084601F06CFF003818BFE3
:10E1E000012008BD0846114601F036BF084601F07F
:10E1F0005FBF00BF084601F013BF00BF01F0DABEE9
:10E2000010B54B0803F1B763144603F55843B3FB4D
:10E21000F1F001F025FE2046BDE8104001F06CBE93
:10E2200002F026B801F0DEBF01F0C8BF01F0A2BFC6
:10E2300001F0ACBF0368064A1B68934205D110B5D4
:10E24000C8B201F079FF012010BDC9B2184700BF64
:10E250007DE100000368064A1B68934205D110B5B2
:10E26000C8B201F069FF012010BDC9B2184700BF54
:10E270007DE100000368064A1B68934205D110B592
:10E28000C8B201F059FF012010BDC9B2184700BF44
:10E290007DE100000368064A1B68934205D110B572
:10E2A000C8B201F049FF012010BDC9B2184700BF34
:10E2B0007DE10000704700BF704700BF704700BF9E
:10E2C000704700BF704700BF38B5064CA4F1600529
:10E2D00054F8083C2046DB68183C9847AC42F7D11C
:10E2E00038BD00BFE09DFF1F2DE9F043036887B0F4
:10E2F00004469046002B3ED000229A600122DA604C
:10E30000294DDFF8A8901D442D1151F8083B0093CA
:10E3100005EB4506F60002A85B68984706F108077A
:10E3200059F806304F443846DB689847009B204A2E
:10E33000009202A949F8063038469B689847009B2E
:10E3400002A8DB68984723681A49C3F800800322B3
:10E350009A6005F14402531103F13823207968547F
:10E36000403301209B0002F01F0200FA02F21A6003
:10E3700007B0BDE8F083104AD36B43F40003D363C6
:10E3800000BF0E4B01221A6003F580730C4A036034
:10E3900098680028B4D0103393422360F8D100204D
:10E3A000206007B0BDE8F083008FFCBF909DFF1F89
:10E3B0005065010044E400E0008004400070034028
:10E3C000407103400368002B3DD02DE9F0471E4CFF
:10E3D000DFF878901E4A1C44241104F1440673119E
:10E3E00004EB4404E40003F1382386B060339F005B
:10E3F0004FF0010A59F80430009204F1080806F0C1
:10E400001F06144A02920AFA06F6C8440546DB685B
:10E410003E6040469847009B0F4A009249F80430FE
:10E42000404602A99B689847009B02A8DB68984772
:10E430002A6800239360C2F80CA0C7F800612B6023
:10E4400006B0BDE8F0877047008FFCBF909DFF1FAE
:10E4500058310100B5E20000506501000448054A4A
:10E4600050F8083B01211B68C2F80C11184700BF87
:10E47000909DFF1F007003400448054A83690121F5
:10E480001B68C2F81C112030184700BF909DFF1F69
:10E49000007003400448054A036B01211B68C2F861
:10E4A0002C113830184700BF909DFF1F00700340AB
:10E4B0000448054A836C01211B68C2F83C115030A6
:10E4C000184700BF909DFF1F00700340084B09488C
:10E4D000094A0A4910B40A4C1C6098609C61186291
:10E4E0001C6398639C64186510BC002003F092BA0A
:10E4F000909DFF1FB5E20000348DFF1FC9E20000B0
:10E5000058310100F8B50C4671B182B106468F183A
:10E510000025336814F8011B1B6830469847BC423D
:10E520000544F6D12846F8BD0D462846F8BD1546E7
:10E53000F8E700BF70B5012A8AB008BF0A22A1B36C
:10E540004FF0210E02E05FFA86FE2946B1FBF2F59C
:10E5500002FB15145FFA84FC092C0CF1300498BFFF
:10E560005FFA84FC0EF1280488BF0CF1370C6C4470
:10E5700088BF5FFA8CFC91420EF1FF3604F824CC80
:10E58000E1D24BB10EF1FF3E5FFA8EFE0EF1280391
:10E590006B442D2203F8242C036801A95B68CEF19B
:10E5A0002202714498470AB070BD30228DF82520B0
:10E5B0004FF0210EE5E700BF0029BABF49422D23E5
:10E5C00000230A22FFF7B6BF00B5036883B040F608
:10E5D0000D22ADF804205B68022201A9984703B020
:10E5E0005DF804FB38B52A4C2A4D01E002F0C0FF6B
:10E5F000636A1B06FAD46B6A13F08003F6D172B615
:10E6000025490A78002A40D0A26BE06B0244206CB6
:10E610000244606C0244A06C0244E06C0244C2F309
:10E620004E0242F40042E262A26DE06D0244206EAE
:10E630000244606E0244A06E0244E06E0244C2F3E3
:10E640004E0242F400422263AA6BE86B0244286C3B
:10E650000244686C0244A86C0244E86C0244C2F3B1
:10E660004E0242F40042EA62AA6DE86D0244286E4E
:10E670000244686E0244A86E0244E86E0244C2F38B
:10E680004E0242F400422A630B7062B638BD00BFEE
:10E6900000B0034000B00B40F49DFF1F2A4B2B4AF3
:10E6A0006020E1211870597013782948082B34D064
:10E6B0000A2B20D00C2B274B0CBF35213D211222D9
:10E6C0008160C2609960DA60234B21491B78214A3E
:10E6D000CBB101230B621362204B1D491B781D4AED
:10E6E000012B13D9042B1BD884234B6253621C4B80
:10E6F00001221A707047174B392113228160C260C2
:10E700009960DA60E0E70B621362E5E780234B6211
:10E710005362134B01221A7070470E4B0121ECE734
:10E72000082B06D885234B6253620D4B01221A70C9
:10E730007047102B94BF862387234B625362084B8C
:10E7400001221A70704700BF004007401892FF1F57
:10E7500000B0034000B00B40F29DFF1F1992FF1F55
:10E76000F49DFF1F0C2810B417D91023984228BF1E
:10E7700018461946104A114C181A20701078884211
:10E7800015D00F4913700B7823B10E490E4A0023A0
:10E790004B62536210BCFFF781BF0A2802D90C23D9
:10E7A0001946E7E7082804D90A231946E2E710BC0E
:10E7B000704708231946DDE71892FF1FF39DFF1FDE
:10E7C000F49DFF1F00B0034000B00B40282829D85B
:10E7D000304B2DE9F0411E5CFF2E53D02E4B1B78A1
:10E7E00013BB340624D472B62C4C2D4D01272E6059
:10E7F000277062B672B62B68180609D42378002BEE
:10E80000F5D062B602F0B4FE72B62B681906F5D5E3
:10E81000234A00231069237062B6224B1B781841EB
:10E82000BDE8F08100207047FFF7DCFE3406DAD542
:10E8300072B61D4D1D4C06F04008012706F03F063C
:10E84000E368B8F1000F20D023F01003E3602660E6
:10E850002F7062B672B623681A0609D42B78002B83
:10E86000EED062B602F084FE72B623681B06F5D5C0
:10E870000E4A002310692B7062B60A4B1B781841B0
:10E88000BDE8F0810020BDE8F08143F01003E360B3
:10E89000DDE700BF60650100F49DFF1FF09DFF1FD5
:10E8A00000B00340F39DFF1FF19DFF1F00B00B4020
:10E8B0000B4A0C49D36A43F48053D3620B784BB1B3
:10E8C000094B802283F82120074B80F30C0000B213
:10E8D00018807047044BC02283F82120F4E700BF62
:10E8E00000800440F29DFF1F00C00C4010B5174B84
:10E8F0000FCB84B0EC468CE80F00154B5A7891078B
:10E9000017D51A78124C12F0700218BF1A708021B5
:10E910000023E171332223710323E272A37272B6E2
:10E920004CF001032046984762B6237813F0700339
:10E9300009D1084B064901E0013B02D04A78D207D1
:10E94000FAD504B010BD237004B010BD8C65010071
:10E9500000000240410D0300B0F5006F11D210B568
:10E96000094B5B78DB07044604D504F1A0542078FA
:10E97000C0B210BD04F1A054FFF7B8FF2078C0B2B8
:10E9800010BD0020704700BF00000240B0F5006FCE
:10E990001FD238B50F4B5B78DA0704460D4610D509
:10E9A00004F1A0542378AB420AD00A4A137813F03A
:10E9B000700318BF1370074A25705378DB07FCD526
:10E9C00038BD04F1A054FFF791FF2378AB42ECD19E
:10E9D000F6E770470000024008B5F3F71FFFF5F7B0
:10E9E00009F902F0C5FDFAE701B441EA000313F0AA
:10E9F00003036FD1403A41D351F8043B40F8043B44
:10EA000051F8043B40F8043B51F8043B40F8043B08
:10EA100051F8043B40F8043B51F8043B40F8043BF8
:10EA200051F8043B40F8043B51F8043B40F8043BE8
:10EA300051F8043B40F8043B51F8043B40F8043BD8
:10EA400051F8043B40F8043B51F8043B40F8043BC8
:10EA500051F8043B40F8043B51F8043B40F8043BB8
:10EA600051F8043B40F8043B51F8043B40F8043BA8
:10EA700051F8043B40F8043B403ABDD2303211D348
:10EA800051F8043B40F8043B51F8043B40F8043B88
:10EA900051F8043B40F8043B51F8043B40F8043B78
:10EAA000103AEDD20C3205D351F8043B40F8043B48
:10EAB000043AF9D204320AD0D2071CBF11F8013B44
:10EAC00000F8013B03D30B7803704B78437001BC13
:10EAD000704700BF0C2A4AD310F0030311D0C3F1D2
:10EAE0000403D21ADB071CBF11F8013B00F8013BFD
:10EAF00007D311F8013B00F8013B11F8013B00F886
:10EB0000013B11F003033FF475AF30B4043AC91A66
:10EB1000C3F1040C51F8044B022B19D0032B0BD07A
:10EB2000240A51F8043B1D0644EA050440F8044B4E
:10EB30001C46043AF4D216E0240E51F8043B1D02A0
:10EB400044EA050440F8044B1C46043AF4D20AE0B7
:10EB5000240C51F8043B1D0444EA050440F8044B1E
:10EB60001C46043AF4D20432B1EB0C0130BC043A36
:10EB7000A0D3013A11F8013B00F8013BF9D20B7820
:10EB800003704B7843708B78837001BC704700BF73
:10EB900008B50F4C636B58030DD4636B59050FD444
:10EBA000636B1A0511D4636BDB04F3D501F098FB9A
:10EBB000636B5803F1D501F051FD636B5905EFD537
:10EBC00000F008F8636B1A05EDD500F0E5FFEAE701
:10EBD0000080044008B5FFF7DBFF00BF014B1022A7
:10EBE0001A80704700200540704700BF094A08B5E9
:10EBF0000346106833B169460344A1F580518B4246
:10EC000001D2136008BD04F047F80C2303604FF0F5
:10EC1000FF3008BD1C92FF1FFEE700BFEFF3138318
:10EC2000CBB9EFF31080A0B9EFF3058343B94FF4EC
:10EC30008070EFF311835BB1984228BF184670478C
:10EC40000F2BF6D9054AD05CEFF31183002BF3D1DB
:10EC50007047184670474FF0FF307047F0E300E010
:10EC600003F0F8B903F0FEB901F1FF3C70B5654659
:10EC7000002401E070460134B0FBF2FE02FB1E03EB
:10EC8000092B03F130068ABF3733F3B2DBB290426F
:10EC900005F8013FEED2631C0022CA54C8187CB1AB
:10ECA00062461CF8015F10F801ED8CF800E0A1EB62
:10ECB0000C030232013B521A23449A420570EFDBE7
:10ECC000084670BD704700BF10B40F4B53F830209A
:10ECD00092F880422CB1012391B182F8803010BCAF
:10ECE000704703EBC0035B681A6821B922F0020287
:10ECF00010BC1A60704742F0030210BC1A607047E3
:10ED000082F8003110BC7047B0650100212835D869
:10ED1000042A33D830B42A4B2A4D53F8223005EB5D
:10ED2000C0021B045468226812F4E06239D0264AFB
:10ED30002648C2F89C012648C2F8A0012548C2F81E
:10ED4000A4012548C2F8A8012448C2F8AC0104F186
:10ED50004042A2F592207C2811D8214872B6226840
:10ED600022F4702222601343C4F3840243F08073C0
:10ED700040F82210236062B630BC70477047A2F59D
:10ED800094207C2815D9A2F596207C2813D9A2F5C9
:10ED900098207C2811D9A2F59A227C2AECD8114817
:10EDA000DCE755F8300080F880224FF48072226052
:10EDB000BDE70D48D2E70D48D0E70D48CEE700BFCC
:10EDC0009C650100B06501000082FF1F018DFF1FDF
:10EDD000CD8CFF1F998CFF1F658CFF1F318CFF1F8F
:10EDE0002492FF1FFC92FF1F5C92FF1FAC92FF1F3B
:10EDF000DC92FF1F1A4B03EBC0035A6802F1404339
:10EE0000A3F592217C2905D9A3F594217C2914D856
:10EE1000144900E0144910B472B61368134C23F07F
:10EE20008773C2F3840023F4803343F0807313604C
:10EE300041F8204062B610BC7047A3F596217C29AA
:10EE400009D9A3F598217C2907D9A3F59A237C2B0E
:10EE500005D80749DFE70749DDE70749DBE77047E2
:10EE6000B06501005C92FF1F2492FF1FC5EC0000FB
:10EE7000FC92FF1FAC92FF1FDC92FF1F034B00228E
:10EE800010215A615A6018605961704700D00340E0
:10EE9000704700BFF0B54FF0E0244FF400054FF08D
:10EEA000807CC4F80851C4F808C14FF0007CC4F855
:10EEB00008C11D4A1D481E494FF0806CC4F808C1A6
:10EEC000282300274BF6FF7609254FF0006CC4F885
:10EED00008C183B057609660D3605361D3615362B9
:10EEE000D3625363D3635364156047608660C36025
:10EEF000436105604F608E60CB604B610D60FFF732
:10EF0000CDFBFFF7C5FF0B4C23680093009B132B31
:10EF1000FAD901F05FFF23680193019BB3F5967F57
:10EF2000F9D303B0F0BD00BF008003400090034060
:10EF300000800B40F89DFF1F28287F4B36D000290A
:10EF40001B783FDD012202FA03FC614510B554D263
:10EF5000C21E012A70D9202867D0192865D0774AA7
:10EF6000926802FB011222FA03F3421F1B2A7DD88A
:10EF7000DFE812F0C600BF007C007C00B800B100E2
:10EF80007C007C007C007C007C007C007C007C00A1
:10EF90007C00AA00A3009C0095007C00CD007C00B2
:10EFA0007C007C007C007C007C00D40018780B285E
:10EFB00095BFC0F10C000C3801FA00F041FA00F0E6
:10EFC000FFF776BC212817D85D4B53F8302092F814
:10EFD000801203EBC00300293CD001215B6882F85A
:10EFE000001101204FF4A27182F8800219601A68A2
:10EFF00022F020021A6070477047212814D8504B25
:10F0000053F8301091F8804203EBC00344B35B68BF
:10F0100081F880204FF4A272012081F880021A60EA
:10F020001A6822F020021A6010BD464A926802FB5C
:10F03000011222FA03F398E7434CA268042802FB6A
:10F04000011222FA03F270D1404BA2614FF45171C8
:10F05000596310BD5B68196821F002011960C0E7AF
:10F060005B681A6842F003021A60D3E72128DBD8F4
:10F070007F29D4BF00210121FFF726FE304B03EB8F
:10F08000C00253F83010536801244FF4A27281F883
:10F0900080421A601A6822F020021A6010BD2748C8
:10F0A0002B4A836140F24441916010BD2348284AB5
:10F0B000036140F24441516010BD2048254A036479
:10F0C00040F24441916110BD1C48224A836340F2E2
:10F0D0004441516110BD19481D4A836240F24441C8
:10F0E000116110BD15481A4A036240F24441D160D3
:10F0F00010BD1248174A036340F24441116110BD2C
:10F100000E48144A836440F24441D16110BD0D4859
:10F11000114A83614FF45171D16410BD09480E4A00
:10F1200003614FF45171916410BD084B22614FF49B
:10F130005171196310BD00BF2092FF1F0080034072
:10F14000B065010000800B40009003400090044037
:10F1500000B0044000C0044000A004400346102B4F
:10F1600028BF1023034A012B38BF012310781370E6
:10F17000704700BF2092FF1F2DE9F0470E468046E2
:10F180002C49304602F0F8FE2B4B002847F6122798
:10F1900012BF4FF0020A4FF0010A1F4600244FF041
:10F1A0005E5927FA04F002F0F1FC4946054602F0E8
:10F1B00045FD0146304602F0F3FE30B90134072C1C
:10F1C000EFD1F80902F0E2FC05463146284602F08C
:10F1D000E9FD4FF07C5102F027FC02F01BFF4FF6D7
:10F1E000FF73984228BF1846A8F10303012B11D9D9
:10F1F000A8F105085FFA88F8B8F11B0F08D80F4A84
:10F20000012303FA08F31A4010D113F0016F0BD158
:10F21000BDE8F0870A4B002244EACA041A605A602B
:10F2200098601C60BDE8F087064BF5E7064B0022AE
:10F23000F2E700BF001BB740006CDC023380070020
:10F240000090034000800B4000800340212816D826
:10F2500010B4104B53F8302092F880422CB10123A7
:10F2600071B982F8003110BC704703EBC0035B68D2
:10F270001A6849B142F0030210BC1A607047704727
:10F2800082F8803010BC704722F0020210BC1A6075
:10F29000704700BFB0650100212806D8044B53F821
:10F2A000303093F80002C0B270470020704700BFB2
:10F2B000B0650100212820D81B4A02EBC0030129B8
:10F2C0005B680FD004291DD052F83000002280F86E
:10F2D000802299B1022922D003290DD14FF48172E5
:10F2E0001A60704752F830004FF4A27280F8801212
:10F2F0001A601A6822F020021A6070474FF4807278
:10F300001A60704752F830104FF4A272012081F851
:10F3100080021A601A6842F020021A60704740F2B8
:10F3200003121A60704700BFB065010072B60D4944
:10F330004FF0E02293690868D2F8042D62B65201BA
:10F3400002D5322B88BF0130074AC3F5BB334FF4D7
:10F350007A71FF33A2FB032301FB00F000EB931053
:10F36000704700BFF89DFF1FABAAAAAA2DE9F8437A
:10F37000044672B6204F4FF0E02293693D68D2F800
:10F38000042D62B6520102D5322B88BF01350CB96B
:10F39000BDE8F883DFF86490DFF86480A9EB03032D
:10F3A000A8FB03234FF47A7202FB05F505EB9315D6
:10F3B0004FF0E02672B6B1693A68D6F804CD62B66D
:10F3C000A9EB0103A8FB03031CF0806FC5EB9313AB
:10F3D0004FF47A7002D0322988BF013200FB023329
:10F3E000B3F57A7F04D3013CD2D005F57A75E1E715
:10F3F00002F0BEF8DEE700BFF89DFF1FFF760100B8
:10F40000ABAAAAAA2A4A2B49536B70B443F40063EF
:10F41000294D5363294E2A4C327800232B700B70F0
:10F42000284923700B702849092A0B7033D01A2AF7
:10F4300003D1264B40F213325A60254B1B780A2B1E
:10F4400031D01F2B03D1214B4FF451721A60202869
:10F45000204B214C38BF2020C0F3443C83F800C02F
:10F46000C0F3471C00F01F0083F801C0042298720B
:10F4700002209A70D87488205A754FF0E0211874D1
:10F4800040223C20D87084F82F204FF4004370BCF9
:10F49000C1F804317047114B40F21332DA600C4B63
:10F4A0001B780A2BCDD10D4B4FF451721A61CEE768
:10F4B00000800440489EFF1F409EFF1F1093FF1FC7
:10F4C0007C9EFF1F849EFF1F509EFF1F00D00440A4
:10F4D0001893FF1F00B0064000E400E000B00440B5
:10F4E000294B29499B7800F0030203F0EC031343F6
:10F4F000420700F00F0248BF43F01003042A8B704C
:10F5000003D18B7943F040038B711F4B5A79C306AB
:10F5100002F0EF021C4B48BF42F010025A719A7978
:10F52000810602F0EF0211D542F0100281059A71B6
:10F530000FD59A78154942F0A0029A700978144BB9
:10F5400003EBC10340F246325B6814E09A71820516
:10F5500005D4104B104A1968914211D070479A781F
:10F560000A4942F0A0029A700978094B03EBC103E3
:10F5700040F247325B68074907481A6008607047E5
:10F5800000221A60704700BF00B006401893FF1FAA
:10F59000B06501004C9EFF1FD400D642294B5B6B27
:10F5A0001B054DD510B5284C237823B101F0E0FFA1
:10F5B0002378002BFAD1254A254B4FF0E0204FF459
:10F5C00000440021C0F88441D1701B78092B2CD055
:10F5D0001A2B1BD01F4B1B7803F07F030A2B1FD065
:10F5E0001F2B0ED01C4B194A1C4C1D48196892F851
:10F5F00004C0D27900232370037009B101230B707A
:10F6000010BD184B40F203121A60EBE7154B40F2A5
:10F6100003125A600F4B1B7803F07F030A2BDFD1D4
:10F62000114B40F203121A61DCE70F4B40F2031258
:10F63000DA60084B1B7803F07F030A2BD0D1EFE789
:10F64000704700BF00800440509EFF1F00B006407E
:10F650001093FF1F1893FF1FFC9DFF1F409EFF1F6D
:10F66000489EFF1F00D0044000B004400A4A38B54D
:10F670000546137803F0FF04002BFAD10121284638
:10F68000FFF718FE21462846FFF7E0FD034A044B2A
:10F6900052F835201A6038BD509EFF1FB06501003A
:10F6A0004C9EFF1F09B140F08000194A1378834235
:10F6B00017D010B4174C646B24050FD503F07F03EB
:10F6C0000A2B21D01F2B14D0002900F07F0314BF78
:10F6D000602144210A2B10D01F2B03D0107010BCC6
:10F6E000704770470C4B41F440711960107010BCAA
:10F6F0007047094B00241C60E6E7084B41F4407159
:10F700001961107010BC7047044B00241C61DBE7CA
:10F710001893FF1F0080044000D0044000B0044054
:10F72000124B1A7882420CD01149496B090507D552
:10F73000092A16D01A2A0AD009280DD01A2801D071
:10F74000187070470B4A40F213315160F8E7094ACC
:10F75000002109285160F1D1074A40F21331D160EC
:10F76000EEE7054A0021D160E6E700BF1093FF1FD6
:10F770000080044000D0044000B004400D4B5B6B9F
:10F7800013F4006313D0212803D90B4B0020186019
:10F7900070470A4B10B5084C53F8303023600121F4
:10F7A000FFF788FD236800221A70012010BD18465B
:10F7B000704700BF00800440FC9DFF1FB065010042
:10F7C0000C4B5B6B13F4006312D0172809D10A4B62
:10F7D0000A4A40F202319960537B0120034353737C
:10F7E0007047064A537B03F0FE03002053737047B3
:10F7F000184670470080044000B0044000B0064046
:10F800002DE9F84F334B5B6B1A053AD5324B1B6829
:10F8100006460BB101221A70DFF8C090DFF8C080F5
:10F8200099F80040D8F800302E4D0134A3422B78CF
:10F8300029D99C425FFA84FA14D12B4FDFF8ACB07F
:10F8400005E03B791B0623D42B78A3420AD1FFF7AE
:10F85000E5F94028F5DDFF28F6DD01F089FE2B787B
:10F86000A342F4D0272C29D9214B283C1B68F6B29F
:10F870001E55204A1C4B01211170BC2289F800A0A2
:10F88000DA70BDE8F88F03F0FF0AA3B95446D4E755
:10F890002B78D8F800105A1C9142DBB208D9272ADD
:10F8A00010D8D1B21BF80230DBB2FB712970CBE764
:10F8B00000210A46F6E74FF0000A54460B4BF6B219
:10F8C0001E55D6E7D1B20A4A273B1268D35CDBB299
:10F8D000EBE700BF008004404C9EFF1F7C9EFF1F93
:10F8E0001493FF1F849EFF1F00B00640549EFF1F0D
:10F8F000809EFF1F509EFF1F2DE9F84F394B5B6B19
:10F900001A053CD5384B1B680BB101221A704718F9
:10F91000B84231D2354EDFF8D880364CDFF8D89077
:10F9200000F1010A13E003F0FF0B53B34FF0000B9B
:10F930005D46324A1AF8013C53555246304901237C
:10F94000BA420B700AF1010A86F800B014D2357879
:10F95000D8F800300135AB422378E4D9AB425FFAE6
:10F9600085FB0FD0272DE4D9264B1AF8012C1B68F4
:10F97000283D5A555246E1E71F4BBC22DA70BDE8DC
:10F98000F88F5D466FF0430389F8033006E099F87D
:10F9900004301B060BD42378AB42E3D1FFF73EF9CA
:10F9A0004028F4DDFF28F6DD01F0E2FDF3E72378DF
:10F9B000D8F800105A1C9142DBB203D9272A0AD882
:10F9C000D1B201E000210A460C4B9B5CDBB289F806
:10F9D00007302170DFE7D1B20A4A273B1268D35CB7
:10F9E000DBB2F4E7008004404C9EFF1F7C9EFF1FAB
:10F9F0001493FF1F849EFF1F00B00640549EFF1FFC
:10FA0000509EFF1F809EFF1F10B5044C237823B12A
:10FA100001F0AEFD2378002BFAD110BD509EFF1FE0
:10FA2000084A094B11781A789142C8B2D3B202D26F
:10FA3000013B181A7047054A1268013A1344181A14
:10FA4000704700BF7C9EFF1F849EFF1F1493FF1F03
:10FA5000064A074B11781A789142D0B23CBF054A4A
:10FA60001268CBB238BF9B18181A7047409EFF1F10
:10FA7000489EFF1F0C93FF1F1B4B1C491A780B78E5
:10FA80009A422ED010B55FFA82FE194AD8B2126897
:10FA9000431C9A4219D93F2B1BD85FFA83FC1548A7
:10FAA000C05CC0B281F800C01349096861B19E45CD
:10FAB0003CBF7244D31A114A126828BFAEEB03034D
:10FAC0009A4201D300230B7010BD4FF0000C634627
:10FAD000E5E70B4C3F382468205C5FFA83FCC0B23A
:10FAE000E0E74FF0FF307047409EFF1F489EFF1F2A
:10FAF0000C93FF1F009EFF1FFC9DFF1F0893FF1F1D
:10FB0000449EFF1F0D4A0E4B11781B789942DAB2C2
:10FB100011D00C490968531C994207D93F2B06D9CB
:10FB2000094B3F3A1B68985CC0B270470023074AF4
:10FB3000D05CC0B270474FF0FF307047409EFF1F4F
:10FB4000489EFF1F0C93FF1F449EFF1F009EFF1F38
:10FB50000C4B5B6B1B0514D50B4B0C48DA78402122
:10FB600002F0CB02DA705974DA78094942F03402B3
:10FB7000DA70084A03781268DBB20B700AB100230E
:10FB8000137070470080044000B00640489EFF1F7D
:10FB9000409EFF1FFC9DFF1F2DE9F041504C237933
:10FBA00013F0300F47D072B6A37D03F0FF01002B96
:10FBB00058D062B6DFF82C814B4898F800304B4A99
:10FBC000057816684A4F5FFA83FC4A4BEDB2D3F8CA
:10FBD00000E008E01DB14FF0000C07F80C304A1EA1
:10FBE00012F0FF0112D0E3790CF101029642DBB270
:10FBF000F0D99542ACF13F00F1D03F2A6DD994463F
:10FC00004A1E12F0FF010EF80030ECD15FFA8CF3BF
:10FC100088F80030384B196869B1AC453CBF721B9D
:10FC200002EB0C03354A126828BFACEB05039A427D
:10FC30009CBF01230B702A48C3781E06DDB216D480
:10FC40006A060DD5264B1B795B0609D52C4B2D4931
:10FC50001B6800220A7003B11A70214B3C22DA7033
:10FC6000BDE8F0814023E279637462B6E3E703798B
:10FC70001C06E5D5244B254ADFF894E01C7816686D
:10FC80009EF80030234A244FD2F800C0E4B2DBB221
:10FC900007E003790023FA5CD2B2C271027D072A21
:10FCA00011D8A34203F101010ED08E42F1D92729C8
:10FCB0000279A3F1270301D80B46ECE71CF80320D7
:10FCC0000B46D2B2E9E7DCB2054B8EF800401A7958
:10FCD000110644BF7C22DA70B2E794467DE700BF8C
:10FCE00000B00640409EFF1F489EFF1F0C93FF1F61
:10FCF000009EFF1F449EFF1FFC9DFF1F0493FF1FDC
:10FD00004C9EFF1F509EFF1F7C9EFF1F1493FF1FE2
:10FD1000849EFF1F809EFF1F549EFF1F094B10B43F
:10FD2000186060B101F14004074B084801F11A0264
:10FD30001A60074B0460283110BC196070474024DA
:10FD4000F2E700BF449EFF1F0893FF1F0C93FF1FA5
:10FD50000493FF1F054B186018B1054B283119603B
:10FD60007047034B28211960704700BF809EFF1F1A
:10FD70001493FF1F2DE9F84F314B1B6807460BB159
:10FD800001221A70DFF8BC90DFF8BC8099F80040BF
:10FD9000D8F800302D4D01349C422B782AD303F043
:10FDA000FF0A002B3ED15446294EDFF8A8B005E0EB
:10FDB00033791B0623D42B78A3420AD1FEF72EFFFA
:10FDC0004028F5DDFF28F6DD01F0D2FB2B78A342B9
:10FDD000F4D0272C29D9204B283C1B68FFB21F5593
:10FDE0001E4A1B4B01211170AC2289F800A0DA7069
:10FDF000BDE8F88F9C425FFA84FAD5D0E9E72B780A
:10FE0000D8F800105A1C8A42DBB203D2272A10D835
:10FE1000D1B201E000210A461BF80230DBB2F371D7
:10FE20002970C8E74FF0000A54460A4BFFB21F552D
:10FE3000D6E7D1B2084A273B1268D35CDBB2EEE7C3
:10FE4000D89EFF1F089FFF1F2893FF1F109FFF1FB3
:10FE500000C00640E09EFF1F0C9FFF1FDC9EFF1F9F
:10FE60001D4A1E49536B2DE9F04343F480531C4D4A
:10FE7000DFF87080DFF870901C4F1D4E5363002335
:10FE800088F80030202889F800303B7033702B70E0
:10FE900040F213358D6002F5103238BF20204FF448
:10FEA0005175CD60C0F344311170C0F3471E114C41
:10FEB00082F801E000F01F002C2190724FF0E02C3E
:10FEC00093701374D17040224FF4003384F83120C2
:10FED000CCF80431BDE8F0830080044000C0044049
:10FEE000DC9EFF1FCC9EFF1FD49EFF1F089FFF1F9D
:10FEF000109FFF1F00E400E0294B29499B7800F088
:10FF0000030203F0EC031343420700F00F0248BF63
:10FF100043F01003042A8B7003D18B7943F0400324
:10FF20008B711F4B5A79C30602F0EF021C4B48BF7E
:10FF300042F010025A719A79810602F0EF0211D54F
:10FF400042F0100281059A710FD59A78154942F056
:10FF5000A0029A700978144B03EBC10340F24632B9
:10FF60005B6814E09A71820505D4104B104A196839
:10FF7000914211D070479A780A4942F0A0029A70D3
:10FF80000978094B03EBC10340F247325B6807492C
:10FF900007481A600860704700221A60704700BF67
:10FFA00000C006402C93FF1FB0650100D89EFF1FC4
:10FFB000D400D84238B5134B5B6BDB0420D5124C10
:10FFC000237823B101F0D4FA2378002BFAD10F4A19
:10FFD0000F494FF0E024002340F203104FF40035A6
:10FFE000C4F88451D3708860C8600A490A4C0B4831
:10FFF00009681579D2792370037009B101230B7058
:020000021000EC
:1000000038BD00BF00800440DC9EFF1F00C00640DA
:1000100000C00440889EFF1FCC9EFF1FD49EFF1F80
:100020000A4A38B50546137803F0FF04002BFAD1CD
:1000300001212846FFF73EF921462846FFF706F939
:10004000034A044B52F835201A6038BDDC9EFF1F6E
:10005000B0650100D89EFF1F09B140F08000114A31
:100060001378834216D010B40F4C646BE4040ED5A1
:1000700003F07F03082B02D10C4B0024DC60002925
:1000800000F07F0314BF60214421082B03D01070BF
:1000900010BC70477047054B41F44071D960107037
:1000A00010BC70472C93FF1F0080044000C0044028
:1000B000704700BF0D4B5B6B13F4805313D02128A6
:1000C00003D90B4B0020186070470A4B10B5084C41
:1000D00053F8303023600121FFF7ECF82368002249
:1000E0001A70012010BD1846704700BF0080044000
:1000F000889EFF1FB06501000C4B5B6B13F48053AF
:1001000012D00E2809D10A4B0A4A40F20231596036
:10011000537B0120034353737047064A537B03F01C
:10012000FE03002053737047184670470080044058
:1001300000C0044000C00640034B5B6BDB0401D5EC
:10014000FFF718BE704700BF0080044079B170B55A
:10015000074E04464518736BDB0404F1010403D514
:1001600014F8010CFFF706FEAC42F4D170BD7047E5
:100170000080044010B5044C237823B101F0F8F955
:100180002378002BFAD110BDDC9EFF1F084A094BD3
:1001900011781A789142C8B2D3B202D2013B181A30
:1001A0007047054A1268013A1344181A704700BF95
:1001B000089FFF1F109FFF1F2893FF1F064A074B32
:1001C00011781A789142D0B23CBF054A1268CBB27E
:1001D00038BF9B18181A7047CC9EFF1FD49EFF1F74
:1001E0002493FF1F1B4B1C491A780B789A422ED080
:1001F00010B55FFA82FE194AD8B21268431C9A42BF
:1002000019D93F2B1BD85FFA83FC1548C05CC0B2DC
:1002100081F800C01349096861B19E453CBF724432
:10022000D31A114A126828BFAEEB03039A4201D3D6
:1002300000230B7010BD4FF0000C6346E5E70B4C3C
:100240003F382468205C5FFA83FCC0B2E0E74FF0DF
:10025000FF307047CC9EFF1FD49EFF1F2493FF1FCB
:100260008C9EFF1F889EFF1F2093FF1FD09EFF1FA5
:100270000D4A0E4B11781B789942DAB211D00C4915
:100280000968531C994207D93F2B06D9094B3F3ABD
:100290001B68985CC0B270470023074AD05CC0B2AC
:1002A00070474FF0FF307047CC9EFF1FD49EFF1F5A
:1002B0002493FF1FD09EFF1F8C9EFF1F054B064AF5
:1002C0001B7806491268DBB20B700AB10023137069
:1002D000704700BFD49EFF1F889EFF1FCC9EFF1F4C
:1002E00030B43A4B1A79950624D5394D3949DB7922
:1002F0002A780C68D8B2531C9C42D2B231D8364B03
:100300001A7802F0FF0322B1002213463349C85481
:100310002A703349096869B1324A10789842C2B2EA
:100320008ABFA21A9B1A9B182F4A12689A429CBF36
:1003300001230B70254AD3781C06D9B21ED44A0675
:100340000DD5224B1B795B0609D5284B28491B6824
:1003500000220A7003B11A701C4B2C22DA7030BCD8
:1003600070471D4909789942D3D03F2B2CD9214998
:100370003F3A09688854DAB22A70CAE71379180636
:10038000DDD51D4B17481D7803789D42DCB208D09F
:100390001A4A1268631C9A4206D9272B0DD8DAB282
:1003A00004E06C23D370CAE700221346144CE35CCC
:1003B000DBB2064CE3710270C1E7124A273C1568B4
:1003C000DAB22B5DDBB2F4E7DAB29FE700C0064099
:1003D000CC9EFF1F2493FF1FD49EFF1F8C9EFF1FE8
:1003E000889EFF1F109FFF1F1C93FF1FD89EFF1F9B
:1003F000DC9EFF1FD09EFF1F089FFF1F2893FF1F3B
:10040000E09EFF1F0C9FFF1F094B10B4186060B1E6
:1004100001F14004074B084801F11A021A60074B2A
:100420000460283110BC196070474024F2E700BF17
:10043000D09EFF1F2093FF1F2493FF1F1C93FF1FBD
:10044000054B186018B1054B283119607047034BF4
:1004500028211960704700BF0C9FFF1F2893FF1FC2
:10046000704700BF704700BF212829D8154B195C81
:10047000FF2925D0144B154A03EBC00310B45B6869
:10048000134C00201860A36B43F02003A3630123E7
:1004900010608B400F4C1048936054604FF4A07371
:1004A0001060013BFDD113689B05FCD42023013B68
:1004B000FDD10A4B10BC09B233F8110080B270476D
:1004C00000207047C0660100B06501000050044084
:1004D000008004400000020380014A0000510440F3
:1004E000431E042B17D872B60C4951F8230080B173
:1004F00010B40B4CB0F800C034F81320A2EB0C027F
:10050000D0F804C041F823C024F8132062B610BC10
:10051000704762B670470020704700BFA49FFF1F5E
:1005200004A0FF1F013804280BD872B6074B53F8FC
:10053000203043B100205B680130002BFBD162B654
:100540007047002070471846F9E700BFD49FFF1F8F
:1005500010B472B6194A1A4C042312F8011B090789
:1005600043F0010C05D554F8331061B154F83C1038
:10057000B9B10433182BF0D162B6124B00221A70B5
:1005800010BC00F08BBC0F4904EBC3020830506074
:100590000A780D4844F83300013A0A7062B610BC7C
:1005A0007047084A094904EBCC03083058601378B7
:1005B00044F83C10013B137062B6F0E74467010059
:1005C0000080FF1F0EA0FF1F88004000C8004000F1
:1005D000421E042A0ED81C4B400140F0100010B4FB
:1005E000034472B6194CA05C03281CD8DFE800F065
:1005F0001315031870470520A05413F0080F08883E
:1006000014BFC8228822083142EA004259601A60A9
:1006100062B610BC70470320EEE708330220EBE718
:1006200008330420E8E70A4B53F8220038B1094B9D
:1006300053F82200416043F8221062B6E9E743F81C
:100640002210044BF7E700BF0080FF1FFC9FFF1F35
:10065000D49FFF1FE89FFF1F00BE00BF2DE9F04F92
:10066000DFF8D0A2DFF8D0B285B03DE0B34D9E08F0
:1006700005EBC607013A796813F00803D4B2A1F17B
:10068000080040F0BA8055F836204FEA124C120CA0
:1006900021F808CC00F0A98021F8063C41F8043C80
:1006A000A74B53F82420002A00F00382A54B53F8EF
:1006B0002420506043F82400A34B33F814209444C2
:1006C00023F814C000F0CAFB002800F0EB8117F0FB
:1006D000080F9E4B00F1080018BF5B46786045F894
:1006E000363008238AF880309AF880305907DCB217
:1006F0001DD5974B1B78BBB196490A7802F0FF03D2
:100700002AB1013BDBB20B70002B00F04883924909
:100710000A7802F0FF032AB1013BDBB20B70002B19
:1007200000F0ED8100F0B8FC04238AF8803014F06A
:10073000080200F0CC819AF89020D3B2120995D12A
:10074000DFF8F8919B0809EBC30459F8330064689B
:10075000C0F3830009287CD00FD80138012808D8BD
:100760007E4A158842F22100854200F0FB8149F85B
:1007700033B001238AF89430B3E70D28F9D1D4E9D6
:100780000007774D49F833B0744E764CC9F8102005
:1007900083B240F2816CC9F818202A6063454FF09B
:1007A0000102C6E90007227000F2FF80B3F5D06FA6
:1007B00080F0CB82B3F5817F00F0268240F2DE80AC
:1007C00040F2023293427BD107F07F07052F00F2FF
:1007D0000881020C40F00581634911F8273043F08D
:1007E000020301F82730134670E017F0080F574B4B
:1007F00018BF5B4645F8363073E700F04FFB5B49A6
:100800005B4A51F82430002B00F05781586841F8BA
:100810002400115D03F108007860032905D8DFE8A2
:1008200001F0120F1502042111551A8817F0080F54
:1008300014BFC823882343EA024345F8363050E703
:1008400002211155F1E703211155EEE7052111555C
:10085000EBE7434D2A683AB34649424C0F88464875
:1008600094F800E00678402F3B4628BF4023BEF1B5
:10087000000F8EF0010E84F800E046F0020486F0CE
:100880000106067009EBC400426014BFC82088202E
:1008900040EA03401A44FB1A9BB249F834000B802B
:1008A000002B00F036812A602C4B1A88B2F5A06F1D
:1008B0007FF45FAF9A788AF8982000225A7058E740
:1008C000B3F5A06F40F08D8000221346B6F806C045
:1008D0002948944528BF944667460278402F28BF90
:1008E000402742F0020E3E0409EBCE0846F0C8064F
:1008F000C8F8043049F83E6000263B442670BCEB43
:10090000070782F00106067040F01181BCF13F0F2D
:100910004FF0010509D946F00206027009EBC60244
:1009200025705360882349F8363001238AF89430C3
:100930001FE700BF00200740C80040000080FF1FE5
:10094000A49FFF1FB89FFF1F04A0FF1F8800400047
:1009500001A0FF1F02A0FF1FB4A1FF1FCC9FFF1F1C
:10096000989FFF1F959FFF1FC0200740D49FFF1F28
:10097000FC9FFF1F969FFF1F949FFF1F802B00F07F
:100980008B81822B2DD107F07F07052F29D8A74A0D
:1009900000231380A64B13F827309F0740F1FC81FA
:1009A00001231370A14B022290E742F2210C634510
:1009B000BBD01DD942F2212293420DD1BFB2002FEC
:1009C00082D19C4B1A689C4B1A609C4BC0F3074029
:1009D00000221870134679E742F2213293423FF425
:1009E00073AF0F238AF8C03001238AF89430C0E631
:1009F000B3F5086F00F04A81B3F5106FF1D1904B59
:100A0000C0F307400425187059F835301A0606D48B
:100A10000135182D0CD059F835301A06F8D509EBE8
:100A2000C50301355868083800F038FA182DF2D19E
:100A3000844A854B0292854A0192854E854ADFF8A9
:100A400018820394009200251C4656F8047B2FB1AF
:100A500038467F6800F022FA002FF9D1009BD8F8C1
:100A6000007043F8045B46F8045C00932FB13846ED
:100A70007F6800F013FA002FF9D1029B48F8045B5D
:100A800043F8045B0293019B23F8025B01932378F4
:100A9000023B032B00F20981DFE813F03F01040160
:100AA0003F0104016D4A45F8360013780133137095
:100AB00017E643F82400674BFCE5115D022926D0B8
:100AC0007FF60FAE03291DD10123135509E6E00778
:100AD0006ED4210621D4A20708D5614B93F8882053
:100AE0000221D2B283F8882083F88010E30603D570
:100AF0005B4B102283F8802005B0BDE8F08F00F03A
:100B000013FD0FE617F0080F14BF0323022313553C
:100B1000E7E53F2F98BF0022C5E6514B80220D210B
:100B200083F8C01083F88020A207DFD5D5E746F010
:100B300002060270402F09EBC6003A4628BF402249
:100B400043601004134440F088000121BA1A49F8A8
:100B50003600217055D02B60424B1A8001238AF851
:100B6000943006E692885AB93F4AE51D14F8011BF5
:100B700002F8011FAC42F9D13C4A1268862A3CD0E7
:100B80003B4C3C4825780278002D85F00105257006
:100B900042F0020482F00102027009EBC4024FF03D
:100BA0000000506014BFC822882249F83420DEE5D6
:100BB0002B4B30483049314C022583F89450027059
:100BC0002F480C602F4D48608C600D24CD60FF20B5
:100BD0000A618A6183F8C04001219F2483F888005C
:100BE00083F8800083F8982083F88C0083F8844091
:100BF00083F8941005B0BDE8F08F234A0F201070E1
:100C0000BEE73F2FA7D890E607F07F07052F3FF6F6
:100C1000E8AE000C7FF4E5AE054A12F8273023F069
:100C2000020302F82730002213464FE69C9FFF1F65
:100C3000C0200740F89DFF1FB0A1FF1FACA1FF1F00
:100C400001A0FF1FE89FFF1FFC9FFF1F04A0FF1FC5
:100C5000A49FFF1FB89FFF1FD49FFF1F0EA0FF1F61
:100C600000200740969FFF1FA3A1FF1FA4A1FF1F05
:100C7000959FFF1F949FFF1F0080FF1F880040006B
:100C8000149FFF1F549FFF1F02A0FF1F484B49499D
:100C90001B780B700B4619E6464A00231380454B20
:100CA000022213E64FF001032370434BB34204F1D9
:100CB00001047FF4CAAE414E039CDFF80481414F2A
:100CC00000233370042518F8013B3F4AAB541B073F
:100CD00025D445F0020145F0030204350023182D08
:100CE00049F8313049F83230EDD1384F25783A782B
:100CF00042F0020009EBC00C85F00106CCF804308C
:100D0000002D4DD1882382F0010226703A7049F8F7
:100D1000303001238AF894302BE52570C5E700F0C8
:100D20009DF8002832D009EBC5030830586049F817
:100D3000357000F093F808B345F0010309EBC302E6
:100D40000830506049F833B0C3E7214A5368002B9C
:100D50003FF447AE000CBFB204E013690C32002B25
:100D60003FF43FAE11888142F7D15188B942F4D1A6
:100D7000000A03280CBF1A781289A7E533780133DB
:100D8000337045F0010349F83300A2E7337849F89E
:100D9000350001333370CCE7064B022296E500BEE6
:100DA0002670C82382F001063E7049F83030BCE559
:100DB00001A0FF1F9C9FFF1FB89FFF1F0EA0FF1FDA
:100DC0004467010088004000C0200740949FFF1F37
:100DD000E466010070B500F06DFC00231A4A194664
:100DE00042F8331002EBC3000133182B4160F7D1F6
:100DF000164C174B606B174D40F480206063C2F3B4
:100E0000072483F89C40144CFF204FF0010CC2F3E0
:100E10000746120E83F8B0604FF0E02E83F8B4203E
:100E200083F8800083F88800187483F894C02170D8
:100E300083F884C0702385F849304FF40072102382
:100E4000CEF80821237270BD0080FF1F008004408F
:100E50000020074000E400E00021074072B60D4981
:100E60000B68B3FA83F01D2810DC4FF00042C2403B
:100E700023EA02030B6062B6074A00EBC000C10020
:100E800002EBC000002353504360704762B600205D
:100E9000704700BF3093FF1FBC83FF1F0E4BC31A68
:100EA000B3F5076F10D20D4A127872B972B60C4AB8
:100EB0000C49A2FB032308684FF000421B0922FAE9
:100EC00003F303430B6062B67047074A1278002AA7
:100ED000ECD0FFF73DBB00BFBC83FF1F0EA0FF1F80
:100EE000398EE3383093FF1F01A0FF1F38B50C4B3C
:100EF0000C4D1B682988044643B1B1F5917F09D296
:100F00004B1C9BB2084A2B80545438BDB1F5917FDD
:100F1000F6D338BD04480022984700210123F1E7A9
:100F200058A0FF1F92A1FF1F70A0FF1F2DE9F843DB
:100F3000DFF88880DFF88890D8F800100123074692
:100F400089F80030B9B11F4D4B8801EB83020133A2
:100F500000240F2B2C70976005D84B80002389F854
:100F60000030BDE8F88340230B800420FFF730FBFE
:100F7000C8F80040F2E7144E3378002BF1D0114D41
:100F800045F6215408E0013C13D02B788BB900F0D2
:100F9000EFFA3378002BE4D00420FFF7C3FA0528DA
:100FA000F1D8FFF75BFF0146C8F800000028EAD03F
:100FB000CAE701232B70BDE8F88300BF18A0FF1F0C
:100FC00015A0FF1F14A0FF1F01A0FF1F1201F8B5FD
:100FD000D5B2A1B301290378044641D04078000678
:100FE00040EA034045F0040630438F1E40F4704051
:100FF000FFF79CFF022F04F1020314D9053414F803
:10100000023C14F8032C14F8010C1B0443EA0223DD
:10101000334343EA0060033FFFF788FF022F234674
:1010200004F10304EBD8022F26D0012F0DD045F494
:10103000774040F00500BDE8F840FFF777BF15485E
:101040002843BDE8F840FFF771BF1B7845F0060064
:1010500040EA032040F47700BDE8F840FFF766BFA0
:1010600045F0070040EA034040F07740BDE8F84013
:1010700040F47040FFF75ABF58781B78000440EAEC
:101080000320284340F07740BDE8F84040F00700D7
:10109000FFF74CBF06F0F70070B50B4C257845B94B
:1010A0000A4E31680123237009B14B8813B900231C
:1010B000237070BD9B000B800420FFF789FA00238A
:1010C00035602370F5E700BF15A0FF1F18A0FF1FB4
:1010D0002DE9F041AC4E33680746002B63D01C88E5
:1010E0005A8822F003011944043294428D686DD964
:1010F0005A80C5F30323A54A05F00F065C1CC5F30F
:1011000003131370A6F10803062B4FEA152814D910
:10111000B31E012B5FFA88F060D9052E00F0B6806F
:10112000042E00F09A81731F022B40F2A1810F2E32
:1011300000F0E9800020BDE8F0810FB1BC42F9D198
:10114000082EC5F303336DD0092E7DD00A2E00F092
:101150008D800B2E00F092800C2E00F0B3800D2EAF
:1011600000F0C3800E2BE5D1894B8A4A1B68E02131
:101170001170002B00F09B81690CC5F3064201F44D
:101180007E511143E4B2A1F50051204698472E0C40
:10119000F6B22D0E804B814A1C70814B16701D706B
:1011A0000120BDE8F0817F4B1B78002BC2D00520C9
:1011B000FFF796F9034630600028BBD00488002C66
:1011C0008ED1FFF76BFE34602046B4E71846FFF778
:1011D00065FE0520FFF784F930608AE7F1380E28B4
:1011E000A8D801A353F820F02B1401002313010009
:1011F0004B1301003511010035110100511401009C
:10120000351101005D130100351101006F1301005C
:10121000E1130100FB13010035110100131401005B
:1012200039140100082B85D15F4B5A4A1B68802175
:10123000C5F307461170E4B22D0E002BAAD02A4642
:10124000314620469847A5E7092B7FF473AF2A0E55
:10125000504B00F01F8190211970544B1B68C5F34F
:101260000746E4B2D5B2002BE9D193E70A2B7FF40D
:1012700061AF4F4B474A1B68A021D9E70B2B7FF486
:1012800059AF4C4B434A1B68B021D1E7F02801D934
:10129000F728A3D1FFF72AFE474B404A1988404858
:1012A000464C11700D0A3B4A0570246800201880D6
:1012B000F0231370002C00F0E68041480122A04783
:1012C000012038E70C2B7FF435AF3E4B314A1B68C9
:1012D000C0211170E4B2C5F30746002B3FF459AFAB
:1012E000314620462D0E984754E70D2B7FF422AF50
:1012F000354B284A1B68D0211170E4B2C5F307466C
:10130000002BEDD145E7F7283FF668AFF02804D071
:10131000294B1B88002B3FF40DAFFFF7E7FD0020A2
:1013200009E72A4B1A68002A00F08F806B0C03F43F
:101330007E53C5F306402E0C1843F6B29047154B6A
:10134000E4B283F800802D0E24E7214B1B68C5F31F
:101350000746002BF3D030469847F0E71D4B1B683B
:10136000002B00F0A9809847C5F30746E7E71A4B22
:101370001B68002BF7D1194B1B68002B65D0FA2096
:101380009847C5F30746DAE710A0FF1F6CA0FF1FC0
:1013900038A0FF1F94A1FF1F6DA0FF1F6EA0FF1FAD
:1013A0006FA0FF1F01A0FF1F30A0FF1F34A0FF1F71
:1013B00068A0FF1F2CA0FF1F92A1FF1F58A0FF1FB6
:1013C00070A0FF1F3CA0FF1F20A0FF1F44A0FF1F15
:1013D00048A0FF1F24A0FF1F4CA0FF1F40A0FF1F1D
:1013E0003C4B1B68002BBED13B4B1B68002B2CD009
:1013F000FB209847C5F30746A1E7384B1B68002B35
:10140000B1D1354B1B6803B3FC209847C5F30746A1
:1014100095E7334B1B68002BA5D12F4B1B68A3B15D
:10142000FE209847C5F3074689E72E4B1B68C5F396
:101430000746002B8FD182E72B4B1B68002B92D1E4
:10144000254B1B680BB1FF209847C5F3074676E78D
:10145000264B1B68002B86D1F7E7FFF747FDC5F346
:101460000740FFF743FD280EFFF740FD002062E62E
:10147000FFF73CFDC5F30740FFF738FD072E7FF46B
:101480000BAF280E06E71A4B1B68F3B119489847B3
:10149000012050E680211970174B1B68E4B2C5F398
:1014A0000746A3B1314620461546984772E6C5F374
:1014B0000746E4B22D0E6DE6074B1B68002BC4D027
:1014C000F8209847C5F3074639E7012033E61D4663
:1014D00060E600BF28A0FF1F40A0FF1F50A0FF1F15
:1014E0001CA0FF1F60A0FF1F5CA0FF1F64A0FF1FC8
:1014F00054A0FF1F70A0FF1F30A0FF1F084B094A18
:101500001B6810B554881BB11A885B88D31A1C4419
:101510000CB1204610BD00F02BF8204610BD00BFD6
:1015200098A1FF1F04A0FF1F38B50E4B1B7853B9BD
:101530000D4C216841B103F0FF054B880B8003205F
:10154000FFF746F8256038BDFFF788FC014620B15B
:10155000BDE838400320FFF73BB8044B01221A7066
:1015600038BD00BF9CA1FF1FA0A1FF1FB4A1FF1F9A
:101570002DE9F843324E337863B1324F3A784AB9A5
:101580000122D9073A7043D49A0726D400225B0778
:101590003A7001D4BDE8F8832B4B1A68002AF9D0C1
:1015A000EFF30582002AF5D1EFF3108572B61868C3
:1015B00000283AD0254C2178002936D142691A609A
:1015C00001232370002A37D0916105B962B6002546
:1015D0008368457798472570DCE7DFF8748098F8D2
:1015E0000020002AD2D00025DFF868902B4659F859
:1015F0002340236820461B690135984708B12369B9
:10160000984798F80020EBB29A42F0D83378BDE7BB
:10161000FFF774FF68B9104B1B780BB93378B3E749
:10162000337803F0FE033370AEE7002DB2D162B61B
:10163000B0E700F03DF8EEE7084B1A60C5E700BFE1
:101640003493FF1FB5A1FF1F7C9DFF1F889DFF1FC7
:10165000C4A1FF1FB8A1FF1F7C6401008C9DFF1F68
:1016600070B4104E104D3478D4B1621ED2B2291D20
:101670002B4601EB820101E08B4205D053F8042B8D
:101680008242F9D170BC7047631CDBB2074A3370E9
:10169000137845F8240043F00203137070BC7047C0
:1016A0000123F3E7C4A1FF1FB8A1FF1F3493FF1F5D
:1016B000704700BF10B584B072B6174A702441203D
:1016C0000F2180231470D0719171137013781B0651
:1016D000FCD5906862B6114B114C984238BF00EBB4
:1016E000800001A938BF40000A22FDF7BDFA01A918
:1016F0002046002311F8012B01333AB10A2B20F8C0
:10170000022FF7D11623237004B010BD5B00DBB2AB
:10171000237004B010BD00BF000002408096980006
:101720001094FF1F38B5044600F02CF805462046FB
:1017300000F020F848B10D49204600F03BFC30B9DC
:101740000B49204600F018FC48B9284638BD01F086
:10175000A3FA4FF0FF4522230360284638BD01F06D
:101760009BFA222300250360EFE700BF1772B14206
:10177000B5F1CFC220F00040B0F1FF4FACBF002068
:101780000120704720F00042B2F1FF4F2DE9F047F1
:1017900004466CD84FEAD07500F0C6807A4988427A
:1017A00000F3B4800028C0F2B680784B9A4263D927
:1017B000774B9A4200F2C580764B204653F82510AD
:1017C00000F032F9744BC5F1010653F825908046BC
:1017D000761B4946404600F027F90146054600F0D1
:1017E0002DFA6E49044600F029FA6D4900F01CF903
:1017F000214600F023FA6B4900F018F9214600F069
:101800001DFA694900F010F9214600F017FA6749FE
:1018100000F00CF9214600F011FA0146284600F0CC
:1018200003F92C4607468246002E57D039462846F3
:1018300000F004FA394604464FF0804000F0F4F816
:101840000146204600F0AEFA0146484600F0ECF8AA
:10185000414600F0E9F801464FF07E5000F0E4F810
:1018600016F17D0F64DB00EBC650BDE8F087014642
:1018700000F0DCF8BDE8F087B2F1505F09D24C49C6
:10188000204600F0D3F84FF07E5100F093FB002883
:1018900074D12146204600F0D1F94049054600F0B8
:1018A000CDF93F4900F0C0F8294600F0C7F93D499D
:1018B00000F0BCF8294600F0C1F93B4900F0B4F84B
:1018C000294600F0BBF9394900F0B0F8294600F08C
:1018D000B5F90146204600F0A7F882465146204659
:1018E00000F0ACF94FF080410546504600F09CF8FE
:1018F0000146284600F056FA214600F095F80146C8
:101900004FF07E5000F090F8BDE8F087BDE8F0475A
:10191000002000F07BB8274B9A427FF646AFBDE827
:10192000F047002000F06EB8002DA3D00020A1E702
:1019300064364FF0586100EBC65000F07FF9BDE807
:10194000F0871D49204600F079F91C4B53F825100B
:1019500000F06CF800F038FB064600F01BF918495F
:10196000054600F06BF90146204600F05DF8154988
:101970008046284600F062F981462AE74FF07E5102
:10198000204600F053F875E71772B1421872B13E65
:101990009115853F546701005C6701004CBB3133F2
:1019A0000EEADD3555B38A38610B363BABAA2A3EC9
:1019B000CAF24971B5F1CF423BAAB83F4C6701006A
:1019C0008071313FD1F7173738B505460C4601F025
:1019D00063F9034628461C6038BD00BF08B540B116
:1019E00001F1004000F02AF9BDE808402221FFF78C
:1019F000EBBF084600F022F9BDE808402221FFF7BE
:101A0000E3BF00BF4FF08051FFF7E8BF4FF0E04168
:101A1000FFF7E4BF03460846194600F0DFBF00BFEA
:101A200080F0004002E000BF81F0004142001FBF93
:101A30005FEA410392EA030F7FEA226C7FEA236C9C
:101A40006AD04FEA1262D2EB1363C1BFD218414091
:101A500048404140B8BF5B42192B88BF704710F027
:101A6000004F40F4000020F07F4018BF404211F0CA
:101A7000004F41F4000121F07F4118BF494292EA32
:101A8000030F3FD0A2F1010241FA03FC10EB0C005E
:101A9000C3F1200301FA03F100F0004302D54942EB
:101AA00060EB4000B0F5000F13D3B0F1807F06D398
:101AB00040084FEA310102F10102FE2A51D2B1F190
:101AC000004F40EBC25008BF20F0010040EA030085
:101AD0007047490040EB0000013A28BFB0F5000F05
:101AE000EDD2B0FA80FCACF1080CB2EB0C0200FABB
:101AF0000CF0AABF00EBC25052421843BCBFD0400A
:101B00001843704792F0000F81F4000106BF80F483
:101B100000000132013BB5E74FEA41037FEA226C46
:101B200018BF7FEA236C21D092EA030F04D092F011
:101B3000000F08BF0846704790EA010F1CBF002045
:101B4000704712F07F4F04D1400028BF40F00040A2
:101B5000704712F100723CBF00F50000704700F0C2
:101B6000004343F0FE4040F4000070477FEA2262E9
:101B700016BF08467FEA23630146420206BF5FEABA
:101B8000412390EA010F40F4800070474FF00003BA
:101B900004E000BF10F0004348BF40425FEA000C81
:101BA00008BF704743F0964301464FF000001CE029
:101BB00050EA010208BF70474FF000030AE000BF7F
:101BC00050EA010208BF704711F0004302D54042BD
:101BD00061EB41015FEA010C02BF8446014600202F
:101BE00043F0B64308BFA3F18053A3F50003BCFA4A
:101BF0008CF2083AA3EBC25310DB01FA02FC6344F7
:101C000000FA02FCC2F12002BCF1004F20FA02F2FD
:101C100043EB020008BF20F00100704702F12002F0
:101C200001FA02FCC2F1200250EA4C0021FA02F251
:101C300043EB020008BF20EADC7070474FF0FF0C56
:101C40001CEAD0521EBF1CEAD15392EA0C0F93EA51
:101C50000C0F6FD01A4480EA010C400218BF5FEAF3
:101C600041211ED04FF0006343EA501043EA511166
:101C7000A0FB01310CF00040B1F5000F3EBF490060
:101C800041EAD3715B0040EA010062F17F02FD2A64
:101C90001DD8B3F1004F40EBC25008BF20F0010047
:101CA000704790F0000F0CF0004C08BF49024CEA5E
:101CB000502040EA51207F3AC2BFD2F1FF0340EAF0
:101CC000C250704740F400004FF00003013A5DDC61
:101CD00012F1190FDCBF00F000407047C2F10002A2
:101CE000410021FA02F1C2F1200200FA02FC5FEA8F
:101CF000310040F1000053EA4C0308BF20EADC70D9
:101D0000704792F0000F00F0004C02BF400010F44A
:101D1000000F013AF9D040EA0C0093F0000F01F0F7
:101D2000004C02BF490011F4000F013BF9D041EA19
:101D30000C018FE70CEAD15392EA0C0F18BF93EA1B
:101D40000C0F0AD030F0004C18BF31F0004CD8D145
:101D500080EA010000F00040704790F0000F17BFCC
:101D600090F0004F084691F0000F91F0004F14D012
:101D700092EA0C0F01D142020FD193EA0C0F03D16A
:101D80004B0218BF084608D180EA010000F000406D
:101D900040F0FE4040F40000704740F0FE4040F448
:101DA000400070474FF0FF0C1CEAD0521EBF1CEAE7
:101DB000D15392EA0C0F93EA0C0F69D0A2EB030205
:101DC00080EA010C49024FEA402037D04FF080539F
:101DD00043EA111143EA10130CF000408B4238BF64
:101DE0005B0042F17D024FF4000C8B4224BF5B1A72
:101DF00040EA0C00B3EB510F24BFA3EB510340EAC0
:101E00005C00B3EB910F24BFA3EB910340EA9C006D
:101E1000B3EBD10F24BFA3EBD10340EADC001B01DD
:101E200018BF5FEA1C1CE0D1FD2A3FF650AF8B4281
:101E300040EBC25008BF20F0010070470CF0004C8E
:101E40004CEA50207F32C2BFD2F1FF0340EAC250B9
:101E5000704740F400004FF00003013A37E792F07A
:101E6000000F00F0004C02BF400010F4000F013AD8
:101E7000F9D040EA0C0093F0000F01F0004C02BFD3
:101E8000490011F4000F013BF9D041EA0C0195E73C
:101E90000CEAD15392EA0C0F08D142027FF47DAFD5
:101EA00093EA0C0F7FF470AF084676E793EA0C0FC5
:101EB00004D14B023FF44CAF08466EE730F0004CC3
:101EC00018BF31F0004CCAD130F000427FF45CAF53
:101ED00031F000437FF43CAF5FE700BF4FF0FF3CC1
:101EE00006E000BF4FF0010C02E000BF4FF0010C14
:101EF0004DF804CD4FEA40024FEA41037FEA226CDD
:101F000018BF7FEA236C11D001B052EA530C18BFFE
:101F100090EA010F58BFB2EB030088BFC81738BF63
:101F20006FEAE17018BF40F0010070477FEA226C51
:101F300002D15FEA402C05D17FEA236CE4D15FEA4D
:101F4000412CE1D05DF8040B704700BF8446084681
:101F50006146FFE70FB5FFF7C9FF002848BF10F142
:101F6000000F0FBD4DF808EDFFF7F4FF0CBF012087
:101F700000205DF808FB00BF4DF808EDFFF7EAFF11
:101F800034BF012000205DF808FB00BF4DF808EDCC
:101F9000FFF7E0FF94BF012000205DF808FB00BFC1
:101FA0004DF808EDFFF7D2FF94BF012000205DF847
:101FB00008FB00BF4DF808EDFFF7C8FF34BF012054
:101FC00000205DF808FB00BF4FEA4002B2F1FE4F6F
:101FD0000FD34FF09E03B3EB12620DD94FEA0023EB
:101FE00043F0004310F0004F23FA02F018BF4042C4
:101FF00070474FF00000704712F1610F01D14202AB
:1020000005D110F0004008BF6FF0004070474FF05E
:102010000000704742000ED2B2F1FE4F0BD34FF0DA
:102020009E03B3EB126209D44FEA002343F000434E
:1020300023FA02F070474FF00000704712F1610F71
:1020400001D1420202D14FF0FF3070474FF0000043
:10205000704700BF024B0146186800F00BB800BF84
:102060005899FF1F024B0146186800F05BBF00BF84
:102070005899FF1F2DE9F04F01F10B06162E83B082
:10208000044624D8102900F2BA8000F0A3FA1026E2
:1020900018220220B54F3A44A2F1080153688B423E
:1020A00000F0BA805A68D96822F003021A449D6889
:1020B000E9608D60516841F001012046516003F1F3
:1020C000080500F08DFA284603B0BDE8F08F36F021
:1020D000070600F19480B14200F2918000F07AFA94
:1020E000B6F5FC7FC0F09A81730A00F08F80042B54
:1020F00000F26F81B30903F1390003F1380CC3001A
:102100009A4F3B44A3F108055B689D4206D10CE061
:10211000002980F22781DB689D4206D05A6822F0B0
:102120000302911B0F29F3DD60463D69DFF840C2D1
:1021300065457CD06A6822F00302931B0F2B00F3E5
:102140007B81002BC7E904CC80F26C81B2F5007F63
:1021500080F01A81D308796801334FEA521E0122B8
:1021600002FA0EF20A4357F833E0C5F808E007EB2D
:10217000C3010839E9607A6047F83350CEF80C5053
:10218000831001219940914257D8114206D120F085
:1021900003004900114200F10400FAD007EBC00926
:1021A0004D468646D5F80C80454508D11DE1002BEB
:1021B00080F22481D8F80C80454500F01681D8F8CB
:1021C000042022F00302931B0F2BF0DD2046D8E9F8
:1021D000025408EB060146F00106C8F80460EC6002
:1021E000A56043F00104C7E90411C1E902CC4C60C9
:1021F00048F8023000F0F4F908F1080502E00C2379
:1022000023600025284603B0BDE8F08F4FF400732B
:1022100040204FF03F0C73E7D3689A4208BF02306A
:102220007FF440AF3D69DFF848C1654582D17A68E7
:102230008310012199409142A7D9BD686B6823F0B2
:1022400003094E4503D8A9EB06030F2B7ADCDFF810
:1022500024B1494BDBF800201B680132334405EB05
:10226000090A00F0338103F580530F3323F47F68AC
:1022700028F00F084146204600F0FCFC411C0246B5
:1022800000F0F380824500F2EE803C4B1968414437
:102290001960084600F04E81DBF80010019301310F
:1022A0001BBFA2EB0A010918CBF80020196012F03D
:1022B000070B00F01781CBF108010A44CBF58051E0
:1022C00090440831A1EB0801C1F30B0A51462046A6
:1022D000009200F0CFFC421CDDE9002300F04F81AA
:1022E000801A00EB0A081968BA6048F001005144EE
:1022F000BD425060196000F02981B9F10F0F40F222
:1023000027816868A9F10C0C2CF0070C00F0010083
:1023100040EA0C0068604FF0050E05EB0C00BCF1C4
:102320000F0FC0E901EE00F2328150681546144BE0
:102330001A688A4238BF1960124B1A688A4238BF3D
:10234000196094E0AA1943F0010346F001066E609B
:102350002046BA60536000F043F90835284603B0C0
:10236000BDE8F08FD9681A44A1E600BF2894FF1F8A
:102370003094FF1F3098FF1FF8A1FF1FC8A1FF1F57
:10238000F0A1FF1FF4A1FF1FB2F5206F4FEA522307
:1023900063D3142B00F2B78003F15C01C9005B33F7
:1023A00007EB010E7958AEF1080E8E4500F09180D2
:1023B0004B6823F00303934202D989688E45F7D115
:1023C000D1F80CE07A68C5E9021ECEF80850CD605D
:1023D000D6E6142B59D9542B00F29D80330B03F110
:1023E0006F0003F16E0CC3008AE60EF1010E1EF0C1
:1023F000030F05F108057FF4D5AE51E04244454690
:102400005368D8F80C1043F00103536055F8083FA7
:102410002046D9608B6000F0E3F8F3E6F00806F19F
:10242000080237E62A442046536843F0010353600C
:10243000083500F0D5F8E5E6A919204646F0010672
:1024400043F001046E60C7E90411C1E902CC4C609D
:10245000AB5000F0C5F80835D4E6930903F1390113
:10246000C90038339CE7BD425FD0BD68686820F082
:1024700003084645A8EB060302D80F2B3FF762AFCF
:10248000204600F0ADF80025BCE603F15C0003F146
:102490005B0CC30034E659F808394B4540F0968090
:1024A00010F0030F00F1FF30F5D17B6823EA010340
:1024B0007B60490099423FF6C0AE19B9BDE64900BC
:1024C0000EF1040E1942FAD0704667E603F11008C7
:1024D000D0E69A104FF001087B6808FA02F21A431E
:1024E0007A6070E702EB08014942C1F30B0A5146DA
:1024F0002046009200F0BEFB431CDDE900237FF480
:10250000EFAEDA46EFE6542B25D8130B03F16F013B
:10251000C9006E3344E7B3F5AA7F25D8F30B03F166
:10252000780003F1770CC300EAE5294B18684044B2
:102530001860B1E6CAF30B0CBCF1000F7FF4ACAE2F
:10254000BD68C84448F001006860F0E61546EEE654
:102550000123536094E7B3F5AA7F23D8D30B03F18B
:102560007801C90077331BE740F25452934223D8D5
:10257000B30C03F17D0003F17C0CC300C0E5ABF1AB
:10258000080BD844A8EB02084FF0000AABE605F1AF
:1025900008012046009300F0C5FCBD68009B6868F8
:1025A0001968C4E640F254518B420BD8930C03F1E6
:1025B0007D01C9007C33F3E64FF47E737F204FF03A
:1025C0007E0C9DE54FF47E717E23E9E67B6870E723
:1025D000C8A1FF1F014800F089BB00BF3CA3FF1F3B
:1025E000014800F085BB00BF3CA3FF1F10B4044CA2
:1025F00003460A46206810BC194600F003B800BF25
:102600005899FF1F2DE9F84F1746002900F09880D0
:102610000C4607F10B058046FFF7DCFF162D54F83A
:10262000041C5BD810252A46AF425CD821F0030673
:102630009642A4F1080962DABC4BD3F808C009EB52
:102640000600844500F09780D0F804C02CF0010308
:1026500003445B68DB0768D42CF0030C06EB0C0327
:10266000934247DACB0710D454F8083CA9EB030A8D
:10267000DAF8043023F003018C44B444944580F22A
:1026800011817318934280F2E88039464046FFF783
:10269000F1FC0746E0B154F8043C23F001034B443D
:1026A000A0F10802934200F0D280321F242A00F2E7
:1026B000F580132A00F2AC800346224611681960A7
:1026C0005168596092689A602146404600F02AFCA1
:1026D0004046FFF785FF3846BDE8F88F25F007052F
:1026E000002D2A46A0DA0C23C8F80030002738460F
:1026F000BDE8F88F1E46D0E90223D3609A60731BB1
:102700000F2B22D8D9F8043003F0010333434E4491
:10271000C9F80430736843F00103736040462746EC
:10272000FFF75EFF3846BDE8F88FC907ADD454F80F
:10273000083CA9EB030ADAF8041021F00301A0E732
:10274000BDE8F84F1146FFF795BCD9F8042009EB16
:10275000050102F001024E4443F001032A43C9F887
:1027600004204B60736843F00103083173604046F6
:1027700000F0D8FBD2E7DCF8040020F0030B06EBF6
:102780000B0C05F1100084454DDAC9073FF57DAF0C
:1027900054F8081CA9EB010ADAF8041021F003012F
:1027A0008B44B34458453FF76CAF5746DAF80C10EA
:1027B00057F8080F321F242AC160886000F2DB80BE
:1027C000132A40F2D6802168CAF808106168CAF856
:1027D0000C101B2A00F2DF8008340AF11002216875
:1027E000116061685160A16891600AEB0501ABEB73
:1027F000050242F0010299604A60DAF8043003F001
:1028000001032B434046CAF80430FFF7E9FE6EE7A8
:1028100023680360636843601B2A68D804F10802D8
:1028200000F108034AE709EB05029A60ACEB0503E7
:1028300043F00103536054F8043C03F001032B43BD
:10284000404644F8043CFFF7CBFE27464FE750F8DC
:10285000043C23F003031E4451E75746DAF80C10FA
:1028600057F8080F321F242AC16088604CD8132AF9
:1028700048D92168CAF808106168CAF80C101B2AE8
:1028800056D808340AF110021E46236813606368A4
:102890005360A3689360D1463C4630E7214600F080
:1028A000A3F811E7D0E902135746CB60996057F8B7
:1028B000081FDAF80C30CB60321F242A99602DD81B
:1028C000132A29D92368CAF808306368CAF80C307B
:1028D0001B2A42D808340AF1100322681A60626881
:1028E0005A60A2689A606646D1463C4607E7A368EC
:1028F0008360E368C360242A26D004F1100200F14B
:102900001003DBE63A46BFE7214638461E46D1466D
:1029100000F06AF83C46F2E63B46DEE721463846E0
:102920006646D14600F060F83C46E8E62894FF1F72
:10293000A168CAF81010E168CAF81410242A20D03F
:1029400010340AF118029FE723690361616941614C
:1029500004F1180200F11803B0E6A368CAF81030B9
:10296000E368CAF81430242A21D010340AF118037D
:10297000B3E73A4633E72146384600F035F8164BC0
:1029800033E72269CAF818206269CAF81C20183493
:102990000AF1200278E7A168CAF81010E168CAF8C5
:1029A0001410242A0DD010340AF1180217E72369F5
:1029B000CAF818306369CAF81C3018340AF12003C9
:1029C0008BE72269CAF818206269CAF81C201834FB
:1029D0000AF1200203E700BF2894FF1F13460A46AE
:1029E0000146022000F0FAB988420DD98B188342C3
:1029F0000AD900EB020CBAB1624613F801CD02F815
:102A000001CD9942F9D170470F2A0ED8034602F141
:102A1000FF3C4AB10CF1010C013B8C4411F8012B35
:102A200003F8012F6145F9D1704740EA01039B0784
:102A300050D1A2F1100370B501F1200C23F00F0565
:102A400001F1100E00F11004AC441B095EF8105C9B
:102A500044F8105C5EF80C5C44F80C5C5EF8085CB2
:102A600044F8085C5EF8045C44F8045C0EF1100E57
:102A7000E64504F11004E9D1013312F00C0F01EB2B
:102A8000031102F00F0400EB031327D0043C24F0E1
:102A900003064FEA940C1E441C1F8E465EF8045B2E
:102AA00044F8045FB442F9D10CF1010402F00302CE
:102AB00003EB840301EB840102F1FF3C4AB10CF10A
:102AC000010C013B8C4411F8012B03F8012F6145E7
:102AD000F9D170BD02F1FF3C03469BE72246EBE7CC
:102AE000830730B548D0541E002A3FD0CAB20346EF
:102AF00001E0013C3AD303F8012B9D07F9D1032CE7
:102B00002DD9CDB245EA05250F2C45EA054536D924
:102B1000A4F1100222F00F0C03F1200EE6444FEA5C
:102B2000121C03F1100242E9045542E90255103229
:102B30007245F8D10CF1010214F00C0F03EB0212F4
:102B400004F00F0C13D0ACF1040323F0030304339F
:102B5000134442F8045B9342FBD10CF003042CB104
:102B6000C9B21C4403F8011B9C42FBD130BD644632
:102B70001346002CF4D1F9E703461446BFE71A4682
:102B8000A446E0E7002A3ED040EA01039B0730B5A7
:102B900084462FD1032A2DD90B4608E0043A8446F7
:102BA000194625D01EF0803F22D1032A22D904687D
:102BB000194653F8045BA4F1013EAC4284462EEA68
:102BC000040E00F10400E9D09CF800000C78A0424B
:102BD0001BD1E64668B11EF8010F11F8014FA2EBB8
:102BE0000E03A04203F1FF330FD11CEB0303F1D11D
:102BF000002030BD9CF800000C78844205D1012AE9
:102C0000F6D0E646E6E710467047001B30BD00BF31
:102C100040EA01039B0730B501D1032A0FD884464F
:102C200001F1FF3E07E01EF8011F03F8011B541ECF
:102C3000C1B19C4622466346002AF4D130BD0B4602
:102C40008446194653F8045BA5F1013424EA0504CF
:102C500014F0803FE4D1043A032A4CF8045B19468F
:102C6000EFD8DDE79444002CE8D003F8011B63455E
:102C7000FBD130BD38B5074D0022044608462A6016
:102C8000FBF7B4FF431C00D038BD2B68002BFBD0F2
:102C9000236038BD34A3FF1F014B1868704700BF85
:102CA0005899FF1F70B50D4E0D4D761BB61006D00E
:102CB000002455F8043B01349847A642F9D1094E47
:102CC000094D761B03F04EFDB61006D0002455F8D2
:102CD000043B01349847A642F9D170BD70670100EA
:102CE000706701008867010070670100704700BFCE
:102CF000704700BFFFFFFFFFFFFFFFFFFFFFFFFF6A
:102D000090F800F06DE9024520F007016FF0000C2B
:102D100010F0070491F820F040F049804FF00004D3
:102D20006FF00700D1E9002391F840F000F10800AE
:102D300082FA4CF2A4FA8CF283FA4CF3A2FA8CF3E6
:102D40004BBBD1E9022382FA4CF200F10800A4FA4D
:102D50008CF283FA4CF3A2FA8CF3E3B9D1E90423A1
:102D600082FA4CF200F10800A4FA8CF283FA4CF3D8
:102D7000A2FA8CF37BB9D1E9062301F1200182FA92
:102D80004CF200F10800A4FA8CF283FA4CF3A2FA98
:102D90008CF3002BC6D0002A04BF04301A4612BAA6
:102DA000B2FA82F2FDE8024500EBD2007047D1E9A9
:102DB000002304F00305C4F100004FEAC50514F038
:102DC000040F91F840F00CFA05F562EA05021CBF09
:102DD00063EA050362464FF00004A9E72DE9F047D6
:102DE000DFF874A00646DAF8000098460F469146D0
:102DF000FFF77CFF194B1C6824B365681F2D24DC8A
:102E00005EB96B1C0235DAF80000636044F8257087
:102E1000FFF76EFF0020BDE8F08704EB850101237A
:102E2000C1F88890D4F88821AB401A43022EC4F828
:102E30008821C1F80881E4D1D4F88C211A43C4F860
:102E40008C21DEE7064C1C60D7E7DAF80000FFF7BC
:102E50004FFF4FF0FF30DEE75C99FF1FD0A4FF1F4C
:102E600040A3FF1F024B13B1024800F005B87047A2
:102E70000000000031310100002301461A461846C7
:102E8000FFF7ACBFF8B5244F0C460646FFF7A2FB90
:102E9000BB685D68C4F57E610F3125F003054B19F1
:102EA00023F47F6323F00F03A3F58054B4F5805F10
:102EB00007DB00213046FFF7DDFEBB682B4498425C
:102EC00004D03046FFF78CFB0020F8BD614230464D
:102ED000FFF7D0FE01300DD0104ABB682D1B45F026
:102EE00001055D60136830461B1B1360FFF778FB1C
:102EF0000120F8BD00213046FFF7BCFEBA68831AF6
:102F00000F2BDEDD43F001035360054B03491B68C3
:102F1000C01A0860D5E700BF2894FF1FC8A1FF1F93
:102F20003098FF1F002961D0F8B50C460646FFF720
:102F300051FB54F8042C7B4FA4F1080522F0010149
:102F400005EB010CB868DCF80430604523F003039E
:102F500000F08B80D207CCF8043032D454F8082C1F
:102F6000AD1A1144AA6807F1080082426AD00CEB3E
:102F70000304D4F804E0EC68D4601EF0010FA260F2
:102F800000F0978041F001036B60CCF80010B1F5C0
:102F9000007F35D27868CB080122490901338A4085
:102FA000024357F833107A6007EBC302083AC5E9C9
:102FB000021247F83350CD603046BDE8F840FFF7C5
:102FC0000FBB0CEB03025268D00710D4194407F171
:102FD0000800DCF80830834273D0DCF80C20DA609B
:102FE000936041F001036B606950D0E7704741F096
:102FF0000103B1F5007F44F8043CCCF80010C9D3BC
:10300000B1F5206F4FEA512348D28B0903F1390003
:1030100003F13802C300F818FB580838984259D019
:103020005A6822F003028A4202D99B689842F7D17B
:10303000D868C5E902308560DD603046BDE8F840FB
:10304000FFF7CEBA0CEB03025268D20763D40B44ED
:10305000DCE90212CA60916043F001026A60304606
:10306000EB50BDE8F840FFF7BBBA0B44D10707D4DB
:1030700054F8082CAD1A1344D5E90212CA609160C5
:1030800043F001026A60284ABD6012689A4293D8F0
:10309000264B30461968FFF7F5FE8DE7142B0AD949
:1030A000542B1FD80B0B03F16F0003F16E02C3000A
:1030B000B1E719448DE703F15C0003F15B02C30043
:1030C000A9E741F00103C7E90455C5E902006B60B7
:1030D000695071E779689210012404FA02F20A43F8
:1030E0007A60A6E7B3F5AA7F06D8CB0B03F1780088
:1030F00003F17702C3008EE740F25452934206D8A0
:103100008B0C03F17D0003F17C02C30083E74FF4D5
:103110007E737E227FE741F001036B60CCF80010E4
:103120004AE700BF2894FF1F3498FF1FF8A1FF1F34
:1031300038B5074D074C2C1BA41005D0013C55F8A1
:10314000043D9847002CF9D1BDE8384003F01CBB82
:10315000000000000000000091050000950500003F
:103160009D050000A5050000FBFFFFFFF8FFFFFF26
:10317000F6FFFFFFFAFFFFFFF8FFFFFFF6FFFFFF7D
:10318000FDFFFFFFFBFFFFFFF9FFFFFFFDFFFFFF5D
:10319000F9FFFFFFF7FFFFFFFEFFFFFFFCFFFFFF51
:1031A000F7FFFFFFFBFFFFFFF8FFFFFFF6FFFFFF4B
:1031B000FCFFFFFFFAFFFFFFF6FFFFFFFDFFFFFF32
:1031C000FBFFFFFFF9FFFFFFFCFFFFFFFAFFFFFF21
:1031D000F6FFFFFFFEFFFFFFFCFFFFFFF7FFFFFF14
:1031E000FBFFFFFFF8FFFFFFF6FFFFFFFEFFFFFF04
:1031F000FCFFFFFFF7FFFFFF2C011301FA00E100C6
:10320000C800AF0096007D0064004B00320019003A
:10321000FBFFFFFFF8FFFFFFF4FFFFFFFAFFFFFFD9
:10322000F7FFFFFFF4FFFFFFFDFFFFFFF9FFFFFFC9
:10323000F4FFFFFFFAFFFFFFF7FFFFFFF4FFFFFFC1
:10324000FCFFFFFFF7FFFFFFF4FFFFFFFBFFFFFFA8
:10325000F8FFFFFFF4FFFFFFFDFFFFFFFAFFFFFF97
:10326000F4FFFFFFFBFFFFFFF8FFFFFFF4FFFFFF8F
:10327000FDFFFFFFF8FFFFFFF4FFFFFFFCFFFFFF75
:10328000F7FFFFFFF4FFFFFFFBFFFFFFF8FFFFFF6C
:10329000F4FFFFFFFCFFFFFFF7FFFFFFF4FFFFFF5F
:1032A000FBFFFFFFF8FFFFFFF4FFFFFFFAFFFFFF49
:1032B000F7FFFFFFF4FFFFFFFDFFFFFFF9FFFFFF39
:1032C000F4FFFFFFFAFFFFFFF7FFFFFFF4FFFFFF31
:1032D000FCFFFFFFF7FFFFFFF4FFFFFFFBFFFFFF18
:1032E000F8FFFFFFF4FFFFFFFDFFFFFFFAFFFFFF07
:1032F000F4FFFFFFFDFFFFFFF9FFFFFFF4FFFFFFFC
:10330000FDFFFFFFF8FFFFFFF4FFFFFFFCFFFFFFE4
:10331000F7FFFFFFF4FFFFFFFBFFFFFFF8FFFFFFDB
:10332000F4FFFFFFFCFFFFFFF7FFFFFFF4FFFFFFCE
:1033300000000000070000000C000000100000006A
:1033400013000000180000001C0000000000000036
:10335000070000000C000000100000001300000037
:103360001600000018000000000000000700000028
:103370000C00000013000000180000001F000000F7
:1033800024000000000000000C00000018000000F5
:1033900024000000300000003C0000004800000055
:1033A00000000000070000000C00000010000000FA
:1033B00013000000180000001C00000000000000C6
:1033C000070000000C0000001000000013000000C7
:1033D00016000000180000000000000007000000B8
:1033E0000C00000013000000180000001F00000087
:1033F00024000000000000000C0000001800000085
:1034000024000000300000003C00000048000000E4
:10341000010201010001010102010102010101019A
:10342000010102010102010102010101000001028A
:10343000010102010101010001020101020101007B
:103440000202010201010201000202020102010165
:103450000200010202020102010100000002020258
:103460000102010101000002020201020100020248
:103470000202020201020002020102020202010231
:103480000002020201020202010100020202020223
:103490000202010000020200020202020002010216
:1034A0000202020202020002000202020202020200
:1034B00040067805B004E80384032003BC025802E8
:1034C000F40190012C01FA00C8009600640032005B
:1034D0001900FFFFFF0700006A080000D508000080
:1034E0003F090000A9090000110A0000780A000045
:1034F000DD0A0000400B0000A10B0000FF0B0000E4
:103500005A0C0000B20C0000080D0000590D00001C
:10351000A70D0000F10D0000360E0000770E000030
:10352000B40E0000EC0E00001F0F00004D0F000055
:10353000770F00009A0F0000B90F0000D20F0000B3
:10354000E50F0000F30F0000FC0F0000FF0F00006C
:10355000FC0F0000F30F0000E50F0000D20F000089
:10356000B90F00009A0F0000770F00004D0F000008
:103570001F0F0000EC0E0000B40E0000770E0000DC
:10358000360E0000F10D0000A70D0000590D0000DF
:10359000080D0000B20C00005A0C0000FF0B0000E8
:1035A000A10B0000400B0000DD0A0000780A0000BB
:1035B000110A0000A90900003F090000D508000019
:1035C0006A080000FF0700009407000029070000B8
:1035D000BF06000055060000ED050000860500004E
:1035E00021050000BE0400005D040000FF03000090
:1035F000A40300004C030000F6020000A502000036
:10360000570200000D020000C80100008701000001
:103610004A01000012010000DF000000B1000000BC
:103620008700000064000000450000002C0000003E
:10363000190000000B000000020000000000000064
:10364000020000000B000000190000002C00000028
:10365000450000006400000087000000B100000089
:10366000DF000000120100004A0100008701000095
:10367000C80100000D02000057020000A502000072
:10368000F60200004C030000A4030000FF0300004A
:103690005D040000BE040000210500008605000056
:1036A000ED05000055060000BF06000029070000D8
:1036B0009407000001020101000101010201010261
:1036C00001010101010102010102010102010101E7
:1036D00000000102010102010101010001020101DA
:1036E00002010100020201020101020100020202C4
:1036F00001020101020001020202010201010000B7
:1037000000020202010201010100000202020102A4
:103710000100020202020202010200020201020290
:103720000202010200020202010202020101000281
:103730000202020202020100000202000202020270
:103740000002010202020202020200020002000163
:10375000010100010002000201010101000100025B
:103760000000000000000000000200020001010152
:10377000000000020002000101010100000200023D
:103780000000010100000002000200010001000031
:10379000000200020001010000000002000200011E
:1037A0000000000000020002000001000000000212
:1037B0000001000000000000000200010100000004
:1037C0000000FFFF00000000DE000000C800000055
:1037D000B5000000A7000000980000008F00000066
:1037E000820000007D0000000000000007000000D3
:1037F0000C00000010000000130000001800000082
:103800001C00000000000000070000000C00000089
:103810001000000013000000160000001800000057
:1038200000000000070000000C0000001300000072
:10383000180000001F00000024000000000000002D
:103840000C00000018000000240000003000000000
:103850003C0000004800000000007805220B041026
:10386000B4143219B01DFC214826FE29822D3831AE
:1038700026344637663A223DFF3FFFFF0000D0075F
:10388000100E88133219AA1E282374275C2B442F8C
:10389000643284354038663A8C3C803EFF3FFFFFFF
:1038A0000000540BEC13FA1908201C253629EC2CC7
:1038B0000C302C33E8357238663AF63B863D163FBD
:1038C000FF3FFFFF0000CC10581BFC21AC26C62A8E
:1038D0007C2E3831F4334C36A438983A5A3C543D57
:1038E000803E7A3FFF3FFFFF000058024605660812
:1038F000540BD80E5C12E015FA19141E6022AC2687
:103900005C2B0C30BC34023AFF3FFFFF00009001FB
:1039100020031405D0075A0AAC0DCC10B4146A1851
:10392000E81C342180252A2B70301437FF3FFFFF1D
:103930000000C800F4018403140508072E091C0CBC
:10394000D80EF811AE159619401F1C25F22B5834CD
:10395000FF3FFFFF00006400C8009001BC021A0492
:10396000DC059E07F609800CA00F2413A2174C1D3E
:103970005424442FFF3FFFFF00005802460566080D
:10398000540BD80E5C127017FC21F82A7030583492
:10399000DC37663A8C3C803EFF3FFFFF0000580258
:1039A00046056608540BA00FD4172823F82A442F85
:1039B000643284354038663A8C3C803EFF3FFFFFDE
:1039C000000078053408540B800C3C0F5C12E015A5
:1039D000FA19141E6022AC265C2B0C30BC34023A5F
:1039E000FF3FFFFF0000D007800CD80E0010C01270
:1039F000EC130C17FA19141E6022AC265C2B0C3049
:103A0000BC34023AFF3FFFFFFDFFFFFFFBFFFFFF5C
:103A1000F8FFFFFFFDFFFFFFFBFFFFFFF8FFFFFFCA
:103A2000FDFFFFFFFAFFFFFFF7FFFFFFFDFFFFFFB7
:103A3000FBFFFFFFF7FFFFFFFCFFFFFFFBFFFFFFA9
:103A4000F7FFFFFFFDFFFFFFFAFFFFFFF7FFFFFF9D
:103A5000FDFFFFFFFBFFFFFFF8FFFFFFFDFFFFFF85
:103A6000FBFFFFFFF8FFFFFFFDFFFFFFFAFFFFFF78
:103A7000F7FFFFFFFCFFFFFFFBFFFFFFF7FFFFFF6D
:103A8000FDFFFFFFFBFFFFFFF7FFFFFFFDFFFFFF56
:103A9000FAFFFFFFF7FFFFFFFDFFFFFFFBFFFFFF49
:103AA000F7FFFFFFFDFFFFFFFBFFFFFFF7FFFFFF3C
:103AB000FDFFFFFFFAFFFFFFF7FFFFFFFDFFFFFF27
:103AC000FAFFFFFFF8FFFFFFFDFFFFFFFAFFFFFF19
:103AD000F7FFFFFFFDFFFFFFFAFFFFFFF7FFFFFF0D
:103AE000FDFFFFFFFAFFFFFFF8FFFFFFFDFFFFFFF6
:103AF000FAFFFFFFF8FFFFFFFDFFFFFFFAFFFFFFE9
:103B0000F7FFFFFFFCFFFFFFFBFFFFFFF7FFFFFFDC
:103B1000FDFFFFFFFAFFFFFFF7FFFFFFFDFFFFFFC6
:103B2000FAFFFFFFF7FFFFFFFEFFFFFFFBFFFFFFB7
:103B3000F8FFFFFFFEFFFFFFFBFFFFFFF8FFFFFFA8
:103B4000FDFFFFFFFAFFFFFFF7FFFFFFFCFFFFFF97
:103B5000FAFFFFFFF7FFFFFFFCFFFFFFFAFFFFFF8A
:103B6000F7FFFFFFFDFFFFFFFAFFFFFFF7FFFFFF7C
:103B7000FDFFFFFFF9FFFFFFF7FFFFFFFDFFFFFF67
:103B8000F9FFFFFFF7FFFFFFFDFFFFFFFAFFFFFF5A
:103B9000F7FFFFFFFDFFFFFFFAFFFFFFF7FFFFFF4C
:103BA000FDFFFFFFFAFFFFFFF6FFFFFFFDFFFFFF37
:103BB000FAFFFFFFF7FFFFFFFEFFFFFFFBFFFFFF27
:103BC000F7FFFFFFFEFFFFFFFBFFFFFFF7FFFFFF1A
:103BD000FDFFFFFFFAFFFFFFF7FFFFFFFDFFFFFF06
:103BE000FBFFFFFFF8FFFFFFFDFFFFFFFBFFFFFFF6
:103BF000F8FFFFFFFDFFFFFFFAFFFFFFF7FFFFFFEB
:103C0000FCFFFFFFF9FFFFFFF7FFFFFFFCFFFFFFD8
:103C1000F9FFFFFFF7FFFFFFFDFFFFFFFAFFFFFFC9
:103C2000F7FFFFFFFDFFFFFFFAFFFFFFF7FFFFFFBB
:103C3000FDFFFFFFF9FFFFFFF6FFFFFFFDFFFFFFA7
:103C4000FAFFFFFFF7FFFFFF00000000CDCC4C3D67
:103C5000CDCCCC3D9A99193ECDCC4C3E0000803E57
:103C60009A99993E3333B33ECDCCCC3E6666E63E60
:103C7000FBFFFFFFF7FFFFFFF4FFFFFFFBFFFFFF6F
:103C8000F7FFFFFFF4FFFFFFFDFFFFFFF7FFFFFF61
:103C9000F4FFFFFFFDFFFFFFF8FFFFFFF4FFFFFF53
:103CA000FAFFFFFFF7FFFFFFF4FFFFFFFBFFFFFF40
:103CB000F7FFFFFFF4FFFFFFFBFFFFFFF7FFFFFF33
:103CC000F4FFFFFFFBFFFFFFF7FFFFFFF4FFFFFF26
:103CD000FDFFFFFFF8FFFFFFF4FFFFFFFDFFFFFF0A
:103CE000F8FFFFFFF4FFFFFFFDFFFFFFF8FFFFFFFF
:103CF000F4FFFFFFFAFFFFFFF8FFFFFFF4FFFFFFF6
:103D0000FBFFFFFFF7FFFFFFF4FFFFFFFBFFFFFFDE
:103D1000F7FFFFFFF4FFFFFFFBFFFFFFF7FFFFFFD2
:103D2000F4FFFFFFFDFFFFFFF8FFFFFFF4FFFFFFC2
:103D3000FDFFFFFFF8FFFFFFF4FFFFFFFDFFFFFFA9
:103D4000F8FFFFFFF4FFFFFFFBFFFFFFF7FFFFFFA1
:103D5000F4FFFFFFFBFFFFFFF7FFFFFFF4FFFFFF95
:103D6000FBFFFFFFF8FFFFFFF4FFFFFFFCFFFFFF7C
:103D7000F9FFFFFFF4FFFFFFFDFFFFFFF8FFFFFF6D
:103D8000F4FFFFFFFCFFFFFFF7FFFFFFF4FFFFFF64
:103D9000FBFFFFFFF7FFFFFFF6FFFFFFFBFFFFFF4C
:103DA000F7FFFFFFF6FFFFFFFBFFFFFFF7FFFFFF40
:103DB000F6FFFFFFFDFFFFFFFCFFFFFFF8FFFFFF28
:103DC000FDFFFFFFFCFFFFFFF8FFFFFFFDFFFFFF11
:103DD000FCFFFFFFF8FFFFFFFBFFFFFFF7FFFFFF09
:103DE000F6FFFFFFFBFFFFFFF7FFFFFFF6FFFFFF01
:103DF000FBFFFFFFFAFFFFFFF8FFFFFFFCFFFFFFE6
:103E0000F9FFFFFFF8FFFFFFFDFFFFFFFCFFFFFFD4
:103E1000F8FFFFFFFCFFFFFFFAFFFFFFF7FFFFFFC9
:103E20000000FF03FF07FF0BFF0FFF13FF17FF1B30
:103E3000FF1FFF23FF27FF2BFF2FFF33FF37FF3B22
:103E4000FF3FFFFFC4380100A03801007C380100AB
:103E500058380100203E0100E83801000C3901000B
:103E60003039010054390100783901009C390100D2
:103E7000C0390100E439010054485200534E530048
:103E80004D4158007C00FFFF4155544F43414C00C9
:103E90004C45564552000000544F55434800000021
:103EA0004C49502F4543000042454E44000000005D
:103EB000424954450000000042524541544800FF29
:103EC000903E0100A49BFF1F7805D0079A9BFF1F1F
:103ED0007805D00799540000B83E0100BE9AFF1F34
:103EE0000000FF0FBC9AFF1F0000FF0F15550000D8
:103EF000983E0100D69AFF1F32005E0100000000CC
:103F000000000000B5540000A83E0100009CFF1F07
:103F1000F401A00FFE9BFF1FF401A00FDD54000071
:103F2000B03E0100129CFF1FBC025C12109CFF1FE0
:103F3000BC025C12F9540000A03E0100149BFF1F5C
:103F4000F401A00F129BFF1FF401A00FC154000049
:103F5000360000006D360000370000006D3700FFAE
:103F600043230000442300004600000046230000D5
:103F700047230000426200FF4F4E00004F464600BC
:103F80004D4752004D4744004D4139004D4E4400CD
:103F90004D4E41004D4E480046574300525441009B
:103FA0005254420052544300433E000043233E001B
:103FB000443E000044233E00453E0000463E0000D3
:103FC00046233E00473E000047233E00413E00009E
:103FD00042623E00423E00003E433C003C43230020
:103FE0003C4400003C4423003C4500003C460000AB
:103FF0003C4623003C4700003C4723003C41000076
:104000003C4262003C4200003C4300FF42415400FD
:104010004C4F57200000000046554C4C000000005B
:104020004348472000000000555342004D454E557F
:1040300020202020202020202058585820592E5958
:104040005600FFFF4C4F0000484900FF4E45470017
:10405000504F53004E524D00524556004252544864
:10406000000000005054434800FFFFFF504244004E
:1040700045434200454353004C564C004C565000BB
:10408000474C44004543480051544E004D4F4400B6
:10409000415400FF44594E006D7300FF312F00FF63
:1040A000762E0000317737733400FFFF53455400FC
:1040B000434C52005749444900FFFFFF444F4E27ED
:1040C0005400000050414E494300FFFF4E755241DD
:1040D000440000006669726D7761726520762E007B
:1040E00055534220706F7765720000004C69506F25
:1040F0002063686172676564000000004C69506F5E
:10410000206368617267696E67000000416C6B61D3
:104110006C696E65206261747465727900000000DC
:1041200030202520617420004E694D482062617462
:1041300074657279000000004C69506F20626174F0
:104140007465727900FFFFFF564942004343000047
:104150005649422B00000000474C442B0000000051
:104160005647000056472B00474C5300535700005A
:1041700053454C005345450053574F004D570000E1
:10418000465000004346000053500000484D3100A7
:10419000484D3200355448004F43540048315200D6
:1041A00048325200355452004F435200455749009F
:1041B000455758005341580045565200585649003B
:1041C000585652005758350042520000564C0000D5
:1041D000455800004D572B0042522B00564C2B00E7
:1041E00045582B00554E4F002D3400002D33000054
:1041F0002D3200002D3100004C494E002B310000C3
:104200002B3200002B3300002B3400005331000010
:10421000533200005A3100005A320000414C4B002A
:104220004E4D48004C5031004C50320056494252DD
:1042300041544F00564942324252414D5400000011
:10424000414D4F554E540000564942324252444966
:1042500052000000444952454354494F4E0000006B
:10426000535155454C4348204200000053454E539E
:104270004520425445000000535155454C434820C9
:104280004C00000053454E5345204C565200000050
:1042900052455455524E00004445505448000000C9
:1042A0005345545550204354524C53004558545292
:1042B00041204B4559000000455854524120504B75
:1042C00045590000524F4C4C524D4F4445000000A0
:1042D00046494E474552494E470000004C45564519
:1042E0004C204343000000004D4F44204B455900F3
:1042F0004445474C4954434800000000474C49534B
:1043000053000000474C4953532054494D45000089
:104310004841524D2053454C00000000534552493E
:104320004553000045584354204841524D00000079
:104330004841524D2052414E474500004558435494
:10434000204343204200000045584354204343206B
:1043500041000000504954434842454E440000008B
:10436000474C494445204D494E0000004D494E20E0
:104370004C4556454C000000474C494445204D41B2
:10438000580000004D4158204C4556454C00000057
:10439000474C494445204D4F44000000504F525473
:1043A0002F474C44000000004C45564552204343E3
:1043B000000000004343204E554D4245520000008E
:1043C0004C455645522043544C0000004C45564540
:1043D0005220444553540000424954452043430071
:1043E000424954452043544C000000004249544582
:1043F0002044455354000000534554555020425228
:104400004541544800000000425220494E54455254
:1044100056000000434320494E54455256000000C8
:1044200056454C20424F4F535400000056454C20F7
:1044300044454C4159000000435552564500000088
:1044400056454C4F434954590000000042524541E3
:104450005448204154000000434320422052495315
:1044600045000000425254482043432042000000CF
:1044700042525448204343204100000041424F55DE
:10448000540000004558545241530000504F4C59BD
:1044900020504C415900000053455455502043547E
:1044A0004C0000005345545550204252000000007B
:1044B00041444A55535400004D4944492043480063
:1044C0004D4944492043484E4C000000424154208D
:1044D0005459504500000000574C204348414E00BD
:1044E000574C20504F57455200000000435620457E
:1044F00043204C464F00000052415445000000004C
:104500004356205343414C45000000005343414C67
:10451000494E470043562054554E450054554E4988
:104520004E47000046415354504154434800000058
:104530004641535420424F4F540000004441432011
:104540004F5554004741544520484F4C440000000B
:104550004C45474143592042520000004C454741D9
:1045600043592050420000004F435441564500003B
:104570005452414E53504F5345000000504F4C5938
:1045800020504C415920534554555000524F5441EE
:10459000544F522043000000524F5441544F522078
:1045A00042000000524F5441544F5220410000003D
:1045B0004F5446204B4559004F5446204B455953C4
:1045C00057000000484D5A204C494D495400000006
:1045D000564F494345530000504F4C59204D4F44CE
:1045E0004500000053454C4543540000484D5A20B7
:1045F0004B4559004B455920504C4159454400000A
:104600004657432044524F503200000044524F500E
:1046100020320000465743204C4F434B48000000D7
:104620004C48204D454C4F4459000000465743200C
:10463000545950450000000043484F5244000000C8
:104640005052494F52495459000000004D4F4E4FAF
:10465000205052494F00000052544320524F5420E2
:104660003400000053454D49544F4E45530000005F
:1046700052544320524F54203300000052544320E0
:10468000524F54203200000052544320524F5420C5
:104690003100000052544320504152414C00000070
:1046A00052544220524F54203400000052544220B1
:1046B000524F54203300000052544220524F542095
:1046C0003200000052544220524F5420310000006A
:1046D00052544220504152414C000000525441205B
:1046E000524F54203400000052544120524F542065
:1046F0003300000052544120524F54203200000039
:1047000052544120524F5420310000005254412055
:10471000504152414C00FFFFAC410100B04101004B
:10472000B441010084590100B8410100BC410100BD
:10473000C0410100C44101008C41010090410100D1
:1047400094410100984101009C410100A0410100F9
:10475000A4410100A84101007C3F01007C4101000F
:104760008041010084410100884101007C3F01003B
:10477000783F01006C41010070410100744101006B
:10478000784101007C3F0100484101008040010068
:104790004C410100504101005841010060410100BD
:1047A000644101007C3F010048410100804001005C
:1047B0004C4101005041010058410100604101009D
:1047C00064410100684101007C3F01007C4101001F
:1047D000C8410100CC410100D0410100D441010099
:1047E000D8410100DC410100E041010084410100A9
:1047F000E44101001C42010020420100244201006A
:1048000028420100E8410100EC410100F0410100B3
:10481000F4410100F8410100FC41010000420100A7
:1048200004420100084201000C4201001042010054
:104830001442010018420100FC0800009808000022
:10484000CA080000CA080000CC0B0000400B0000A2
:10485000460A0000460A0000800C0000400B0000E1
:10486000460A0000460A000001000000B0440100B2
:104870000300000000000000D8430100B443010021
:10488000789AFF1F00007F0001000000A17900005E
:10489000256700000000000001000000A4440100A2
:1048A0000400000000000000144501001C45010048
:1048B000F09AFF1F0100C700000000008D73000088
:1048C0007565000000000000010000008444010044
:1048D0000900000000000000EC450100F445010063
:1048E0006C9BFF1F00000B00010000001D68000012
:1048F0004565000000000000000000006845010060
:1049000068450100BA9BFF1F000006000000000080
:10491000A1730000A5650000000000000000000079
:10492000B0450100B8450100E29BFF1F00000100F7
:104930000100000001740000356500000000000067
:1049400000000000C4420100C4420100289CFF1F77
:1049500000000300010000005D7A000045660000D1
:104960000000000000000000544201005442010019
:10497000889CFF1F0000010001000000656E000020
:10498000A56700000000000000000000E0430100F7
:10499000EC4301007A9AFF1F0000080001000000AC
:1049A000E96F000035670000000000000100000012
:1049B000984401000500000000000000EC440100E4
:1049C000F8440100F29AFF1F0000080001000000F7
:1049D000457C000035710000000000000000000070
:1049E000004501000C450100E49AFF1F0100C700CB
:1049F0000000000079730000656500000000000001
:104A0000000000003C4501003C450100FC9AFF1FEE
:104A100000000100000000009D710000856500009D
:104A200000000000000000002C4601003846010094
:104A30003A9BFF1F0000030001000000D567000043
:104A4000156500000000000000000000A843010000
:104A5000B4430100969BFF1F00007F00010000008F
:104A6000D97500000567000000000000000000008C
:104A7000AC420100B8420100AC9BFF1F00001900CE
:104A8000000000002D7300006566000000000000BB
:104A900001000000A44501000A0000000100000020
:104AA000984501000B000000010000008C4501004A
:104AB0000C000000010000008C4401000600000012
:104AC0000000000020440100204401007C9CFF1FE6
:104AD0000000090001000000E57D0000D565000030
:104AE000000000000000000090420100704301003F
:104AF000768EFF1F0000040000000000E977000030
:104B0000B56700000000000000000000E044010064
:104B1000E0440100BC9CFF1F0000030000000000F7
:104B200061730000E16B0000000000000000000065
:104B30004C4401004C4401008C9AFF1F000001000E
:104B400001000000A96900002D70000000000000B5
:104B50000000000070440100704401008E9AFF1FA5
:104B600000000A000100000099700000757000004C
:104B70000000000000000000F0420100F0420100CF
:104B8000FE9AFF1F0000460000000000C17E0000EA
:104B90009566000000000000000000003C4301009A
:104BA0003C4301000E9BFF1F00007F00010000003E
:104BB0007D7D0000B56600000000000000000000E0
:104BC0003045010030450100169BFF1F0000010029
:104BD00000000000F968000079710000000000008A
:104BE00000000000004601000C460100369BFF1F3C
:104BF0000000010001000000AD6D0000F564000040
:104C000000000000000000001446010020460100E2
:104C1000389BFF1F00000100010000002574000008
:104C20000565000000000000000000004445010090
:104C3000444501003E9BFF1F0000010001000000F1
:104C400025690000D1710000000000000000000094
:104C5000C4450100D04501006E9BFF1F0200050006
:104C600001000000B97A0000256500000000000086
:104C70000000000001000000A1740000000000001E
:104C80005045010050450100909BFF1F00000100AE
:104C90000100000051690000F571000000000000F3
:104CA000000000005C4501005C4501008E9BFF1F79
:104CB00000000100010000007D6900001972000081
:104CC0000000000000000000C0430100CC430100D0
:104CD000989BFF1F0000070001000000A96F000063
:104CE0001567000000000000000000000047010000
:104CF000644601002E9CFF1F0000300000000000F1
:104D0000F173000075740000000000000000000056
:104D1000F446010064460100309CFF1F0000300093
:104D200000000000F1730000757400000000000036
:104D300000000000E846010064460100329CFF1FAD
:104D40000000300000000000F173000075740000E6
:104D50000000000000000000DC4601006446010085
:104D6000349CFF1F0000300000000000F1730000C1
:104D70007574000000000000000000002C440100D9
:104D80002C4401007E9CFF1F00001E00010000005B
:104D90004D7E0000E56500000000000000000000FE
:104DA0004044010040440100809CFF1F00007F0040
:104DB00001000000AD7C000005660000000000005E
:104DC000000000009842010070430100A89CFF1FF2
:104DD00000000900000000000D7B0000C567000016
:104DE0000000000000000000844201007043010048
:104DF000788EFF1F01000C000000000041780000C9
:104E000095670000000000000000000001000000A5
:104E1000ED8F0000000000006444010064440100C4
:104E2000909AFF1F00007F0001000000157D000028
:104E30005170000000000000000000002445010047
:104E400024450100269BFF1F000001000000000018
:104E5000CD68000055710000000000000000000057
:104E6000D0420100D0420100349BFF1F0000070028
:104E700001000000896E000055660000000000007F
:104E800000000000FC42010004430100549BFF1F8E
:104E900007007F0001000000357F0000256600004C
:104EA0000000000000000000244301003043010026
:104EB000649BFF1F0000060001000000DD7B000076
:104EC000A56600000000000000000000DC420100B8
:104ED000DC420100929BFF1F00007F0001000000E8
:104EE000757B0000756600000000000000000000F7
:104EF000010000000587000000000000544301008D
:104F0000544301008A99FF1F00000C0000000000BC
:104F1000AD7F0000356600000000000000000000CA
:104F200078430100844301000C9CFF1F00007F00B8
:104F30000100000031760000E5660000000000007E
:104F400000000000C4460100644601003A9CFF1FB7
:104F50000000300000000000F173000089640000D0
:104F60000000000000000000B84601006446010097
:104F70003C9CFF1F0000300000000000F1730000A7
:104F8000896400000000000000000000AC46010041
:104F9000644601003E9CFF1F00003000000000003E
:104FA000F1730000896400000000000000000000B0
:104FB000A046010064460100409CFF1F0000300035
:104FC00000000000F1730000896400000000000090
:104FD000000000008846010064460100469CFF1F57
:104FE0000000300000000000F17300004974000070
:104FF00000000000000000007C4601006446010043
:10500000489CFF1F0000300000000000F17300000A
:10501000497400000000000000000000704601001C
:10502000644601004A9CFF1F0000300000000000A1
:10503000F17300004974000000000000000000004F
:1050400058460100644601004C9CFF1F00003000E0
:1050500000000000F173000049740000000000002F
:10506000000000007045010070450100789CFF1FA2
:105070000000180000000000796A0000B56500001B
:105080000000000000000000344201004042010026
:10509000748EFF1F00000A000000000091770000DE
:1050A00045670000000000000000000048420100C9
:1050B00054420100849CFF1F000001000100000019
:1050C000416E000055670000000000000000000075
:1050D000D8440100D84401000A8FFF1F040050008B
:1050E00000000000E1760000D56B00000000000029
:1050F0000000000001000000056D0000F843010001
:1051000000000101090000000C8FFF1F8444010012
:10511000000005010C000000808FFF1F0000000050
:10512000104301001C430100629BFF1F00000700A9
:1051300001000000E96E0000C96E000000000000E0
:10514000000000000000000000000000000000005F
:10515000000000000000000000000000000000004F
:10516000000000000000000000000000000000003F
:10517000000000000000000000000000000000002F
:10518000000000000000000000000000000000001F
:10519000000000000000000000000000000000000F
:1051A00000000000000000000000000000000000FF
:1051B00000000000000000000000000000000000EF
:1051C00000000000000000000000000000000000DF
:1051D00000000000000000000000000000000000CF
:1051E00000000000000000000000000000000000BF
:1051F00000000000000000000000000000000000AF
:10520000000000000000000000000000000000009E
:10521000000000000000000000000000000000008E
:10522000000000000000000000000000000000007E
:10523000000000000000000000000000000000006E
:10524000000000000000000000000000000000005E
:10525000000000000000000000000000000000004E
:1052600000000000007FFFFF000003F9FFFFFC00CB
:1052700000000000007FFFFF800007F9FFFFFE0035
:105280000000000000600001C0000E19800007004F
:1052900000000000006FFFFCC0001DD9BFFFF3003D
:1052A00000000000006FFFFEC0003BD9BFFFFB0005
:1052B00000000000006C0006C00077D9B0001B00A1
:1052C00000000000006C0006C000EED9B0001B001A
:1052D00000000000006C0006C001DCD9B0001B001B
:1052E00000000800006C0006C003B8D9B0001B0025
:1052F00000001800006FFFFEC0077FD9B0001B0040
:1053000000001800006FFFFCC00EFFD9B0001B00AA
:1053100000C0180000600001C01C0019B0001B0094
:1053200000C03800006FFBFF803BFFD9B0001B00BE
:1053300000C03000006FFDFF0077FFD9B0001B00F8
:1053400001E03000006C0EE000EE00D9B0001B0060
:1053500001E03000006C077001DC00D9B0001B00D8
:1053600001B03000006C03B803B800D9B0001B00D6
:1053700001B03000006C01DC077000D9B0001B00E8
:10538000019820C0406C00EE0EE000D9B0001B0078
:10539000030C20C0C06C00771DC000D9BFFFFB000C
:1053A000030C20C0C06C003BBB8000D9BFFFF300E2
:1053B000030620C1C06C001DF70000D98000070063
:1053C00003032083806C000EEE0000D9FFFFFE0077
:1053D0000303B183806C00075C0000D9FFFFFC0071
:1053E0000301F187800000000000000000000000C1
:1053F0000300F18D800000000000000000000000AC
:10540000030071B9800000000000000000000000EF
:10541000030031F1800000000000000000000000E7
:10542000030000C180000000000000000000000038
:105430000300000000000000000000000000000069
:105440000300000000000000000000000000000059
:10545000020000000000000000000000000000004A
:10546000000000000000000000000000000000003C
:10547000000000000000000000000000000000002C
:10548000000000000000000000000000000000001C
:10549000000000000000000000000000000000000C
:1054A00000000000000000000000000000000000FC
:1054B00000000000000000000000000000000000EC
:1054C00000000000000000000000000000000000DC
:1054D00000000000000000000000000000000000CC
:1054E00000000000000000000000000000000000BC
:1054F00000000000000000000000000000000000AC
:10550000000000000000000000000000000000009B
:10551000000000000000000000000000000000008B
:10552000000000000000000000000000000000007B
:10553000000000000000000000000000000000006B
:1055400000000000D8450100E4450100089CFF1F51
:1055500000000A0001000000D56900005565000048
:1055600000000000000000007842010070430100CC
:105570007C8EFF1F01001E000000000099780000D3
:105580008567000000000000010000002C420100BF
:105590000700000000000000CC440100CC440100E2
:1055A000749AFF1F00000300010000000171000059
:1055B000E170000000000000A042010000000201B4
:1055C00014000000308FFF1F000000006043010046
:1055D0006C4301000E9CFF1F00007F0001000000D3
:1055E00089760000D566000000000000A445010097
:1055F0000000060605000000D48FFF1F984501003B
:105600000000070605000000E88FFF1F8C45010021
:105610000000080605000000FC8FFF1F7C4501000C
:10562000000003010B0000001090FF1F00000000AD
:105630000C470100644601002C9CFF1F0000300055
:1056400000000000DD730000B564000000000000F1
:1056500000000000404601004C4601001C9CFF1F5A
:105660000000010001000000896D0000E5640000F9
:10567000000000002C4201000000040509000000A9
:105680003C90FF1F00000000D0460100644601006E
:10569000389CFF1F0000300000000000C9730000AC
:1056A000C5640000000000000000000094460100F6
:1056B00064460100449CFF1F000030000000000011
:1056C000B5730000D5640000000000000000000079
:1056D0006C420100704301007A8EFF1F010011002F
:1056E00000000000F1780000756700000000000075
:1056F000000000005844010058440100929AFF1F26
:1057000001000A0001000000F979000015660000A0
:1057100000000000000000000844010014440100E3
:105720003A8DFF1F03000F000000000049790000C0
:10573000C56500000000000000000000604201009C
:10574000704301007E8EFF1F01001E00000000005C
:1057500039770000656700000000000000000000CD
:10576000B8440100C04401008899FF1F01001000E7
:10577000060000007185000095650000D16D0000F5
:1057800000000000904301009C430100149CFF1F97
:105790000000050001000000696F0000F5660000D0
:1057A00000000000010000007C440100080000002F
:1057B000000000003844010038440100DC9AFF1F5B
:1057C00000000C000300000071830000F56500007C
:1057D00000000000000000004843010048430100B1
:1057E0000C9BFF1F0000040001000000296F000057
:1057F000C56600000000000000000000E842010053
:10580000E8420100FC9BFF1F00001F000000000099
:105810009D72000085660000000000002C01000061
:10582000ED6B00000600000009000000B08FFF1FB4
:105830000021110202000000002111020504FFFFF7
:105840004E7545564963303100FFFFFF7676764E40
:1058500075455649636363007676764E75455649BD
:105860006330346565767676767676767600FFFFF9
:10587000496E76616C696420636865636B73756DEE
:1058800000000000496E76616C696420636F6E668B
:1058900069672073697A6500496E76616C69642076
:1058A000636F6E6669672076657273696F6E00FF5D
:1058B000496E76616C696420636F6E666967206605
:1058C0006F726D617400FFFF4E7545564900000010
:1058D000496E76616C6964206D6573736167652ECE
:1058E00000000000653030006330300053656E64A6
:1058F000696E6720636F6E6669672E2E2E0000004A
:10590000436F6E6669672073656E742E0000000039
:105910006330330053656E64696E67207665727319
:10592000696F6E2E000000006330320052656365BF
:105930006976696E6720636F6E6669672E2E2E002A
:105940004E657720636F6E66696720736176656464
:105950002E000000556E6B6E6F776E206D65737351
:105960006167652E0000000065303100436F6E6690
:105970006967206D676D7400506F776572206F6680
:1059800066204E7545564900746F2065786974002D
:1059900052656164792E00FF003E7FFF3480044031
:1059A000800000001EFFFFFFFF02000000001DFF3F
:1059B000FFFFFF02000000001900000034800440D7
:1059C000400000001211FFFFFF0202000000131050
:1059D000FFFFFF02020000001800000000000000AE
:1059E000000000004DB3000075B3000001B30000DB
:1059F00049B3000005B3000011B3000031B300004B
:105A00000000000000018000000000000000000015
:105A1000038000000000000000000007C00000003C
:105A200000000000000007C00000000000000000AF
:105A3000000FC00000000000000000001FE0000098
:105A4000000000000000001FE00000000000000057
:105A500000003FE00000000000000000003FF000F8
:105A600000000000000000007FF0000000000000C7
:105A7000001FF87FF0000000000000003FFE7FF0F4
:105A8000000000000000003FFF7FF0000000000069
:105A900000001FFFFBE0000000000000000FFFF906
:105AA000FFC00000000000000FFFF9FFF800000039
:105AB00000000007FFF1FFFF00000000000003FCF2
:105AC00073FFFF80000000000001FE3FFFFF800029
:105AD0000000000000FF1E0FFF000000000000009B
:105AE0007FFE1FFC000000000000003FFFFFF800E9
:105AF0000000000000000FDFFFE0000000000000D9
:105B0000001F19FFC0000000000000003F3CFF0024
:105B1000000000000000007E7CF800000000000093
:105B200000007FFE7C0000000000000000FFFFFC82
:105B30000000000000000000FFFFFE000000000069
:105B4000000000FFFFFE0000000000000001FFEF6A
:105B5000FE0000000000000001FFCFFE000000007A
:105B600000000003FF07FE0000000000000003FC2F
:105B700007FE0000000000000003F003FE0000002C
:105B800000000000018000FE000000000000000096
:105B900000007E000000000000000000003E000049
:105BA00000000000000000000C00000000000007E2
:105BB0008000FC000003C0000000078001FC000022
:105BC00003C0000000078001FC000003C0000000CB
:105BD000078001E00000001E000000078001E000D7
:105BE00000001E007FE3F79FF9FDE7787BDFC0FF31
:105BF000F7FFBFFDFDFF787BDFC0FFF7FFBFFDFDB7
:105C0000FF787BDFC0F0F787BC3DE1FF787BDE00EB
:105C1000F0F787BC3DE1F0787BDE0000F787803D40
:105C2000E1E0787BDE007FF7879FFDE1E0787BDEB7
:105C300000FFF787BFFDE1E0787BDE00F0F787BC6F
:105C40003DE1E0787BDE00F0F787BC3DE1E0787B6A
:105C5000DE00F0F787BC3DE1E0787BDE00FFF7FF78
:105C6000BFFDE1E07FFBDFC0FFF7FFBFFDE1E07FAD
:105C7000FBDFC07CF3F39F3DE1E03E7BCFC0000043
:105C8000000000000000000000FFFFFFFFFFFFFF1B
:105C9000FFFFFFC0FFFFFFFFFD68DB111A31C0FFF0
:105CA000FFFFFFFD2B5AFB6AEFC0FFFFFFFFFD4B1D
:105CB0005B3B1A33C0FFFFFFFFFD6B5BDB6AFDC080
:105CC0000000600000000000000000000000000074
:105CD00000E00000000000000000000000000001E3
:105CE000E00000000000000000000000000001F0E3
:105CF0000000000000000000000000000003F000B1
:105D000000000000000000000000000007F000009C
:105D1000000000000000000000000007F800000084
:105D2000000000000000000000000FF80000000369
:105D3000C0007E000001E0007F0FF800000003C0FB
:105D400000FE000001E000FFEFF800000003C000CB
:105D5000FE000001E000FFFFF800000003C000F0BB
:105D60000000000F007FFE7FC0000003C000F000B5
:105D700000000F003FFE7FF83FF1FBCFFCFEF3BCBD
:105D80003DEFE01FFE7FFF7FFBFFDFFEFEFFBC3D20
:105D9000EFE01FC6FFFF7FFBFFDFFEFEFFBC3DEF16
:105DA000E00FE3C7FE787BC3DE1EF0FFBC3DEF00D3
:105DB00007FF87FC787BC3DE1EF0F83C3DEF000157
:105DC000FFFFF0007BC3C01EF0F03C3DEF0001F38D
:105DD0007FE03FFBC3CFFEF0F03C3DEF0003E33F2D
:105DE000807FFBC3DFFEF0F03C3DEF0007E73C00A7
:105DF000787BC3DE1EF0F03C3DEF0007FFBE00786D
:105E00007BC3DE1EF0F03C3DEF0007FFFE00787B19
:105E1000C3DE1EF0F03C3DEF000FFFFE007FFBFFF6
:105E2000DFFEF0F03FFDEFE00FFFFF007FFBFFDF45
:105E3000FEF0F03FFDEFE00FF9FF003E79F9CF9E55
:105E4000F0F01F3DE7E01FF1FF0000000000000040
:105E500000000000001F80FF007FFFFFFFFFFFFF2B
:105E6000FFFFFFE01C007F007FFFFFFFFEB46D8897
:105E70008D18E000001F007FFFFFFFFE95AD7DB590
:105E800077E000000F007FFFFFFFFEA5AD9D8D199D
:105E9000E0000006007FFFFFFFFEB5ADEDB57EE040
:105EA000000000000000000041DE000005E50000E9
:105EB00001B3000031C7000035C70000C9D400009D
:105EC000CDD4000001D50000D9D40000EDD40000ED
:105ED00009D80000C9D400003DD50000D9CB00008E
:105EE00071CA000001CA0000A9D6000019D500003F
:105EF00005D600003DD700000080C0E0F0F8FCFEB1
:105F0000000103070F1F3F7FAED580A8D300408D4F
:105F10002000A1C8DB40A4A62EAFFFFF2200FF2176
:105F200000FFFFFF00000000003E5B4F5B3E3E6B4A
:105F30004F6B3E1C3E7C3E1C183C7E3C181C577D23
:105F4000571C1C5E7F5E1C00183C1800FFE7C3E76F
:105F5000FF0018241800FFE7DBE7FF30483A060E81
:105F60002629792926407F050507407F05253F5AC8
:105F70003CE73C5A7F3E1C1C08081C1C3E7F142238
:105F80007F22145F5F005F5F06097F017F006689E3
:105F9000956A606060606094A2FFA29408047E0429
:105FA0000810207E201008082A1C08081C2A08084F
:105FB0001E101010100C1E0C1E0C30383E3830060F
:105FC0000E3E0E06000000000000005F000000070B
:105FD000000700147F147F14242A7F2A1223130839
:105FE000646236495620500008070300001C224115
:105FF000000041221C002A1C7F1C2A08083E0808B9
:106000000080703000080808080800006060002068
:10601000100804023E5149453E00427F400072494B
:106020004949462141494D331814127F10274545EF
:1060300045393C4A49493141211109073649494905
:1060400036464949291E0000140000004034000073
:1060500000081422411414141414004122140802DC
:10606000015909063E415D594E7C1211127C7F494F
:106070004949363E414141227F4141413E7F4949A4
:1060800049417F090909013E414151737F080808D0
:106090007F00417F41002040413F017F08142241A1
:1060A0007F404040407F021C027F7F0408107F3EFB
:1060B0004141413E7F090909063E4151215E7F0968
:1060C000192946264949493203017F01033F4040CF
:1060D000403F1F2040201F3F4038403F63140814BA
:1060E0006303047804036159494D43007F414141F2
:1060F0000204081020004141417F040201020440D3
:1061000040404040000307080020545478407F2856
:106110004444383844444428384444287F3854544C
:10612000541800087E090218A4A49C787F0804046F
:106130007800447D40002040403D007F102844000E
:1061400000417F40007C047804787C08040478389F
:1061500044444438FC1824241818242418FC7C08CF
:10616000040408485454542404043F44243C40404C
:10617000207C1C2040201C3C4030403C44281028FF
:10618000444C9090907C4464544C44000836410048
:106190000000770000004136080002010204023CC2
:1061A0002623263C1EA1A161123A4040207A385491
:1061B000545559215555794122545478422155540A
:1061C000784020545579400C1E527212395555555D
:1061D00059395454545939555454580000457C4148
:1061E0000002457D420001457C407D1211127DF088
:1061F000282528F07C545545002054547C547C0AB2
:10620000097F4932494949323A4444443A324A487A
:1062100048303A4141217A3A42402078009DA0A07E
:106220007D3D4242423D3D4040403D3C24FF2424D0
:10623000487E4943662B2FFC2F2BFF0929F620C0EF
:10624000887E090320545479410000447D41304840
:10625000484A32384040227A007A0A0A727D0D1983
:10626000317D2629292F28262929292630484D40E5
:1062700020380808080808080808382F10C8ACBAE1
:106280002F102834FA00007B000008142A14222260
:10629000142A14085500550055AA55AA55AAFF55A9
:1062A000FF55FF000000FF00101010FF0014141431
:1062B000FF001010FF00FF1010F010F0141414FC79
:1062C000001414F700FF0000FF00FF1414F404FC96
:1062D000141417101F10101F101F1414141F001077
:1062E0001010F0000000001F101010101F101010F0
:1062F00010F010000000FF101010101010101010FF
:10630000FF10000000FF140000FF00FF00001F103E
:10631000170000FC04F414141710171414F404F4F8
:106320000000FF00F714141414141414F700F714E9
:106330001414171410101F101F141414F414101038
:10634000F010F000001F101F0000001F14000000DC
:10635000FC140000F010F01010FF10FF141414FFD4
:10636000141010101F00000000F010FFFFFFFFFFCF
:10637000F0F0F0F0F0FFFFFF0000000000FFFF0F63
:106380000F0F0F0F3844443844FC4A4A4A347E0207
:10639000020606027E027E02635549416338444488
:1063A0003C04407E201E2006027E020299A5E7A53D
:1063B000991C2A492A1C4C7201724C304A4D4D30AE
:1063C0003048784830BC625A463D3E494949007ED3
:1063D0000101017E2A2A2A2A2A44445F444440516A
:1063E0004A444040444A51400000FF0103E080FF1E
:1063F000000008086B6B083612362436060F090FAA
:1064000006000018180000001010003040FF0101C5
:10641000001F01011E00191D1712003C3C3C3C00EE
:1064200000000000000000000000000041DE00004D
:1064300005E5000001B3000031C7000019EC0000C1
:10644000C9D40000CDD4000001D50000D9D400008B
:10645000EDD4000009D80000C9D400003DD50000EB
:1064600039D5000059D50000B1D50000A9D60000EB
:1064700019D5000005D600003DD7000000FFFFFF42
:1064800000000000000000000DE0000031E000000E
:10649000C1E00000BDE00000B9E00000B5E0000090
:1064A000B1E00000D5DF000091E000008DE00000C9
:1064B00085E000007DE0000075E0000065E0000080
:1064C00055E0000051E0000049E0000041E000001C
:1064D000E5E0000005E1000025E10000C5E0000066
:1064E00019E0000001E000000000000000000000D2
:1064F0007DE10000A1E1000031E200002DE200009A
:1065000029E2000025E2000021E2000045E1000050
:1065100001E20000FDE10000F5E10000EDE1000016
:10652000E5E10000D5E10000C5E10000C1E10000A7
:10653000B9E10000B1E1000055E2000075E20000A1
:1065400095E2000035E2000089E1000071E1000001
:10655000B9E20000BDE20000C1E20000C5E20000B7
:10656000050E08090D0C06070F0400130393050E12
:1065700008090D0C06070F04FFFFC585848687C434
:10658000FFFF001303931A9217FFFFFF6FF07F03C3
:106590000370037813F0800FFBD0704708000000F1
:1065A0000C0000000A000000090000000B000000C1
:1065B0004008FE4340A004404408FE4344A0044079
:1065C0000018FE4300C004403000FE4330900440F9
:1065D0003400FE43349004401C18FE431CC00440A9
:1065E0001018FE4310C004400818FE4308C00440C1
:1065F0000C18FE430CC004400C10FE430CB00440C9
:106600001010FE4310B004401810FE4318B00440B0
:106610001C10FE431CB004401410FE4314B0044090
:106620000418FE4304C004400010FE4300B00440C0
:106630000008FE4300A004400408FE4304A00440F8
:106640000C08FE430CA004400808FE4308A00440C8
:106650001418FE4314C004401818FE4318C0044028
:106660000410FE4304B004400810FE4308B0044088
:106670001400FE43149004404C08FE434CA0044018
:106680000420FE4304D004402410FE4324B0044000
:106690002010FE4320B004402810FE4328B00440E0
:1066A0002C10FE432CB004400020FE4300D00440D8
:1066B0004808FE4348A004401000FE4310900440E8
:1066C000090AFFFFFFFFFFFFFFFFFFFFFFFFFF0DB7
:1066D00000060807FFFF0E0FFF0CFFFFFFFFFFFF85
:1066E0000B05FFFF00010000D093FF1F1200000008
:1066F000000200003893FF1F950000000503090405
:106700000094FF1F0000000000030000E493FF1F3F
:106710000000000001030904E893FF1F00000000CF
:10672000020309046090FF1F000000000303090436
:106730001094FF1F00000000000000000000000097
:10674000000000001519151519FFFFFF0000003F9C
:10675000000000BF8071313F807131BFD1F7173722
:10676000D1F717B7F8B500BFF8BC08BC9E46704714
:10677000652E01003504000041540000A98000008E
:086780006DAF0000CDE4000044
:04678800F8B500BFA1
:08678C0088B2FF7F010000004C
:1067940038B50A4B0A4DD3F8A040C3F8A04005E031
:1067A40055F823309847631E1C4005D094FAA4F38F
:1067B400B3FA83F3002CF3D138BD00BF00D00440FA
:1067C400FC92FF1F38B50A4B0A4DD3F8A040C3F81A
:1067D400A04005E055F823309847631E1C4005D0BF
:1067E40094FAA4F3B3FA83F3002CF3D138BD00BFB9
:1067F40000C00440DC92FF1F38B50A4B0A4DD3F8A1
:10680400A040C3F8A04005E055F823309847631E24
:106814001C4005D094FAA4F3B3FA83F3002CF3D10B
:1068240038BD00BF00B00440AC92FF1F38B50A4B1E
:106834000A4DD3F8A040C3F8A04005E055F8233032
:106844009847631E1C4005D094FAA4F3B3FA83F36B
:10685400002CF3D138BD00BF00A004405C92FF1FA0
:1068640038B50A4B0A4DD3F8A040C3F8A04005E060
:1068740055F823309847631E1C4005D094FAA4F3BE
:10688400B3FA83F3002CF3D138BD00BF0090044069
:106894002492FF1F00000000010006005A000000BF
:1068A400F3FFFFFFDFFFFFFFA3FFFFFFAEFFFFFFCD
:1068B40073000000760000000200000004000000E5
:1068C400D8FFFFFFB5FFFFFFA2FFFFFFA8FFFFFFF9
:1068D400BCFFFFFFE1FFFFFF0D000000040000000C
:1068E4007800000079000000BCFFFFFFABFFFFFF52
:1068F400DEFFFFFF1700000057000000100000003B
:106904000A00000008000000150000001800000044
:1069140029000000000102070B0102070B4A1403BF
:106924000000F0411E0000000020000000200000D4
:106934000020000000100000AB0A00000008000066
:1069440066060000550500009204000000040000E3
:106954008E03000033030000E8020000AB020000D5
:106964000020000000200000F3FFFFFFF4FFFFFF02
:10697400F5FFFFFFF6FFFFFFF7FFFFFFF8FFFFFF45
:10698400F9FFFFFFFAFFFFFFFBFFFFFFFCFFFFFF25
:10699400FDFFFFFFFDFFFFFFFDFFFFFFFEFFFFFF0A
:1069A400FFFFFFFF00000000FBFFFFFF00000000EF
:1069B40000000000000000000000000000000000D3
:1069C400000000000000000000000000240000009F
:1069D4001405000006000200020002000C000C0076
:1069E400F3FFFFFFF4FFFFFFF5FFFFFFF6FFFFFFDD
:1069F400F7FFFFFFF8FFFFFFF9FFFFFFFAFFFFFFBD
:106A0400FBFFFFFFFCFFFFFFFDFFFFFFFDFFFFFF9D
:106A1400FDFFFFFFFEFFFFFFFFFFFFFFFFFFFFFF85
:106A2400000000000000000001000000020000005F
:106A34000200000002000000030000000400000047
:106A4400050000000600000007000000FFFFFFFF34
:106A5400D83E0100203F0100083F0100383F0100FB
:106A6400F03E0100C03E010001000400504B010053
:106A7400144E0100F05601002C4B01009C4D010006
:106A8400B0570100784D0100C04A010014570100BD
:106A94008849010074480100C44C0100484A0100BF
:106AA400805701001C4F0100C855010088550100A2
:106AB400D4570100984B0100A44E01001C51010061
:106AC400744B0100F8570100C84E01006C4A0100E4
:106AD4005C4E010040490100F84E0100804E010067
:106AE400A04C01007C4C0100284C0100004A01002C
:106AF40094550100BC4B0100384E0100A44801002C
:106B0400DC490100B8490100084B0100CC500100E8
:106B140060500100F84801005C570100B44A0100CC
:106B240098480100AC49010068480100C8480100C8
:106B3400A45701002C560100E84C01000C4D010043
:106B4400304D0100544D010084560100404F0100B6
:106B5400644F0100884F0100AC4F0100A8560100AA
:106B6400D04F0100F44F0100185001003C500100C7
:106B740040550100D44801001C4901004C4C01005F
:106B8400244A0100044C0100E04B0100505601006E
:106B9400904A01009C4A0100A84A0100C04D01002E
:106BA400E44A010064490100E44D01006455010018
:106BB400CC56010038570100A85001008450010050
:106BC40016034E00750045005600490020004D0094
:106BD4004900440049000000E4590100000000009D
:106BE400E80300000000000000600640BC590100FA
:106BF4000000000000000000000000000000000091
:106C04000000000000000000000000000000000080
:106C14000000000000000000000000000000000070
:106C24000000000000000000000000000000000060
:106C34000000000000000000000000000000000050
:106C44000000000000000000000000000000000040
:106C54000000000000000000000000000000000030
:106C64000000000000000000000000000000000020
:106C74000000000000000000000000000000000010
:106C84000000000000000000000000000000000000
:106C940000000000E459010000000000E8030000C7
:106CA40000000000007006409C5901000000000034
:106CB40000000000000000000000000000000000D0
:106CC40000000000000000000000000000000000C0
:106CD40000000000000000000000000000000000B0
:106CE40000000000000000000000000000000000A0
:106CF4000000000000000000000000000000000090
:106D0400000000000000000000000000000000007F
:106D1400000000000000000000000000000000006F
:106D2400000000000000000000000000000000005F
:106D3400000000000000000000000000000000004F
:106D4400000000000000000000000000000000003F
:106D54008864010000000000E80300000000000057
:106D640061040100F064010000000000E803000079
:106D740000000000650401000A040000D4A4FF1F01
:106D840008000000C5EC0000C5EC0000C5EC0000E4
:106D9400C5EC0000C5EC0000C5EC0000C5EC00002B
:106DA400C5EC0000C5EC0000C5EC0000C5EC00001B
:106DB400C5EC0000C5EC0000C5EC0000C5EC00000B
:106DC400C5EC0000C5EC0000C5EC0000C5EC0000FB
:106DD400C5EC0000C5EC0000C5EC0000C5EC0000EB
:106DE400C5EC0000C5EC0000C5EC0000C5EC0000DB
:106DF400C5EC0000C5EC0000C5EC0000C5EC0000CB
:106E0400C5EC0000C5EC0000C5EC0000C5EC0000BA
:106E1400C5EC0000C5EC0000C5EC0000C5EC0000AA
:106E2400C5EC0000C5EC0000C5EC0000C5EC00009A
:106E3400C5EC0000C5EC0000C5EC0000C5EC00008A
:106E4400C5EC0000C5EC0000C5EC0000C5EC00007A
:106E5400C5EC0000C5EC0000C5EC0000C5EC00006A
:106E6400C5EC0000280000001A00000040000000EB
:106E740009000000280000000A00000028000000AB
:106E84001A00000040000000280000000801010072
:106E9400FFFFFFFF0100000009029500030100C08D
:106EA40032080B0002020201000904000001020280
:106EB4000100052400100105240101010424020637
:106EC40005240600010705810310004009040100A0
:106ED400020A0000000705020240000007058302C1
:106EE400400000090402000201030000072401001D
:106EF40001250006240201010506240202020509F7
:106F04002403010301020105092403020401010110
:106F140005090505024000000000052501010109DD
:106F24000584024000000000052501010300000063
:106F34001201100100000040C0168904750201020C
:106F440003010000040309041803540065006500EC
:106F54006E00730079006400750069006E006F00B4
:106F64000E0350006F007200740020003100000016
:106F74000C030000000000000000000000000000FE
:106F840000000000000000000000000000000000FD
:106F94002894FF1F2894FF1F3094FF1F3094FF1F75
:106FA4003894FF1F3894FF1F4094FF1F4094FF1F25
:106FB4004894FF1F4894FF1F5094FF1F5094FF1FD5
:106FC4005894FF1F5894FF1F6094FF1F6094FF1F85
:106FD4006894FF1F6894FF1F7094FF1F7094FF1F35
:106FE4007894FF1F7894FF1F8094FF1F8094FF1FE5
:106FF4008894FF1F8894FF1F9094FF1F9094FF1F95
:107004009894FF1F9894FF1FA094FF1FA094FF1F44
:10701400A894FF1FA894FF1FB094FF1FB094FF1FF4
:10702400B894FF1FB894FF1FC094FF1FC094FF1FA4
:10703400C894FF1FC894FF1FD094FF1FD094FF1F54
:10704400D894FF1FD894FF1FE094FF1FE094FF1F04
:10705400E894FF1FE894FF1FF094FF1FF094FF1FB4
:10706400F894FF1FF894FF1F0095FF1F0095FF1F62
:107074000895FF1F0895FF1F1095FF1F1095FF1F10
:107084001895FF1F1895FF1F2095FF1F2095FF1FC0
:107094002895FF1F2895FF1F3095FF1F3095FF1F70
:1070A4003895FF1F3895FF1F4095FF1F4095FF1F20
:1070B4004895FF1F4895FF1F5095FF1F5095FF1FD0
:1070C4005895FF1F5895FF1F6095FF1F6095FF1F80
:1070D4006895FF1F6895FF1F7095FF1F7095FF1F30
:1070E4007895FF1F7895FF1F8095FF1F8095FF1FE0
:1070F4008895FF1F8895FF1F9095FF1F9095FF1F90
:107104009895FF1F9895FF1FA095FF1FA095FF1F3F
:10711400A895FF1FA895FF1FB095FF1FB095FF1FEF
:10712400B895FF1FB895FF1FC095FF1FC095FF1F9F
:10713400C895FF1FC895FF1FD095FF1FD095FF1F4F
:10714400D895FF1FD895FF1FE095FF1FE095FF1FFF
:10715400E895FF1FE895FF1FF095FF1FF095FF1FAF
:10716400F895FF1FF895FF1F0096FF1F0096FF1F5D
:107174000896FF1F0896FF1F1096FF1F1096FF1F0B
:107184001896FF1F1896FF1F2096FF1F2096FF1FBB
:107194002896FF1F2896FF1F3096FF1F3096FF1F6B
:1071A4003896FF1F3896FF1F4096FF1F4096FF1F1B
:1071B4004896FF1F4896FF1F5096FF1F5096FF1FCB
:1071C4005896FF1F5896FF1F6096FF1F6096FF1F7B
:1071D4006896FF1F6896FF1F7096FF1F7096FF1F2B
:1071E4007896FF1F7896FF1F8096FF1F8096FF1FDB
:1071F4008896FF1F8896FF1F9096FF1F9096FF1F8B
:107204009896FF1F9896FF1FA096FF1FA096FF1F3A
:10721400A896FF1FA896FF1FB096FF1FB096FF1FEA
:10722400B896FF1FB896FF1FC096FF1FC096FF1F9A
:10723400C896FF1FC896FF1FD096FF1FD096FF1F4A
:10724400D896FF1FD896FF1FE096FF1FE096FF1FFA
:10725400E896FF1FE896FF1FF096FF1FF096FF1FAA
:10726400F896FF1FF896FF1F0097FF1F0097FF1F58
:107274000897FF1F0897FF1F1097FF1F1097FF1F06
:107284001897FF1F1897FF1F2097FF1F2097FF1FB6
:107294002897FF1F2897FF1F3097FF1F3097FF1F66
:1072A4003897FF1F3897FF1F4097FF1F4097FF1F16
:1072B4004897FF1F4897FF1F5097FF1F5097FF1FC6
:1072C4005897FF1F5897FF1F6097FF1F6097FF1F76
:1072D4006897FF1F6897FF1F7097FF1F7097FF1F26
:1072E4007897FF1F7897FF1F8097FF1F8097FF1FD6
:1072F4008897FF1F8897FF1F9097FF1F9097FF1F86
:107304009897FF1F9897FF1FA097FF1FA097FF1F35
:10731400A897FF1FA897FF1FB097FF1FB097FF1FE5
:10732400B897FF1FB897FF1FC097FF1FC097FF1F95
:10733400C897FF1FC897FF1FD097FF1FD097FF1F45
:10734400D897FF1FD897FF1FE097FF1FE097FF1FF5
:10735400E897FF1FE897FF1FF097FF1FF097FF1FA5
:10736400F897FF1FF897FF1F0098FF1F0098FF1F53
:107374000898FF1F0898FF1F1098FF1F1098FF1F01
:107384001898FF1F1898FF1F2098FF1F2098FF1FB1
:10739400FFFFFFFF0000020000000000FCA1FF1F30
:1073A40064A2FF1FCCA2FF1F000000000000000029
:1073B40000000000000000000000000000000000C9
:1073C40000000000000000000000000000000000B9
:1073D40000000000000000000000000000000000A9
:1073E4000000000000000000000000000000000099
:1073F4000000000000000000000000000000000089
:107404000000000000000000000000000000000078
:107414000000000000000000000000000000000068
:107424000000000000000000000000000000000058
:1074340001000000000000000E33CDAB34126DE6F5
:10744400ECDE05000B00000000000000000000005E
:107454000000000000000000000000000000000028
:107464000000000000000000000000000000000018
:107474000000000000000000000000000000000008
:1074840000000000000000000000000000000000F8
:1074940000000000000000000000000000000000E8
:1074A40000000000000000000000000000000000D8
:1074B40000000000000000003898FF1F38A3FF1FE1
:00000001FF
